ref_year,region_code,gender,age_group,characteristic,value,uom
2020,AB,Total,15 to 24 years,Employment,242.3,Persons in thousands
2020,AB,Total,15 to 24 years,Employment rate,46.6,Percent
2020,AB,Total,15 to 24 years,Full-time employment,131.2,Persons in thousands
2020,AB,Total,15 to 24 years,Labour force,320.5,Persons in thousands
2020,AB,Total,15 to 24 years,Not in labour force,199.2,Persons in thousands
2020,AB,Total,15 to 24 years,Part-time employment,111.1,Persons in thousands
2020,AB,Total,15 to 24 years,Participation rate,61.7,Percent
2020,AB,Total,15 to 24 years,Population,519.7,Persons in thousands
2020,AB,Total,15 to 24 years,Proportion employed full-time,54.1,Percent
2020,AB,Total,15 to 24 years,Proportion employed part-time,45.9,Percent
2020,AB,Total,15 to 24 years,Unemployment,78.2,Persons in thousands
2020,AB,Total,15 to 24 years,Unemployment rate,24.4,Percent
2020,AB,Total,15 to 64 years,Employment,2046.7,Persons in thousands
2020,AB,Total,15 to 64 years,Employment rate,70.0,Percent
2020,AB,Total,15 to 64 years,Full-time employment,1699.4,Persons in thousands
2020,AB,Total,15 to 64 years,Labour force,2314.1,Persons in thousands
2020,AB,Total,15 to 64 years,Not in labour force,608.2,Persons in thousands
2020,AB,Total,15 to 64 years,Part-time employment,347.3,Persons in thousands
2020,AB,Total,15 to 64 years,Participation rate,79.2,Percent
2020,AB,Total,15 to 64 years,Population,2922.4,Persons in thousands
2020,AB,Total,15 to 64 years,Proportion employed full-time,83.0,Percent
2020,AB,Total,15 to 64 years,Proportion employed part-time,17.0,Percent
2020,AB,Total,15 to 64 years,Unemployment,267.4,Persons in thousands
2020,AB,Total,15 to 64 years,Unemployment rate,11.6,Percent
2020,AB,Total,15 years and over,Employment,2137.1,Persons in thousands
2020,AB,Total,15 years and over,Employment rate,61.1,Percent
2020,AB,Total,15 years and over,Full-time employment,1753.4,Persons in thousands
2020,AB,Total,15 years and over,Labour force,2411.8,Persons in thousands
2020,AB,Total,15 years and over,Not in labour force,1088.1,Persons in thousands
2020,AB,Total,15 years and over,Part-time employment,383.7,Persons in thousands
2020,AB,Total,15 years and over,Participation rate,68.9,Percent
2020,AB,Total,15 years and over,Population,3499.9,Persons in thousands
2020,AB,Total,15 years and over,Proportion employed full-time,82.0,Percent
2020,AB,Total,15 years and over,Proportion employed part-time,18.0,Percent
2020,AB,Total,15 years and over,Unemployment,274.7,Persons in thousands
2020,AB,Total,15 years and over,Unemployment rate,11.4,Percent
2020,AB,Total,25 to 54 years,Employment,1466.0,Persons in thousands
2020,AB,Total,25 to 54 years,Employment rate,78.9,Percent
2020,AB,Total,25 to 54 years,Full-time employment,1281.2,Persons in thousands
2020,AB,Total,25 to 54 years,Labour force,1613.1,Persons in thousands
2020,AB,Total,25 to 54 years,Not in labour force,245.4,Persons in thousands
2020,AB,Total,25 to 54 years,Part-time employment,184.8,Persons in thousands
2020,AB,Total,25 to 54 years,Participation rate,86.8,Percent
2020,AB,Total,25 to 54 years,Population,1858.5,Persons in thousands
2020,AB,Total,25 to 54 years,Proportion employed full-time,87.4,Percent
2020,AB,Total,25 to 54 years,Proportion employed part-time,12.6,Percent
2020,AB,Total,25 to 54 years,Unemployment,147.1,Persons in thousands
2020,AB,Total,25 to 54 years,Unemployment rate,9.1,Percent
2020,BC,Total,15 to 24 years,Employment,304.8,Persons in thousands
2020,BC,Total,15 to 24 years,Employment rate,50.0,Percent
2020,BC,Total,15 to 24 years,Full-time employment,154.8,Persons in thousands
2020,BC,Total,15 to 24 years,Labour force,375.5,Persons in thousands
2020,BC,Total,15 to 24 years,Not in labour force,233.6,Persons in thousands
2020,BC,Total,15 to 24 years,Part-time employment,150.0,Persons in thousands
2020,BC,Total,15 to 24 years,Participation rate,61.6,Percent
2020,BC,Total,15 to 24 years,Population,609.1,Persons in thousands
2020,BC,Total,15 to 24 years,Proportion employed full-time,50.8,Percent
2020,BC,Total,15 to 24 years,Proportion employed part-time,49.2,Percent
2020,BC,Total,15 to 24 years,Unemployment,70.8,Persons in thousands
2020,BC,Total,15 to 24 years,Unemployment rate,18.9,Percent
2020,BC,Total,15 to 64 years,Employment,2388.9,Persons in thousands
2020,BC,Total,15 to 64 years,Employment rate,70.5,Percent
2020,BC,Total,15 to 64 years,Full-time employment,1922.8,Persons in thousands
2020,BC,Total,15 to 64 years,Labour force,2631.4,Persons in thousands
2020,BC,Total,15 to 64 years,Not in labour force,755.5,Persons in thousands
2020,BC,Total,15 to 64 years,Part-time employment,466.1,Persons in thousands
2020,BC,Total,15 to 64 years,Participation rate,77.7,Percent
2020,BC,Total,15 to 64 years,Population,3386.9,Persons in thousands
2020,BC,Total,15 to 64 years,Proportion employed full-time,80.5,Percent
2020,BC,Total,15 to 64 years,Proportion employed part-time,19.5,Percent
2020,BC,Total,15 to 64 years,Unemployment,242.5,Persons in thousands
2020,BC,Total,15 to 64 years,Unemployment rate,9.2,Percent
2020,BC,Total,15 years and over,Employment,2527.3,Persons in thousands
2020,BC,Total,15 years and over,Employment rate,58.6,Percent
2020,BC,Total,15 years and over,Full-time employment,1996.8,Persons in thousands
2020,BC,Total,15 years and over,Labour force,2781.1,Persons in thousands
2020,BC,Total,15 years and over,Not in labour force,1532.8,Persons in thousands
2020,BC,Total,15 years and over,Part-time employment,530.5,Persons in thousands
2020,BC,Total,15 years and over,Participation rate,64.5,Percent
2020,BC,Total,15 years and over,Population,4313.8,Persons in thousands
2020,BC,Total,15 years and over,Proportion employed full-time,79.0,Percent
2020,BC,Total,15 years and over,Proportion employed part-time,21.0,Percent
2020,BC,Total,15 years and over,Unemployment,253.8,Persons in thousands
2020,BC,Total,15 years and over,Unemployment rate,9.1,Percent
2020,BC,Total,25 to 54 years,Employment,1651.9,Persons in thousands
2020,BC,Total,25 to 54 years,Employment rate,79.8,Percent
2020,BC,Total,25 to 54 years,Full-time employment,1423.6,Persons in thousands
2020,BC,Total,25 to 54 years,Labour force,1788.2,Persons in thousands
2020,BC,Total,25 to 54 years,Not in labour force,283.1,Persons in thousands
2020,BC,Total,25 to 54 years,Part-time employment,228.3,Persons in thousands
2020,BC,Total,25 to 54 years,Participation rate,86.3,Percent
2020,BC,Total,25 to 54 years,Population,2071.3,Persons in thousands
2020,BC,Total,25 to 54 years,Proportion employed full-time,86.2,Percent
2020,BC,Total,25 to 54 years,Proportion employed part-time,13.8,Percent
2020,BC,Total,25 to 54 years,Unemployment,136.3,Persons in thousands
2020,BC,Total,25 to 54 years,Unemployment rate,7.6,Percent
2020,CA,Total,15 to 24 years,Employment,2211.0,Persons in thousands
2020,CA,Total,15 to 24 years,Employment rate,49.7,Percent
2020,CA,Total,15 to 24 years,Full-time employment,1149.9,Persons in thousands
2020,CA,Total,15 to 24 years,Labour force,2766.9,Persons in thousands
2020,CA,Total,15 to 24 years,Not in labour force,1682.2,Persons in thousands
2020,CA,Total,15 to 24 years,Part-time employment,1061.1,Persons in thousands
2020,CA,Total,15 to 24 years,Participation rate,62.2,Percent
2020,CA,Total,15 to 24 years,Population,4449.1,Persons in thousands
2020,CA,Total,15 to 24 years,Proportion employed full-time,52.0,Percent
2020,CA,Total,15 to 24 years,Proportion employed part-time,48.0,Percent
2020,CA,Total,15 to 24 years,Unemployment,555.9,Persons in thousands
2020,CA,Total,15 to 24 years,Unemployment rate,20.1,Percent
2020,CA,Total,15 to 64 years,Employment,17232.6,Persons in thousands
2020,CA,Total,15 to 64 years,Employment rate,70.1,Percent
2020,CA,Total,15 to 64 years,Full-time employment,14333.8,Persons in thousands
2020,CA,Total,15 to 64 years,Labour force,19092.5,Persons in thousands
2020,CA,Total,15 to 64 years,Not in labour force,5489.4,Persons in thousands
2020,CA,Total,15 to 64 years,Part-time employment,2898.8,Persons in thousands
2020,CA,Total,15 to 64 years,Participation rate,77.7,Percent
2020,CA,Total,15 to 64 years,Population,24581.9,Persons in thousands
2020,CA,Total,15 to 64 years,Proportion employed full-time,83.2,Percent
2020,CA,Total,15 to 64 years,Proportion employed part-time,16.8,Percent
2020,CA,Total,15 to 64 years,Unemployment,1859.9,Persons in thousands
2020,CA,Total,15 to 64 years,Unemployment rate,9.7,Percent
2020,CA,Total,15 years and over,Employment,18068.5,Persons in thousands
2020,CA,Total,15 years and over,Employment rate,58.1,Percent
2020,CA,Total,15 years and over,Full-time employment,14829.7,Persons in thousands
2020,CA,Total,15 years and over,Labour force,19999.8,Persons in thousands
2020,CA,Total,15 years and over,Not in labour force,11074.9,Persons in thousands
2020,CA,Total,15 years and over,Part-time employment,3238.8,Persons in thousands
2020,CA,Total,15 years and over,Participation rate,64.4,Percent
2020,CA,Total,15 years and over,Population,31074.6,Persons in thousands
2020,CA,Total,15 years and over,Proportion employed full-time,82.1,Percent
2020,CA,Total,15 years and over,Proportion employed part-time,17.9,Percent
2020,CA,Total,15 years and over,Unemployment,1931.3,Persons in thousands
2020,CA,Total,15 years and over,Unemployment rate,9.7,Percent
2020,CA,Total,25 to 54 years,Employment,11874.8,Persons in thousands
2020,CA,Total,25 to 54 years,Employment rate,79.6,Percent
2020,CA,Total,25 to 54 years,Full-time employment,10561.4,Persons in thousands
2020,CA,Total,25 to 54 years,Labour force,12893.5,Persons in thousands
2020,CA,Total,25 to 54 years,Not in labour force,2028.9,Persons in thousands
2020,CA,Total,25 to 54 years,Part-time employment,1313.4,Persons in thousands
2020,CA,Total,25 to 54 years,Participation rate,86.4,Percent
2020,CA,Total,25 to 54 years,Population,14922.3,Persons in thousands
2020,CA,Total,25 to 54 years,Proportion employed full-time,88.9,Percent
2020,CA,Total,25 to 54 years,Proportion employed part-time,11.1,Percent
2020,CA,Total,25 to 54 years,Unemployment,1018.7,Persons in thousands
2020,CA,Total,25 to 54 years,Unemployment rate,7.9,Percent
2020,MB,Total,15 to 24 years,Employment,90.1,Persons in thousands
2020,MB,Total,15 to 24 years,Employment rate,53.5,Percent
2020,MB,Total,15 to 24 years,Full-time employment,48.5,Persons in thousands
2020,MB,Total,15 to 24 years,Labour force,107.7,Persons in thousands
2020,MB,Total,15 to 24 years,Not in labour force,60.8,Persons in thousands
2020,MB,Total,15 to 24 years,Part-time employment,41.6,Persons in thousands
2020,MB,Total,15 to 24 years,Participation rate,63.9,Percent
2020,MB,Total,15 to 24 years,Population,168.5,Persons in thousands
2020,MB,Total,15 to 24 years,Proportion employed full-time,53.8,Percent
2020,MB,Total,15 to 24 years,Proportion employed part-time,46.2,Percent
2020,MB,Total,15 to 24 years,Unemployment,17.6,Persons in thousands
2020,MB,Total,15 to 24 years,Unemployment rate,16.3,Percent
2020,MB,Total,15 to 64 years,Employment,605.0,Persons in thousands
2020,MB,Total,15 to 64 years,Employment rate,71.6,Percent
2020,MB,Total,15 to 64 years,Full-time employment,495.2,Persons in thousands
2020,MB,Total,15 to 64 years,Labour force,659.6,Persons in thousands
2020,MB,Total,15 to 64 years,Not in labour force,184.9,Persons in thousands
2020,MB,Total,15 to 64 years,Part-time employment,109.8,Persons in thousands
2020,MB,Total,15 to 64 years,Participation rate,78.1,Percent
2020,MB,Total,15 to 64 years,Population,844.6,Persons in thousands
2020,MB,Total,15 to 64 years,Proportion employed full-time,81.9,Percent
2020,MB,Total,15 to 64 years,Proportion employed part-time,18.1,Percent
2020,MB,Total,15 to 64 years,Unemployment,54.6,Persons in thousands
2020,MB,Total,15 to 64 years,Unemployment rate,8.3,Percent
2020,MB,Total,15 years and over,Employment,635.6,Persons in thousands
2020,MB,Total,15 years and over,Employment rate,60.3,Percent
2020,MB,Total,15 years and over,Full-time employment,513.9,Persons in thousands
2020,MB,Total,15 years and over,Labour force,692.0,Persons in thousands
2020,MB,Total,15 years and over,Not in labour force,361.5,Persons in thousands
2020,MB,Total,15 years and over,Part-time employment,121.7,Persons in thousands
2020,MB,Total,15 years and over,Participation rate,65.7,Percent
2020,MB,Total,15 years and over,Population,1053.4,Persons in thousands
2020,MB,Total,15 years and over,Proportion employed full-time,80.9,Percent
2020,MB,Total,15 years and over,Proportion employed part-time,19.1,Percent
2020,MB,Total,15 years and over,Unemployment,56.3,Persons in thousands
2020,MB,Total,15 years and over,Unemployment rate,8.1,Percent
2020,MB,Total,25 to 54 years,Employment,409.2,Persons in thousands
2020,MB,Total,25 to 54 years,Employment rate,80.5,Percent
2020,MB,Total,25 to 54 years,Full-time employment,359.9,Persons in thousands
2020,MB,Total,25 to 54 years,Labour force,438.7,Persons in thousands
2020,MB,Total,25 to 54 years,Not in labour force,69.7,Persons in thousands
2020,MB,Total,25 to 54 years,Part-time employment,49.3,Persons in thousands
2020,MB,Total,25 to 54 years,Participation rate,86.3,Percent
2020,MB,Total,25 to 54 years,Population,508.4,Persons in thousands
2020,MB,Total,25 to 54 years,Proportion employed full-time,88.0,Percent
2020,MB,Total,25 to 54 years,Proportion employed part-time,12.0,Percent
2020,MB,Total,25 to 54 years,Unemployment,29.5,Persons in thousands
2020,MB,Total,25 to 54 years,Unemployment rate,6.7,Percent
2020,NB,Total,15 to 24 years,Employment,42.5,Persons in thousands
2020,NB,Total,15 to 24 years,Employment rate,52.9,Percent
2020,NB,Total,15 to 24 years,Full-time employment,26.2,Persons in thousands
2020,NB,Total,15 to 24 years,Labour force,52.3,Persons in thousands
2020,NB,Total,15 to 24 years,Not in labour force,28.1,Persons in thousands
2020,NB,Total,15 to 24 years,Part-time employment,16.2,Persons in thousands
2020,NB,Total,15 to 24 years,Participation rate,65.1,Percent
2020,NB,Total,15 to 24 years,Population,80.3,Persons in thousands
2020,NB,Total,15 to 24 years,Proportion employed full-time,61.6,Percent
2020,NB,Total,15 to 24 years,Proportion employed part-time,38.1,Percent
2020,NB,Total,15 to 24 years,Unemployment,9.8,Persons in thousands
2020,NB,Total,15 to 24 years,Unemployment rate,18.7,Percent
2020,NB,Total,15 to 64 years,Employment,333.1,Persons in thousands
2020,NB,Total,15 to 64 years,Employment rate,68.9,Percent
2020,NB,Total,15 to 64 years,Full-time employment,288.7,Persons in thousands
2020,NB,Total,15 to 64 years,Labour force,371.8,Persons in thousands
2020,NB,Total,15 to 64 years,Not in labour force,111.9,Persons in thousands
2020,NB,Total,15 to 64 years,Part-time employment,44.4,Persons in thousands
2020,NB,Total,15 to 64 years,Participation rate,76.9,Percent
2020,NB,Total,15 to 64 years,Population,483.7,Persons in thousands
2020,NB,Total,15 to 64 years,Proportion employed full-time,86.7,Percent
2020,NB,Total,15 to 64 years,Proportion employed part-time,13.3,Percent
2020,NB,Total,15 to 64 years,Unemployment,38.7,Persons in thousands
2020,NB,Total,15 to 64 years,Unemployment rate,10.4,Percent
2020,NB,Total,15 years and over,Employment,351.5,Persons in thousands
2020,NB,Total,15 years and over,Employment rate,54.3,Percent
2020,NB,Total,15 years and over,Full-time employment,300.2,Persons in thousands
2020,NB,Total,15 years and over,Labour force,392.3,Persons in thousands
2020,NB,Total,15 years and over,Not in labour force,255.5,Persons in thousands
2020,NB,Total,15 years and over,Part-time employment,51.3,Persons in thousands
2020,NB,Total,15 years and over,Participation rate,60.6,Percent
2020,NB,Total,15 years and over,Population,647.8,Persons in thousands
2020,NB,Total,15 years and over,Proportion employed full-time,85.4,Percent
2020,NB,Total,15 years and over,Proportion employed part-time,14.6,Percent
2020,NB,Total,15 years and over,Unemployment,40.8,Persons in thousands
2020,NB,Total,15 years and over,Unemployment rate,10.4,Percent
2020,NB,Total,25 to 54 years,Employment,221.9,Persons in thousands
2020,NB,Total,25 to 54 years,Employment rate,79.4,Percent
2020,NB,Total,25 to 54 years,Full-time employment,203.6,Persons in thousands
2020,NB,Total,25 to 54 years,Labour force,241.6,Persons in thousands
2020,NB,Total,25 to 54 years,Not in labour force,38.0,Persons in thousands
2020,NB,Total,25 to 54 years,Part-time employment,18.3,Persons in thousands
2020,NB,Total,25 to 54 years,Participation rate,86.4,Percent
2020,NB,Total,25 to 54 years,Population,279.6,Persons in thousands
2020,NB,Total,25 to 54 years,Proportion employed full-time,91.8,Percent
2020,NB,Total,25 to 54 years,Proportion employed part-time,8.2,Percent
2020,NB,Total,25 to 54 years,Unemployment,19.7,Persons in thousands
2020,NB,Total,25 to 54 years,Unemployment rate,8.2,Percent
2020,NL,Total,15 to 24 years,Employment,25.7,Persons in thousands
2020,NL,Total,15 to 24 years,Employment rate,47.2,Percent
2020,NL,Total,15 to 24 years,Full-time employment,14.3,Persons in thousands
2020,NL,Total,15 to 24 years,Labour force,32.7,Persons in thousands
2020,NL,Total,15 to 24 years,Not in labour force,21.8,Persons in thousands
2020,NL,Total,15 to 24 years,Part-time employment,11.4,Persons in thousands
2020,NL,Total,15 to 24 years,Participation rate,60.0,Percent
2020,NL,Total,15 to 24 years,Population,54.5,Persons in thousands
2020,NL,Total,15 to 24 years,Proportion employed full-time,55.6,Percent
2020,NL,Total,15 to 24 years,Proportion employed part-time,44.4,Percent
2020,NL,Total,15 to 24 years,Unemployment,6.9,Persons in thousands
2020,NL,Total,15 to 24 years,Unemployment rate,21.1,Percent
2020,NL,Total,15 to 64 years,Employment,208.6,Persons in thousands
2020,NL,Total,15 to 64 years,Employment rate,62.3,Percent
2020,NL,Total,15 to 64 years,Full-time employment,177.8,Persons in thousands
2020,NL,Total,15 to 64 years,Labour force,243.1,Persons in thousands
2020,NL,Total,15 to 64 years,Not in labour force,91.6,Persons in thousands
2020,NL,Total,15 to 64 years,Part-time employment,30.8,Persons in thousands
2020,NL,Total,15 to 64 years,Participation rate,72.6,Percent
2020,NL,Total,15 to 64 years,Population,334.8,Persons in thousands
2020,NL,Total,15 to 64 years,Proportion employed full-time,85.2,Percent
2020,NL,Total,15 to 64 years,Proportion employed part-time,14.8,Percent
2020,NL,Total,15 to 64 years,Unemployment,34.5,Persons in thousands
2020,NL,Total,15 to 64 years,Unemployment rate,14.2,Percent
2020,NL,Total,15 years and over,Employment,217.3,Persons in thousands
2020,NL,Total,15 years and over,Employment rate,48.4,Percent
2020,NL,Total,15 years and over,Full-time employment,183.1,Persons in thousands
2020,NL,Total,15 years and over,Labour force,253.5,Persons in thousands
2020,NL,Total,15 years and over,Not in labour force,195.8,Persons in thousands
2020,NL,Total,15 years and over,Part-time employment,34.2,Persons in thousands
2020,NL,Total,15 years and over,Participation rate,56.4,Percent
2020,NL,Total,15 years and over,Population,449.4,Persons in thousands
2020,NL,Total,15 years and over,Proportion employed full-time,84.3,Percent
2020,NL,Total,15 years and over,Proportion employed part-time,15.7,Percent
2020,NL,Total,15 years and over,Unemployment,36.3,Persons in thousands
2020,NL,Total,15 years and over,Unemployment rate,14.3,Percent
2020,NL,Total,25 to 54 years,Employment,143.6,Persons in thousands
2020,NL,Total,25 to 54 years,Employment rate,73.9,Percent
2020,NL,Total,25 to 54 years,Full-time employment,129.0,Persons in thousands
2020,NL,Total,25 to 54 years,Labour force,162.3,Persons in thousands
2020,NL,Total,25 to 54 years,Not in labour force,32.0,Persons in thousands
2020,NL,Total,25 to 54 years,Part-time employment,14.6,Persons in thousands
2020,NL,Total,25 to 54 years,Participation rate,83.5,Percent
2020,NL,Total,25 to 54 years,Population,194.3,Persons in thousands
2020,NL,Total,25 to 54 years,Proportion employed full-time,89.8,Percent
2020,NL,Total,25 to 54 years,Proportion employed part-time,10.2,Percent
2020,NL,Total,25 to 54 years,Unemployment,18.7,Persons in thousands
2020,NL,Total,25 to 54 years,Unemployment rate,11.5,Percent
2020,NS,Total,15 to 24 years,Employment,59.8,Persons in thousands
2020,NS,Total,15 to 24 years,Employment rate,54.5,Percent
2020,NS,Total,15 to 24 years,Full-time employment,32.5,Persons in thousands
2020,NS,Total,15 to 24 years,Labour force,71.8,Persons in thousands
2020,NS,Total,15 to 24 years,Not in labour force,37.9,Persons in thousands
2020,NS,Total,15 to 24 years,Part-time employment,27.2,Persons in thousands
2020,NS,Total,15 to 24 years,Participation rate,65.4,Percent
2020,NS,Total,15 to 24 years,Population,109.8,Persons in thousands
2020,NS,Total,15 to 24 years,Proportion employed full-time,54.3,Percent
2020,NS,Total,15 to 24 years,Proportion employed part-time,45.5,Percent
2020,NS,Total,15 to 24 years,Unemployment,12.0,Persons in thousands
2020,NS,Total,15 to 24 years,Unemployment rate,16.7,Percent
2020,NS,Total,15 to 64 years,Employment,423.5,Persons in thousands
2020,NS,Total,15 to 64 years,Employment rate,68.2,Percent
2020,NS,Total,15 to 64 years,Full-time employment,353.5,Persons in thousands
2020,NS,Total,15 to 64 years,Labour force,470.8,Persons in thousands
2020,NS,Total,15 to 64 years,Not in labour force,149.9,Persons in thousands
2020,NS,Total,15 to 64 years,Part-time employment,69.9,Persons in thousands
2020,NS,Total,15 to 64 years,Participation rate,75.8,Percent
2020,NS,Total,15 to 64 years,Population,620.7,Persons in thousands
2020,NS,Total,15 to 64 years,Proportion employed full-time,83.5,Percent
2020,NS,Total,15 to 64 years,Proportion employed part-time,16.5,Percent
2020,NS,Total,15 to 64 years,Unemployment,47.3,Persons in thousands
2020,NS,Total,15 to 64 years,Unemployment rate,10.0,Percent
2020,NS,Total,15 years and over,Employment,447.2,Persons in thousands
2020,NS,Total,15 years and over,Employment rate,54.4,Percent
2020,NS,Total,15 years and over,Full-time employment,367.8,Persons in thousands
2020,NS,Total,15 years and over,Labour force,496.5,Persons in thousands
2020,NS,Total,15 years and over,Not in labour force,325.7,Persons in thousands
2020,NS,Total,15 years and over,Part-time employment,79.4,Persons in thousands
2020,NS,Total,15 years and over,Participation rate,60.4,Percent
2020,NS,Total,15 years and over,Population,822.2,Persons in thousands
2020,NS,Total,15 years and over,Proportion employed full-time,82.2,Percent
2020,NS,Total,15 years and over,Proportion employed part-time,17.8,Percent
2020,NS,Total,15 years and over,Unemployment,49.4,Persons in thousands
2020,NS,Total,15 years and over,Unemployment rate,9.9,Percent
2020,NS,Total,25 to 54 years,Employment,281.4,Persons in thousands
2020,NS,Total,25 to 54 years,Employment rate,78.9,Percent
2020,NS,Total,25 to 54 years,Full-time employment,251.5,Persons in thousands
2020,NS,Total,25 to 54 years,Labour force,307.6,Persons in thousands
2020,NS,Total,25 to 54 years,Not in labour force,49.2,Persons in thousands
2020,NS,Total,25 to 54 years,Part-time employment,29.9,Persons in thousands
2020,NS,Total,25 to 54 years,Participation rate,86.2,Percent
2020,NS,Total,25 to 54 years,Population,356.7,Persons in thousands
2020,NS,Total,25 to 54 years,Proportion employed full-time,89.4,Percent
2020,NS,Total,25 to 54 years,Proportion employed part-time,10.6,Percent
2020,NS,Total,25 to 54 years,Unemployment,26.1,Persons in thousands
2020,NS,Total,25 to 54 years,Unemployment rate,8.5,Percent
2020,ON,Total,15 to 24 years,Employment,844.0,Persons in thousands
2020,ON,Total,15 to 24 years,Employment rate,45.7,Percent
2020,ON,Total,15 to 24 years,Full-time employment,449.1,Persons in thousands
2020,ON,Total,15 to 24 years,Labour force,1083.6,Persons in thousands
2020,ON,Total,15 to 24 years,Not in labour force,761.3,Persons in thousands
2020,ON,Total,15 to 24 years,Part-time employment,394.9,Persons in thousands
2020,ON,Total,15 to 24 years,Participation rate,58.7,Percent
2020,ON,Total,15 to 24 years,Population,1844.9,Persons in thousands
2020,ON,Total,15 to 24 years,Proportion employed full-time,53.2,Percent
2020,ON,Total,15 to 24 years,Proportion employed part-time,46.8,Percent
2020,ON,Total,15 to 24 years,Unemployment,239.6,Persons in thousands
2020,ON,Total,15 to 24 years,Unemployment rate,22.1,Percent
2020,ON,Total,15 to 64 years,Employment,6706.4,Persons in thousands
2020,ON,Total,15 to 64 years,Employment rate,68.8,Percent
2020,ON,Total,15 to 64 years,Full-time employment,5616.6,Persons in thousands
2020,ON,Total,15 to 64 years,Labour force,7443.5,Persons in thousands
2020,ON,Total,15 to 64 years,Not in labour force,2308.8,Persons in thousands
2020,ON,Total,15 to 64 years,Part-time employment,1089.8,Persons in thousands
2020,ON,Total,15 to 64 years,Participation rate,76.3,Percent
2020,ON,Total,15 to 64 years,Population,9752.3,Persons in thousands
2020,ON,Total,15 to 64 years,Proportion employed full-time,83.7,Percent
2020,ON,Total,15 to 64 years,Proportion employed part-time,16.3,Percent
2020,ON,Total,15 to 64 years,Unemployment,737.0,Persons in thousands
2020,ON,Total,15 to 64 years,Unemployment rate,9.9,Percent
2020,ON,Total,15 years and over,Employment,7043.4,Persons in thousands
2020,ON,Total,15 years and over,Employment rate,57.5,Percent
2020,ON,Total,15 years and over,Full-time employment,5821.7,Persons in thousands
2020,ON,Total,15 years and over,Labour force,7805.6,Persons in thousands
2020,ON,Total,15 years and over,Not in labour force,4441.0,Persons in thousands
2020,ON,Total,15 years and over,Part-time employment,1221.7,Persons in thousands
2020,ON,Total,15 years and over,Participation rate,63.7,Percent
2020,ON,Total,15 years and over,Population,12246.6,Persons in thousands
2020,ON,Total,15 years and over,Proportion employed full-time,82.7,Percent
2020,ON,Total,15 years and over,Proportion employed part-time,17.3,Percent
2020,ON,Total,15 years and over,Unemployment,762.1,Persons in thousands
2020,ON,Total,15 years and over,Unemployment rate,9.8,Percent
2020,ON,Total,25 to 54 years,Employment,4610.9,Persons in thousands
2020,ON,Total,25 to 54 years,Employment rate,78.3,Percent
2020,ON,Total,25 to 54 years,Full-time employment,4117.5,Persons in thousands
2020,ON,Total,25 to 54 years,Labour force,5008.4,Persons in thousands
2020,ON,Total,25 to 54 years,Not in labour force,878.5,Persons in thousands
2020,ON,Total,25 to 54 years,Part-time employment,493.4,Persons in thousands
2020,ON,Total,25 to 54 years,Participation rate,85.1,Percent
2020,ON,Total,25 to 54 years,Population,5886.9,Persons in thousands
2020,ON,Total,25 to 54 years,Proportion employed full-time,89.3,Percent
2020,ON,Total,25 to 54 years,Proportion employed part-time,10.7,Percent
2020,ON,Total,25 to 54 years,Unemployment,397.5,Persons in thousands
2020,ON,Total,25 to 54 years,Unemployment rate,7.9,Percent
2020,PE,Total,15 to 24 years,Employment,11.2,Persons in thousands
2020,PE,Total,15 to 24 years,Employment rate,55.4,Percent
2020,PE,Total,15 to 24 years,Full-time employment,7.3,Persons in thousands
2020,PE,Total,15 to 24 years,Labour force,13.4,Persons in thousands
2020,PE,Total,15 to 24 years,Not in labour force,6.8,Persons in thousands
2020,PE,Total,15 to 24 years,Part-time employment,3.9,Persons in thousands
2020,PE,Total,15 to 24 years,Participation rate,66.3,Percent
2020,PE,Total,15 to 24 years,Population,20.2,Persons in thousands
2020,PE,Total,15 to 24 years,Proportion employed full-time,65.2,Percent
2020,PE,Total,15 to 24 years,Proportion employed part-time,34.8,Percent
2020,PE,Total,15 to 24 years,Unemployment,2.2,Persons in thousands
2020,PE,Total,15 to 24 years,Unemployment rate,16.4,Percent
2020,PE,Total,15 to 64 years,Employment,71.4,Persons in thousands
2020,PE,Total,15 to 64 years,Employment rate,70.4,Percent
2020,PE,Total,15 to 64 years,Full-time employment,61.3,Persons in thousands
2020,PE,Total,15 to 64 years,Labour force,79.8,Persons in thousands
2020,PE,Total,15 to 64 years,Not in labour force,21.6,Persons in thousands
2020,PE,Total,15 to 64 years,Part-time employment,10.1,Persons in thousands
2020,PE,Total,15 to 64 years,Participation rate,78.7,Percent
2020,PE,Total,15 to 64 years,Population,101.4,Persons in thousands
2020,PE,Total,15 to 64 years,Proportion employed full-time,85.9,Percent
2020,PE,Total,15 to 64 years,Proportion employed part-time,14.1,Percent
2020,PE,Total,15 to 64 years,Unemployment,8.4,Persons in thousands
2020,PE,Total,15 to 64 years,Unemployment rate,10.5,Percent
2020,PE,Total,15 years and over,Employment,76.2,Persons in thousands
2020,PE,Total,15 years and over,Employment rate,57.8,Percent
2020,PE,Total,15 years and over,Full-time employment,64.6,Persons in thousands
2020,PE,Total,15 years and over,Labour force,85.3,Persons in thousands
2020,PE,Total,15 years and over,Not in labour force,46.6,Persons in thousands
2020,PE,Total,15 years and over,Part-time employment,11.6,Persons in thousands
2020,PE,Total,15 years and over,Participation rate,64.7,Percent
2020,PE,Total,15 years and over,Population,131.9,Persons in thousands
2020,PE,Total,15 years and over,Proportion employed full-time,84.8,Percent
2020,PE,Total,15 years and over,Proportion employed part-time,15.2,Percent
2020,PE,Total,15 years and over,Unemployment,9.0,Persons in thousands
2020,PE,Total,15 years and over,Unemployment rate,10.6,Percent
2020,PE,Total,25 to 54 years,Employment,46.0,Persons in thousands
2020,PE,Total,25 to 54 years,Employment rate,79.4,Percent
2020,PE,Total,25 to 54 years,Full-time employment,41.5,Persons in thousands
2020,PE,Total,25 to 54 years,Labour force,50.7,Persons in thousands
2020,PE,Total,25 to 54 years,Not in labour force,7.2,Persons in thousands
2020,PE,Total,25 to 54 years,Part-time employment,4.5,Persons in thousands
2020,PE,Total,25 to 54 years,Participation rate,87.6,Percent
2020,PE,Total,25 to 54 years,Population,57.9,Persons in thousands
2020,PE,Total,25 to 54 years,Proportion employed full-time,90.2,Percent
2020,PE,Total,25 to 54 years,Proportion employed part-time,9.8,Percent
2020,PE,Total,25 to 54 years,Unemployment,4.7,Persons in thousands
2020,PE,Total,25 to 54 years,Unemployment rate,9.3,Percent
2020,QC,Total,15 to 24 years,Employment,522.0,Persons in thousands
2020,QC,Total,15 to 24 years,Employment rate,57.3,Percent
2020,QC,Total,15 to 24 years,Full-time employment,244.5,Persons in thousands
2020,QC,Total,15 to 24 years,Labour force,626.2,Persons in thousands
2020,QC,Total,15 to 24 years,Not in labour force,284.6,Persons in thousands
2020,QC,Total,15 to 24 years,Part-time employment,277.5,Persons in thousands
2020,QC,Total,15 to 24 years,Participation rate,68.8,Percent
2020,QC,Total,15 to 24 years,Population,910.8,Persons in thousands
2020,QC,Total,15 to 24 years,Proportion employed full-time,46.8,Percent
2020,QC,Total,15 to 24 years,Proportion employed part-time,53.2,Percent
2020,QC,Total,15 to 24 years,Unemployment,104.2,Persons in thousands
2020,QC,Total,15 to 24 years,Unemployment rate,16.6,Percent
2020,QC,Total,15 to 64 years,Employment,3936.2,Persons in thousands
2020,QC,Total,15 to 64 years,Employment rate,72.5,Percent
2020,QC,Total,15 to 64 years,Full-time employment,3288.7,Persons in thousands
2020,QC,Total,15 to 64 years,Labour force,4318.0,Persons in thousands
2020,QC,Total,15 to 64 years,Not in labour force,1110.9,Persons in thousands
2020,QC,Total,15 to 64 years,Part-time employment,647.5,Persons in thousands
2020,QC,Total,15 to 64 years,Participation rate,79.5,Percent
2020,QC,Total,15 to 64 years,Population,5428.9,Persons in thousands
2020,QC,Total,15 to 64 years,Proportion employed full-time,83.6,Percent
2020,QC,Total,15 to 64 years,Proportion employed part-time,16.4,Percent
2020,QC,Total,15 to 64 years,Unemployment,381.7,Persons in thousands
2020,QC,Total,15 to 64 years,Unemployment rate,8.8,Percent
2020,QC,Total,15 years and over,Employment,4087.5,Persons in thousands
2020,QC,Total,15 years and over,Employment rate,58.2,Percent
2020,QC,Total,15 years and over,Full-time employment,3377.7,Persons in thousands
2020,QC,Total,15 years and over,Labour force,4486.9,Persons in thousands
2020,QC,Total,15 years and over,Not in labour force,2538.2,Persons in thousands
2020,QC,Total,15 years and over,Part-time employment,709.8,Persons in thousands
2020,QC,Total,15 years and over,Participation rate,63.9,Percent
2020,QC,Total,15 years and over,Population,7025.1,Persons in thousands
2020,QC,Total,15 years and over,Proportion employed full-time,82.6,Percent
2020,QC,Total,15 years and over,Proportion employed part-time,17.4,Percent
2020,QC,Total,15 years and over,Unemployment,399.4,Persons in thousands
2020,QC,Total,15 years and over,Unemployment rate,8.9,Percent
2020,QC,Total,25 to 54 years,Employment,2692.6,Persons in thousands
2020,QC,Total,25 to 54 years,Employment rate,82.1,Percent
2020,QC,Total,25 to 54 years,Full-time employment,2442.1,Persons in thousands
2020,QC,Total,25 to 54 years,Labour force,2905.2,Persons in thousands
2020,QC,Total,25 to 54 years,Not in labour force,374.4,Persons in thousands
2020,QC,Total,25 to 54 years,Part-time employment,250.5,Persons in thousands
2020,QC,Total,25 to 54 years,Participation rate,88.6,Percent
2020,QC,Total,25 to 54 years,Population,3279.6,Persons in thousands
2020,QC,Total,25 to 54 years,Proportion employed full-time,90.7,Percent
2020,QC,Total,25 to 54 years,Proportion employed part-time,9.3,Percent
2020,QC,Total,25 to 54 years,Unemployment,212.5,Persons in thousands
2020,QC,Total,25 to 54 years,Unemployment rate,7.3,Percent
2020,SK,Total,15 to 24 years,Employment,68.6,Persons in thousands
2020,SK,Total,15 to 24 years,Employment rate,52.3,Percent
2020,SK,Total,15 to 24 years,Full-time employment,41.4,Persons in thousands
2020,SK,Total,15 to 24 years,Labour force,83.2,Persons in thousands
2020,SK,Total,15 to 24 years,Not in labour force,48.0,Persons in thousands
2020,SK,Total,15 to 24 years,Part-time employment,27.3,Persons in thousands
2020,SK,Total,15 to 24 years,Participation rate,63.4,Percent
2020,SK,Total,15 to 24 years,Population,131.2,Persons in thousands
2020,SK,Total,15 to 24 years,Proportion employed full-time,60.3,Percent
2020,SK,Total,15 to 24 years,Proportion employed part-time,39.8,Percent
2020,SK,Total,15 to 24 years,Unemployment,14.6,Persons in thousands
2020,SK,Total,15 to 24 years,Unemployment rate,17.5,Percent
2020,SK,Total,15 to 64 years,Employment,512.7,Persons in thousands
2020,SK,Total,15 to 64 years,Employment rate,72.6,Percent
2020,SK,Total,15 to 64 years,Full-time employment,429.6,Persons in thousands
2020,SK,Total,15 to 64 years,Labour force,560.3,Persons in thousands
2020,SK,Total,15 to 64 years,Not in labour force,146.0,Persons in thousands
2020,SK,Total,15 to 64 years,Part-time employment,83.1,Persons in thousands
2020,SK,Total,15 to 64 years,Participation rate,79.3,Percent
2020,SK,Total,15 to 64 years,Population,706.3,Persons in thousands
2020,SK,Total,15 to 64 years,Proportion employed full-time,83.8,Percent
2020,SK,Total,15 to 64 years,Proportion employed part-time,16.2,Percent
2020,SK,Total,15 to 64 years,Unemployment,47.6,Persons in thousands
2020,SK,Total,15 to 64 years,Unemployment rate,8.5,Percent
2020,SK,Total,15 years and over,Employment,545.3,Persons in thousands
2020,SK,Total,15 years and over,Employment rate,61.7,Percent
2020,SK,Total,15 years and over,Full-time employment,450.6,Persons in thousands
2020,SK,Total,15 years and over,Labour force,594.9,Persons in thousands
2020,SK,Total,15 years and over,Not in labour force,289.7,Persons in thousands
2020,SK,Total,15 years and over,Part-time employment,94.8,Persons in thousands
2020,SK,Total,15 years and over,Participation rate,67.3,Percent
2020,SK,Total,15 years and over,Population,884.5,Persons in thousands
2020,SK,Total,15 years and over,Proportion employed full-time,82.6,Percent
2020,SK,Total,15 years and over,Proportion employed part-time,17.4,Percent
2020,SK,Total,15 years and over,Unemployment,49.5,Persons in thousands
2020,SK,Total,15 years and over,Unemployment rate,8.3,Percent
2020,SK,Total,25 to 54 years,Employment,351.1,Persons in thousands
2020,SK,Total,25 to 54 years,Employment rate,81.8,Percent
2020,SK,Total,25 to 54 years,Full-time employment,311.4,Persons in thousands
2020,SK,Total,25 to 54 years,Labour force,377.7,Persons in thousands
2020,SK,Total,25 to 54 years,Not in labour force,51.4,Persons in thousands
2020,SK,Total,25 to 54 years,Part-time employment,39.8,Persons in thousands
2020,SK,Total,25 to 54 years,Participation rate,88.0,Percent
2020,SK,Total,25 to 54 years,Population,429.1,Persons in thousands
2020,SK,Total,25 to 54 years,Proportion employed full-time,88.7,Percent
2020,SK,Total,25 to 54 years,Proportion employed part-time,11.3,Percent
2020,SK,Total,25 to 54 years,Unemployment,26.6,Persons in thousands
2020,SK,Total,25 to 54 years,Unemployment rate,7.0,Percent
2021,AB,Total,15 to 24 years,Employment,277.3,Persons in thousands
2021,AB,Total,15 to 24 years,Employment rate,53.5,Percent
2021,AB,Total,15 to 24 years,Full-time employment,148.8,Persons in thousands
2021,AB,Total,15 to 24 years,Labour force,325.9,Persons in thousands
2021,AB,Total,15 to 24 years,Not in labour force,192.4,Persons in thousands
2021,AB,Total,15 to 24 years,Part-time employment,128.5,Persons in thousands
2021,AB,Total,15 to 24 years,Participation rate,62.9,Percent
2021,AB,Total,15 to 24 years,Population,518.4,Persons in thousands
2021,AB,Total,15 to 24 years,Proportion employed full-time,53.7,Percent
2021,AB,Total,15 to 24 years,Proportion employed part-time,46.3,Percent
2021,AB,Total,15 to 24 years,Unemployment,48.6,Persons in thousands
2021,AB,Total,15 to 24 years,Unemployment rate,14.9,Percent
2021,AB,Total,15 to 64 years,Employment,2147.6,Persons in thousands
2021,AB,Total,15 to 64 years,Employment rate,73.5,Percent
2021,AB,Total,15 to 64 years,Full-time employment,1764.0,Persons in thousands
2021,AB,Total,15 to 64 years,Labour force,2348.1,Persons in thousands
2021,AB,Total,15 to 64 years,Not in labour force,573.7,Persons in thousands
2021,AB,Total,15 to 64 years,Part-time employment,383.5,Persons in thousands
2021,AB,Total,15 to 64 years,Participation rate,80.4,Percent
2021,AB,Total,15 to 64 years,Population,2921.8,Persons in thousands
2021,AB,Total,15 to 64 years,Proportion employed full-time,82.1,Percent
2021,AB,Total,15 to 64 years,Proportion employed part-time,17.9,Percent
2021,AB,Total,15 to 64 years,Unemployment,200.5,Persons in thousands
2021,AB,Total,15 to 64 years,Unemployment rate,8.5,Percent
2021,AB,Total,15 years and over,Employment,2245.9,Persons in thousands
2021,AB,Total,15 years and over,Employment rate,63.7,Percent
2021,AB,Total,15 years and over,Full-time employment,1824.4,Persons in thousands
2021,AB,Total,15 years and over,Labour force,2457.2,Persons in thousands
2021,AB,Total,15 years and over,Not in labour force,1070.7,Persons in thousands
2021,AB,Total,15 years and over,Part-time employment,421.5,Persons in thousands
2021,AB,Total,15 years and over,Participation rate,69.7,Percent
2021,AB,Total,15 years and over,Population,3527.9,Persons in thousands
2021,AB,Total,15 years and over,Proportion employed full-time,81.2,Percent
2021,AB,Total,15 years and over,Proportion employed part-time,18.8,Percent
2021,AB,Total,15 years and over,Unemployment,211.2,Persons in thousands
2021,AB,Total,15 years and over,Unemployment rate,8.6,Percent
2021,AB,Total,25 to 54 years,Employment,1513.9,Persons in thousands
2021,AB,Total,25 to 54 years,Employment rate,81.4,Percent
2021,AB,Total,25 to 54 years,Full-time employment,1325.2,Persons in thousands
2021,AB,Total,25 to 54 years,Labour force,1631.7,Persons in thousands
2021,AB,Total,25 to 54 years,Not in labour force,228.6,Persons in thousands
2021,AB,Total,25 to 54 years,Part-time employment,188.7,Persons in thousands
2021,AB,Total,25 to 54 years,Participation rate,87.7,Percent
2021,AB,Total,25 to 54 years,Population,1860.3,Persons in thousands
2021,AB,Total,25 to 54 years,Proportion employed full-time,87.5,Percent
2021,AB,Total,25 to 54 years,Proportion employed part-time,12.5,Percent
2021,AB,Total,25 to 54 years,Unemployment,117.8,Persons in thousands
2021,AB,Total,25 to 54 years,Unemployment rate,7.2,Percent
2021,BC,Total,15 to 24 years,Employment,341.6,Persons in thousands
2021,BC,Total,15 to 24 years,Employment rate,57.9,Percent
2021,BC,Total,15 to 24 years,Full-time employment,169.6,Persons in thousands
2021,BC,Total,15 to 24 years,Labour force,389.2,Persons in thousands
2021,BC,Total,15 to 24 years,Not in labour force,201.0,Persons in thousands
2021,BC,Total,15 to 24 years,Part-time employment,171.9,Persons in thousands
2021,BC,Total,15 to 24 years,Participation rate,65.9,Percent
2021,BC,Total,15 to 24 years,Population,590.2,Persons in thousands
2021,BC,Total,15 to 24 years,Proportion employed full-time,49.6,Percent
2021,BC,Total,15 to 24 years,Proportion employed part-time,50.3,Percent
2021,BC,Total,15 to 24 years,Unemployment,47.7,Persons in thousands
2021,BC,Total,15 to 24 years,Unemployment rate,12.3,Percent
2021,BC,Total,15 to 64 years,Employment,2550.1,Persons in thousands
2021,BC,Total,15 to 64 years,Employment rate,75.1,Percent
2021,BC,Total,15 to 64 years,Full-time employment,2032.2,Persons in thousands
2021,BC,Total,15 to 64 years,Labour force,2728.2,Persons in thousands
2021,BC,Total,15 to 64 years,Not in labour force,668.7,Persons in thousands
2021,BC,Total,15 to 64 years,Part-time employment,517.9,Persons in thousands
2021,BC,Total,15 to 64 years,Participation rate,80.3,Percent
2021,BC,Total,15 to 64 years,Population,3396.9,Persons in thousands
2021,BC,Total,15 to 64 years,Proportion employed full-time,79.7,Percent
2021,BC,Total,15 to 64 years,Proportion employed part-time,20.3,Percent
2021,BC,Total,15 to 64 years,Unemployment,178.1,Persons in thousands
2021,BC,Total,15 to 64 years,Unemployment rate,6.5,Percent
2021,BC,Total,15 years and over,Employment,2683.9,Persons in thousands
2021,BC,Total,15 years and over,Employment rate,61.6,Percent
2021,BC,Total,15 years and over,Full-time employment,2102.2,Persons in thousands
2021,BC,Total,15 years and over,Labour force,2872.4,Persons in thousands
2021,BC,Total,15 years and over,Not in labour force,1485.7,Persons in thousands
2021,BC,Total,15 years and over,Part-time employment,581.7,Persons in thousands
2021,BC,Total,15 years and over,Participation rate,65.9,Percent
2021,BC,Total,15 years and over,Population,4358.1,Persons in thousands
2021,BC,Total,15 years and over,Proportion employed full-time,78.3,Percent
2021,BC,Total,15 years and over,Proportion employed part-time,21.7,Percent
2021,BC,Total,15 years and over,Unemployment,188.5,Persons in thousands
2021,BC,Total,15 years and over,Unemployment rate,6.6,Percent
2021,BC,Total,25 to 54 years,Employment,1759.3,Persons in thousands
2021,BC,Total,25 to 54 years,Employment rate,83.6,Percent
2021,BC,Total,25 to 54 years,Full-time employment,1501.7,Persons in thousands
2021,BC,Total,25 to 54 years,Labour force,1855.1,Persons in thousands
2021,BC,Total,25 to 54 years,Not in labour force,250.4,Persons in thousands
2021,BC,Total,25 to 54 years,Part-time employment,257.6,Persons in thousands
2021,BC,Total,25 to 54 years,Participation rate,88.1,Percent
2021,BC,Total,25 to 54 years,Population,2105.5,Persons in thousands
2021,BC,Total,25 to 54 years,Proportion employed full-time,85.4,Percent
2021,BC,Total,25 to 54 years,Proportion employed part-time,14.6,Percent
2021,BC,Total,25 to 54 years,Unemployment,95.7,Persons in thousands
2021,BC,Total,25 to 54 years,Unemployment rate,5.2,Percent
2021,CA,Total,15 to 24 years,Employment,2433.3,Persons in thousands
2021,CA,Total,15 to 24 years,Employment rate,55.5,Percent
2021,CA,Total,15 to 24 years,Full-time employment,1247.3,Persons in thousands
2021,CA,Total,15 to 24 years,Labour force,2813.1,Persons in thousands
2021,CA,Total,15 to 24 years,Not in labour force,1571.3,Persons in thousands
2021,CA,Total,15 to 24 years,Part-time employment,1186.0,Persons in thousands
2021,CA,Total,15 to 24 years,Participation rate,64.2,Percent
2021,CA,Total,15 to 24 years,Population,4384.4,Persons in thousands
2021,CA,Total,15 to 24 years,Proportion employed full-time,51.3,Percent
2021,CA,Total,15 to 24 years,Proportion employed part-time,48.7,Percent
2021,CA,Total,15 to 24 years,Unemployment,379.8,Persons in thousands
2021,CA,Total,15 to 24 years,Unemployment rate,13.5,Percent
2021,CA,Total,15 to 64 years,Employment,18084.5,Persons in thousands
2021,CA,Total,15 to 64 years,Employment rate,73.5,Percent
2021,CA,Total,15 to 64 years,Full-time employment,14974.7,Persons in thousands
2021,CA,Total,15 to 64 years,Labour force,19548.7,Persons in thousands
2021,CA,Total,15 to 64 years,Not in labour force,5054.7,Persons in thousands
2021,CA,Total,15 to 64 years,Part-time employment,3109.8,Persons in thousands
2021,CA,Total,15 to 64 years,Participation rate,79.5,Percent
2021,CA,Total,15 to 64 years,Population,24603.4,Persons in thousands
2021,CA,Total,15 to 64 years,Proportion employed full-time,82.8,Percent
2021,CA,Total,15 to 64 years,Proportion employed part-time,17.2,Percent
2021,CA,Total,15 to 64 years,Unemployment,1464.2,Persons in thousands
2021,CA,Total,15 to 64 years,Unemployment rate,7.5,Percent
2021,CA,Total,15 years and over,Employment,18964.1,Persons in thousands
2021,CA,Total,15 years and over,Employment rate,60.5,Percent
2021,CA,Total,15 years and over,Full-time employment,15501.4,Persons in thousands
2021,CA,Total,15 years and over,Labour force,20505.6,Persons in thousands
2021,CA,Total,15 years and over,Not in labour force,10824.1,Persons in thousands
2021,CA,Total,15 years and over,Part-time employment,3462.7,Persons in thousands
2021,CA,Total,15 years and over,Participation rate,65.5,Percent
2021,CA,Total,15 years and over,Population,31329.7,Persons in thousands
2021,CA,Total,15 years and over,Proportion employed full-time,81.7,Percent
2021,CA,Total,15 years and over,Proportion employed part-time,18.3,Percent
2021,CA,Total,15 years and over,Unemployment,1541.5,Persons in thousands
2021,CA,Total,15 years and over,Unemployment rate,7.5,Percent
2021,CA,Total,25 to 54 years,Employment,12383.0,Persons in thousands
2021,CA,Total,25 to 54 years,Employment rate,82.5,Percent
2021,CA,Total,25 to 54 years,Full-time employment,11004.3,Persons in thousands
2021,CA,Total,25 to 54 years,Labour force,13204.0,Persons in thousands
2021,CA,Total,25 to 54 years,Not in labour force,1812.0,Persons in thousands
2021,CA,Total,25 to 54 years,Part-time employment,1378.7,Persons in thousands
2021,CA,Total,25 to 54 years,Participation rate,87.9,Percent
2021,CA,Total,25 to 54 years,Population,15016.0,Persons in thousands
2021,CA,Total,25 to 54 years,Proportion employed full-time,88.9,Percent
2021,CA,Total,25 to 54 years,Proportion employed part-time,11.1,Percent
2021,CA,Total,25 to 54 years,Unemployment,821.0,Persons in thousands
2021,CA,Total,25 to 54 years,Unemployment rate,6.2,Percent
2021,MB,Total,15 to 24 years,Employment,102.0,Persons in thousands
2021,MB,Total,15 to 24 years,Employment rate,60.2,Percent
2021,MB,Total,15 to 24 years,Full-time employment,61.2,Persons in thousands
2021,MB,Total,15 to 24 years,Labour force,115.2,Persons in thousands
2021,MB,Total,15 to 24 years,Not in labour force,54.3,Persons in thousands
2021,MB,Total,15 to 24 years,Part-time employment,40.9,Persons in thousands
2021,MB,Total,15 to 24 years,Participation rate,68.0,Percent
2021,MB,Total,15 to 24 years,Population,169.5,Persons in thousands
2021,MB,Total,15 to 24 years,Proportion employed full-time,60.0,Percent
2021,MB,Total,15 to 24 years,Proportion employed part-time,40.1,Percent
2021,MB,Total,15 to 24 years,Unemployment,13.2,Persons in thousands
2021,MB,Total,15 to 24 years,Unemployment rate,11.5,Percent
2021,MB,Total,15 to 64 years,Employment,634.0,Persons in thousands
2021,MB,Total,15 to 64 years,Employment rate,74.8,Percent
2021,MB,Total,15 to 64 years,Full-time employment,524.4,Persons in thousands
2021,MB,Total,15 to 64 years,Labour force,678.0,Persons in thousands
2021,MB,Total,15 to 64 years,Not in labour force,169.0,Persons in thousands
2021,MB,Total,15 to 64 years,Part-time employment,109.6,Persons in thousands
2021,MB,Total,15 to 64 years,Participation rate,80.0,Percent
2021,MB,Total,15 to 64 years,Population,847.1,Persons in thousands
2021,MB,Total,15 to 64 years,Proportion employed full-time,82.7,Percent
2021,MB,Total,15 to 64 years,Proportion employed part-time,17.3,Percent
2021,MB,Total,15 to 64 years,Unemployment,44.1,Persons in thousands
2021,MB,Total,15 to 64 years,Unemployment rate,6.5,Percent
2021,MB,Total,15 years and over,Employment,664.0,Persons in thousands
2021,MB,Total,15 years and over,Employment rate,62.5,Percent
2021,MB,Total,15 years and over,Full-time employment,542.7,Persons in thousands
2021,MB,Total,15 years and over,Labour force,709.8,Persons in thousands
2021,MB,Total,15 years and over,Not in labour force,353.0,Persons in thousands
2021,MB,Total,15 years and over,Part-time employment,121.3,Persons in thousands
2021,MB,Total,15 years and over,Participation rate,66.8,Percent
2021,MB,Total,15 years and over,Population,1062.9,Persons in thousands
2021,MB,Total,15 years and over,Proportion employed full-time,81.7,Percent
2021,MB,Total,15 years and over,Proportion employed part-time,18.3,Percent
2021,MB,Total,15 years and over,Unemployment,45.8,Persons in thousands
2021,MB,Total,15 years and over,Unemployment rate,6.5,Percent
2021,MB,Total,25 to 54 years,Employment,424.7,Persons in thousands
2021,MB,Total,25 to 54 years,Employment rate,83.2,Percent
2021,MB,Total,25 to 54 years,Full-time employment,375.5,Persons in thousands
2021,MB,Total,25 to 54 years,Labour force,449.7,Persons in thousands
2021,MB,Total,25 to 54 years,Not in labour force,61.0,Persons in thousands
2021,MB,Total,25 to 54 years,Part-time employment,49.2,Persons in thousands
2021,MB,Total,25 to 54 years,Participation rate,88.1,Percent
2021,MB,Total,25 to 54 years,Population,510.7,Persons in thousands
2021,MB,Total,25 to 54 years,Proportion employed full-time,88.4,Percent
2021,MB,Total,25 to 54 years,Proportion employed part-time,11.6,Percent
2021,MB,Total,25 to 54 years,Unemployment,25.0,Persons in thousands
2021,MB,Total,25 to 54 years,Unemployment rate,5.6,Percent
2021,NB,Total,15 to 24 years,Employment,48.1,Persons in thousands
2021,NB,Total,15 to 24 years,Employment rate,59.7,Percent
2021,NB,Total,15 to 24 years,Full-time employment,28.5,Persons in thousands
2021,NB,Total,15 to 24 years,Labour force,55.3,Persons in thousands
2021,NB,Total,15 to 24 years,Not in labour force,25.2,Persons in thousands
2021,NB,Total,15 to 24 years,Part-time employment,19.6,Persons in thousands
2021,NB,Total,15 to 24 years,Participation rate,68.6,Percent
2021,NB,Total,15 to 24 years,Population,80.6,Persons in thousands
2021,NB,Total,15 to 24 years,Proportion employed full-time,59.3,Percent
2021,NB,Total,15 to 24 years,Proportion employed part-time,40.7,Percent
2021,NB,Total,15 to 24 years,Unemployment,7.3,Persons in thousands
2021,NB,Total,15 to 24 years,Unemployment rate,13.2,Percent
2021,NB,Total,15 to 64 years,Employment,345.5,Persons in thousands
2021,NB,Total,15 to 64 years,Employment rate,71.4,Percent
2021,NB,Total,15 to 64 years,Full-time employment,297.4,Persons in thousands
2021,NB,Total,15 to 64 years,Labour force,380.0,Persons in thousands
2021,NB,Total,15 to 64 years,Not in labour force,104.0,Persons in thousands
2021,NB,Total,15 to 64 years,Part-time employment,48.1,Persons in thousands
2021,NB,Total,15 to 64 years,Participation rate,78.5,Percent
2021,NB,Total,15 to 64 years,Population,484.0,Persons in thousands
2021,NB,Total,15 to 64 years,Proportion employed full-time,86.1,Percent
2021,NB,Total,15 to 64 years,Proportion employed part-time,13.9,Percent
2021,NB,Total,15 to 64 years,Unemployment,34.5,Persons in thousands
2021,NB,Total,15 to 64 years,Unemployment rate,9.1,Percent
2021,NB,Total,15 years and over,Employment,364.6,Persons in thousands
2021,NB,Total,15 years and over,Employment rate,55.7,Percent
2021,NB,Total,15 years and over,Full-time employment,309.2,Persons in thousands
2021,NB,Total,15 years and over,Labour force,401.8,Persons in thousands
2021,NB,Total,15 years and over,Not in labour force,252.6,Persons in thousands
2021,NB,Total,15 years and over,Part-time employment,55.4,Persons in thousands
2021,NB,Total,15 years and over,Participation rate,61.4,Percent
2021,NB,Total,15 years and over,Population,654.4,Persons in thousands
2021,NB,Total,15 years and over,Proportion employed full-time,84.8,Percent
2021,NB,Total,15 years and over,Proportion employed part-time,15.2,Percent
2021,NB,Total,15 years and over,Unemployment,37.2,Persons in thousands
2021,NB,Total,15 years and over,Unemployment rate,9.3,Percent
2021,NB,Total,25 to 54 years,Employment,227.1,Persons in thousands
2021,NB,Total,25 to 54 years,Employment rate,81.1,Percent
2021,NB,Total,25 to 54 years,Full-time employment,207.9,Persons in thousands
2021,NB,Total,25 to 54 years,Labour force,246.1,Persons in thousands
2021,NB,Total,25 to 54 years,Not in labour force,34.0,Persons in thousands
2021,NB,Total,25 to 54 years,Part-time employment,19.2,Persons in thousands
2021,NB,Total,25 to 54 years,Participation rate,87.9,Percent
2021,NB,Total,25 to 54 years,Population,280.1,Persons in thousands
2021,NB,Total,25 to 54 years,Proportion employed full-time,91.5,Percent
2021,NB,Total,25 to 54 years,Proportion employed part-time,8.5,Percent
2021,NB,Total,25 to 54 years,Unemployment,19.1,Persons in thousands
2021,NB,Total,25 to 54 years,Unemployment rate,7.8,Percent
2021,NL,Total,15 to 24 years,Employment,27.7,Persons in thousands
2021,NL,Total,15 to 24 years,Employment rate,51.4,Percent
2021,NL,Total,15 to 24 years,Full-time employment,14.6,Persons in thousands
2021,NL,Total,15 to 24 years,Labour force,33.9,Persons in thousands
2021,NL,Total,15 to 24 years,Not in labour force,20.0,Persons in thousands
2021,NL,Total,15 to 24 years,Part-time employment,13.1,Persons in thousands
2021,NL,Total,15 to 24 years,Participation rate,62.9,Percent
2021,NL,Total,15 to 24 years,Population,53.9,Persons in thousands
2021,NL,Total,15 to 24 years,Proportion employed full-time,52.7,Percent
2021,NL,Total,15 to 24 years,Proportion employed part-time,47.3,Percent
2021,NL,Total,15 to 24 years,Unemployment,6.2,Persons in thousands
2021,NL,Total,15 to 24 years,Unemployment rate,18.3,Percent
2021,NL,Total,15 to 64 years,Employment,214.2,Persons in thousands
2021,NL,Total,15 to 64 years,Employment rate,64.7,Percent
2021,NL,Total,15 to 64 years,Full-time employment,183.2,Persons in thousands
2021,NL,Total,15 to 64 years,Labour force,246.0,Persons in thousands
2021,NL,Total,15 to 64 years,Not in labour force,84.9,Persons in thousands
2021,NL,Total,15 to 64 years,Part-time employment,31.0,Persons in thousands
2021,NL,Total,15 to 64 years,Participation rate,74.3,Percent
2021,NL,Total,15 to 64 years,Population,330.9,Persons in thousands
2021,NL,Total,15 to 64 years,Proportion employed full-time,85.5,Percent
2021,NL,Total,15 to 64 years,Proportion employed part-time,14.5,Percent
2021,NL,Total,15 to 64 years,Unemployment,31.8,Persons in thousands
2021,NL,Total,15 to 64 years,Unemployment rate,12.9,Percent
2021,NL,Total,15 years and over,Employment,225.1,Persons in thousands
2021,NL,Total,15 years and over,Employment rate,50.0,Percent
2021,NL,Total,15 years and over,Full-time employment,191.4,Persons in thousands
2021,NL,Total,15 years and over,Labour force,258.9,Persons in thousands
2021,NL,Total,15 years and over,Not in labour force,191.1,Persons in thousands
2021,NL,Total,15 years and over,Part-time employment,33.7,Persons in thousands
2021,NL,Total,15 years and over,Participation rate,57.5,Percent
2021,NL,Total,15 years and over,Population,450.0,Persons in thousands
2021,NL,Total,15 years and over,Proportion employed full-time,85.0,Percent
2021,NL,Total,15 years and over,Proportion employed part-time,15.0,Percent
2021,NL,Total,15 years and over,Unemployment,33.7,Persons in thousands
2021,NL,Total,15 years and over,Unemployment rate,13.0,Percent
2021,NL,Total,25 to 54 years,Employment,145.1,Persons in thousands
2021,NL,Total,25 to 54 years,Employment rate,75.8,Percent
2021,NL,Total,25 to 54 years,Full-time employment,132.3,Persons in thousands
2021,NL,Total,25 to 54 years,Labour force,162.2,Persons in thousands
2021,NL,Total,25 to 54 years,Not in labour force,29.1,Persons in thousands
2021,NL,Total,25 to 54 years,Part-time employment,12.8,Persons in thousands
2021,NL,Total,25 to 54 years,Participation rate,84.8,Percent
2021,NL,Total,25 to 54 years,Population,191.3,Persons in thousands
2021,NL,Total,25 to 54 years,Proportion employed full-time,91.2,Percent
2021,NL,Total,25 to 54 years,Proportion employed part-time,8.8,Percent
2021,NL,Total,25 to 54 years,Unemployment,17.0,Persons in thousands
2021,NL,Total,25 to 54 years,Unemployment rate,10.5,Percent
2021,NS,Total,15 to 24 years,Employment,65.0,Persons in thousands
2021,NS,Total,15 to 24 years,Employment rate,59.6,Percent
2021,NS,Total,15 to 24 years,Full-time employment,36.7,Persons in thousands
2021,NS,Total,15 to 24 years,Labour force,75.7,Persons in thousands
2021,NS,Total,15 to 24 years,Not in labour force,33.2,Persons in thousands
2021,NS,Total,15 to 24 years,Part-time employment,28.2,Persons in thousands
2021,NS,Total,15 to 24 years,Participation rate,69.4,Percent
2021,NS,Total,15 to 24 years,Population,109.0,Persons in thousands
2021,NS,Total,15 to 24 years,Proportion employed full-time,56.5,Percent
2021,NS,Total,15 to 24 years,Proportion employed part-time,43.4,Percent
2021,NS,Total,15 to 24 years,Unemployment,10.7,Persons in thousands
2021,NS,Total,15 to 24 years,Unemployment rate,14.1,Percent
2021,NS,Total,15 to 64 years,Employment,449.0,Persons in thousands
2021,NS,Total,15 to 64 years,Employment rate,72.0,Percent
2021,NS,Total,15 to 64 years,Full-time employment,372.0,Persons in thousands
2021,NS,Total,15 to 64 years,Labour force,491.3,Persons in thousands
2021,NS,Total,15 to 64 years,Not in labour force,132.6,Persons in thousands
2021,NS,Total,15 to 64 years,Part-time employment,77.1,Persons in thousands
2021,NS,Total,15 to 64 years,Participation rate,78.7,Percent
2021,NS,Total,15 to 64 years,Population,623.9,Persons in thousands
2021,NS,Total,15 to 64 years,Proportion employed full-time,82.9,Percent
2021,NS,Total,15 to 64 years,Proportion employed part-time,17.2,Percent
2021,NS,Total,15 to 64 years,Unemployment,42.2,Persons in thousands
2021,NS,Total,15 to 64 years,Unemployment rate,8.6,Percent
2021,NS,Total,15 years and over,Employment,475.5,Persons in thousands
2021,NS,Total,15 years and over,Employment rate,57.1,Percent
2021,NS,Total,15 years and over,Full-time employment,387.4,Persons in thousands
2021,NS,Total,15 years and over,Labour force,520.2,Persons in thousands
2021,NS,Total,15 years and over,Not in labour force,312.7,Persons in thousands
2021,NS,Total,15 years and over,Part-time employment,88.1,Persons in thousands
2021,NS,Total,15 years and over,Participation rate,62.5,Percent
2021,NS,Total,15 years and over,Population,832.9,Persons in thousands
2021,NS,Total,15 years and over,Proportion employed full-time,81.5,Percent
2021,NS,Total,15 years and over,Proportion employed part-time,18.5,Percent
2021,NS,Total,15 years and over,Unemployment,44.7,Persons in thousands
2021,NS,Total,15 years and over,Unemployment rate,8.6,Percent
2021,NS,Total,25 to 54 years,Employment,294.9,Persons in thousands
2021,NS,Total,25 to 54 years,Employment rate,81.6,Percent
2021,NS,Total,25 to 54 years,Full-time employment,261.9,Persons in thousands
2021,NS,Total,25 to 54 years,Labour force,317.6,Persons in thousands
2021,NS,Total,25 to 54 years,Not in labour force,43.6,Persons in thousands
2021,NS,Total,25 to 54 years,Part-time employment,33.0,Persons in thousands
2021,NS,Total,25 to 54 years,Participation rate,87.9,Percent
2021,NS,Total,25 to 54 years,Population,361.2,Persons in thousands
2021,NS,Total,25 to 54 years,Proportion employed full-time,88.8,Percent
2021,NS,Total,25 to 54 years,Proportion employed part-time,11.2,Percent
2021,NS,Total,25 to 54 years,Unemployment,22.7,Persons in thousands
2021,NS,Total,25 to 54 years,Unemployment rate,7.1,Percent
2021,ON,Total,15 to 24 years,Employment,922.3,Persons in thousands
2021,ON,Total,15 to 24 years,Employment rate,50.9,Percent
2021,ON,Total,15 to 24 years,Full-time employment,476.6,Persons in thousands
2021,ON,Total,15 to 24 years,Labour force,1096.7,Persons in thousands
2021,ON,Total,15 to 24 years,Not in labour force,713.8,Persons in thousands
2021,ON,Total,15 to 24 years,Part-time employment,445.7,Persons in thousands
2021,ON,Total,15 to 24 years,Participation rate,60.6,Percent
2021,ON,Total,15 to 24 years,Population,1810.5,Persons in thousands
2021,ON,Total,15 to 24 years,Proportion employed full-time,51.7,Percent
2021,ON,Total,15 to 24 years,Proportion employed part-time,48.3,Percent
2021,ON,Total,15 to 24 years,Unemployment,174.4,Persons in thousands
2021,ON,Total,15 to 24 years,Unemployment rate,15.9,Percent
2021,ON,Total,15 to 64 years,Employment,7047.6,Persons in thousands
2021,ON,Total,15 to 64 years,Employment rate,72.1,Percent
2021,ON,Total,15 to 64 years,Full-time employment,5884.0,Persons in thousands
2021,ON,Total,15 to 64 years,Labour force,7670.0,Persons in thousands
2021,ON,Total,15 to 64 years,Not in labour force,2111.4,Persons in thousands
2021,ON,Total,15 to 64 years,Part-time employment,1163.7,Persons in thousands
2021,ON,Total,15 to 64 years,Participation rate,78.4,Percent
2021,ON,Total,15 to 64 years,Population,9781.4,Persons in thousands
2021,ON,Total,15 to 64 years,Proportion employed full-time,83.5,Percent
2021,ON,Total,15 to 64 years,Proportion employed part-time,16.5,Percent
2021,ON,Total,15 to 64 years,Unemployment,622.3,Persons in thousands
2021,ON,Total,15 to 64 years,Unemployment rate,8.1,Percent
2021,ON,Total,15 years and over,Employment,7404.8,Persons in thousands
2021,ON,Total,15 years and over,Employment rate,59.9,Percent
2021,ON,Total,15 years and over,Full-time employment,6111.0,Persons in thousands
2021,ON,Total,15 years and over,Labour force,8060.1,Persons in thousands
2021,ON,Total,15 years and over,Not in labour force,4301.1,Persons in thousands
2021,ON,Total,15 years and over,Part-time employment,1293.8,Persons in thousands
2021,ON,Total,15 years and over,Participation rate,65.2,Percent
2021,ON,Total,15 years and over,Population,12361.2,Persons in thousands
2021,ON,Total,15 years and over,Proportion employed full-time,82.5,Percent
2021,ON,Total,15 years and over,Proportion employed part-time,17.5,Percent
2021,ON,Total,15 years and over,Unemployment,655.3,Persons in thousands
2021,ON,Total,15 years and over,Unemployment rate,8.1,Percent
2021,ON,Total,25 to 54 years,Employment,4827.2,Persons in thousands
2021,ON,Total,25 to 54 years,Employment rate,81.3,Percent
2021,ON,Total,25 to 54 years,Full-time employment,4308.4,Persons in thousands
2021,ON,Total,25 to 54 years,Labour force,5174.1,Persons in thousands
2021,ON,Total,25 to 54 years,Not in labour force,765.0,Persons in thousands
2021,ON,Total,25 to 54 years,Part-time employment,518.8,Persons in thousands
2021,ON,Total,25 to 54 years,Participation rate,87.1,Percent
2021,ON,Total,25 to 54 years,Population,5939.2,Persons in thousands
2021,ON,Total,25 to 54 years,Proportion employed full-time,89.3,Percent
2021,ON,Total,25 to 54 years,Proportion employed part-time,10.7,Percent
2021,ON,Total,25 to 54 years,Unemployment,346.9,Persons in thousands
2021,ON,Total,25 to 54 years,Unemployment rate,6.7,Percent
2021,PE,Total,15 to 24 years,Employment,12.2,Persons in thousands
2021,PE,Total,15 to 24 years,Employment rate,58.9,Percent
2021,PE,Total,15 to 24 years,Full-time employment,8.0,Persons in thousands
2021,PE,Total,15 to 24 years,Labour force,14.2,Persons in thousands
2021,PE,Total,15 to 24 years,Not in labour force,6.5,Persons in thousands
2021,PE,Total,15 to 24 years,Part-time employment,4.2,Persons in thousands
2021,PE,Total,15 to 24 years,Participation rate,68.6,Percent
2021,PE,Total,15 to 24 years,Population,20.7,Persons in thousands
2021,PE,Total,15 to 24 years,Proportion employed full-time,65.6,Percent
2021,PE,Total,15 to 24 years,Proportion employed part-time,34.4,Percent
2021,PE,Total,15 to 24 years,Unemployment,2.0,Persons in thousands
2021,PE,Total,15 to 24 years,Unemployment rate,14.1,Percent
2021,PE,Total,15 to 64 years,Employment,74.9,Persons in thousands
2021,PE,Total,15 to 64 years,Employment rate,72.7,Percent
2021,PE,Total,15 to 64 years,Full-time employment,64.0,Persons in thousands
2021,PE,Total,15 to 64 years,Labour force,83.0,Persons in thousands
2021,PE,Total,15 to 64 years,Not in labour force,20.1,Persons in thousands
2021,PE,Total,15 to 64 years,Part-time employment,11.0,Persons in thousands
2021,PE,Total,15 to 64 years,Participation rate,80.6,Percent
2021,PE,Total,15 to 64 years,Population,103.0,Persons in thousands
2021,PE,Total,15 to 64 years,Proportion employed full-time,85.4,Percent
2021,PE,Total,15 to 64 years,Proportion employed part-time,14.7,Percent
2021,PE,Total,15 to 64 years,Unemployment,8.0,Persons in thousands
2021,PE,Total,15 to 64 years,Unemployment rate,9.6,Percent
2021,PE,Total,15 years and over,Employment,80.0,Persons in thousands
2021,PE,Total,15 years and over,Employment rate,59.3,Percent
2021,PE,Total,15 years and over,Full-time employment,67.2,Persons in thousands
2021,PE,Total,15 years and over,Labour force,88.7,Persons in thousands
2021,PE,Total,15 years and over,Not in labour force,46.1,Persons in thousands
2021,PE,Total,15 years and over,Part-time employment,12.8,Persons in thousands
2021,PE,Total,15 years and over,Participation rate,65.8,Percent
2021,PE,Total,15 years and over,Population,134.8,Persons in thousands
2021,PE,Total,15 years and over,Proportion employed full-time,84.0,Percent
2021,PE,Total,15 years and over,Proportion employed part-time,16.0,Percent
2021,PE,Total,15 years and over,Unemployment,8.7,Persons in thousands
2021,PE,Total,15 years and over,Unemployment rate,9.8,Percent
2021,PE,Total,25 to 54 years,Employment,48.1,Persons in thousands
2021,PE,Total,25 to 54 years,Employment rate,81.5,Percent
2021,PE,Total,25 to 54 years,Full-time employment,43.7,Persons in thousands
2021,PE,Total,25 to 54 years,Labour force,52.5,Persons in thousands
2021,PE,Total,25 to 54 years,Not in labour force,6.5,Persons in thousands
2021,PE,Total,25 to 54 years,Part-time employment,4.4,Persons in thousands
2021,PE,Total,25 to 54 years,Participation rate,89.0,Percent
2021,PE,Total,25 to 54 years,Population,59.0,Persons in thousands
2021,PE,Total,25 to 54 years,Proportion employed full-time,90.9,Percent
2021,PE,Total,25 to 54 years,Proportion employed part-time,9.1,Percent
2021,PE,Total,25 to 54 years,Unemployment,4.4,Persons in thousands
2021,PE,Total,25 to 54 years,Unemployment rate,8.4,Percent
2021,QC,Total,15 to 24 years,Employment,561.3,Persons in thousands
2021,QC,Total,15 to 24 years,Employment rate,62.3,Percent
2021,QC,Total,15 to 24 years,Full-time employment,260.6,Persons in thousands
2021,QC,Total,15 to 24 years,Labour force,621.1,Persons in thousands
2021,QC,Total,15 to 24 years,Not in labour force,280.1,Persons in thousands
2021,QC,Total,15 to 24 years,Part-time employment,300.8,Persons in thousands
2021,QC,Total,15 to 24 years,Participation rate,68.9,Percent
2021,QC,Total,15 to 24 years,Population,901.1,Persons in thousands
2021,QC,Total,15 to 24 years,Proportion employed full-time,46.4,Percent
2021,QC,Total,15 to 24 years,Proportion employed part-time,53.6,Percent
2021,QC,Total,15 to 24 years,Unemployment,59.7,Persons in thousands
2021,QC,Total,15 to 24 years,Unemployment rate,9.6,Percent
2021,QC,Total,15 to 64 years,Employment,4094.1,Persons in thousands
2021,QC,Total,15 to 64 years,Employment rate,75.6,Percent
2021,QC,Total,15 to 64 years,Full-time employment,3416.9,Persons in thousands
2021,QC,Total,15 to 64 years,Labour force,4359.6,Persons in thousands
2021,QC,Total,15 to 64 years,Not in labour force,1053.9,Persons in thousands
2021,QC,Total,15 to 64 years,Part-time employment,677.2,Persons in thousands
2021,QC,Total,15 to 64 years,Participation rate,80.5,Percent
2021,QC,Total,15 to 64 years,Population,5413.5,Persons in thousands
2021,QC,Total,15 to 64 years,Proportion employed full-time,83.5,Percent
2021,QC,Total,15 to 64 years,Proportion employed part-time,16.5,Percent
2021,QC,Total,15 to 64 years,Unemployment,265.6,Persons in thousands
2021,QC,Total,15 to 64 years,Unemployment rate,6.1,Percent
2021,QC,Total,15 years and over,Employment,4261.8,Persons in thousands
2021,QC,Total,15 years and over,Employment rate,60.3,Percent
2021,QC,Total,15 years and over,Full-time employment,3510.8,Persons in thousands
2021,QC,Total,15 years and over,Labour force,4539.4,Persons in thousands
2021,QC,Total,15 years and over,Not in labour force,2522.9,Persons in thousands
2021,QC,Total,15 years and over,Part-time employment,751.0,Persons in thousands
2021,QC,Total,15 years and over,Participation rate,64.3,Percent
2021,QC,Total,15 years and over,Population,7062.2,Persons in thousands
2021,QC,Total,15 years and over,Proportion employed full-time,82.4,Percent
2021,QC,Total,15 years and over,Proportion employed part-time,17.6,Percent
2021,QC,Total,15 years and over,Unemployment,277.6,Persons in thousands
2021,QC,Total,15 years and over,Unemployment rate,6.1,Percent
2021,QC,Total,25 to 54 years,Employment,2784.0,Persons in thousands
2021,QC,Total,25 to 54 years,Employment rate,84.8,Percent
2021,QC,Total,25 to 54 years,Full-time employment,2530.3,Persons in thousands
2021,QC,Total,25 to 54 years,Labour force,2935.5,Persons in thousands
2021,QC,Total,25 to 54 years,Not in labour force,346.6,Persons in thousands
2021,QC,Total,25 to 54 years,Part-time employment,253.7,Persons in thousands
2021,QC,Total,25 to 54 years,Participation rate,89.4,Percent
2021,QC,Total,25 to 54 years,Population,3282.1,Persons in thousands
2021,QC,Total,25 to 54 years,Proportion employed full-time,90.9,Percent
2021,QC,Total,25 to 54 years,Proportion employed part-time,9.1,Percent
2021,QC,Total,25 to 54 years,Unemployment,151.5,Persons in thousands
2021,QC,Total,25 to 54 years,Unemployment rate,5.2,Percent
2021,SK,Total,15 to 24 years,Employment,75.8,Persons in thousands
2021,SK,Total,15 to 24 years,Employment rate,58.0,Percent
2021,SK,Total,15 to 24 years,Full-time employment,42.8,Persons in thousands
2021,SK,Total,15 to 24 years,Labour force,85.8,Persons in thousands
2021,SK,Total,15 to 24 years,Not in labour force,44.7,Persons in thousands
2021,SK,Total,15 to 24 years,Part-time employment,33.0,Persons in thousands
2021,SK,Total,15 to 24 years,Participation rate,65.7,Percent
2021,SK,Total,15 to 24 years,Population,130.6,Persons in thousands
2021,SK,Total,15 to 24 years,Proportion employed full-time,56.5,Percent
2021,SK,Total,15 to 24 years,Proportion employed part-time,43.5,Percent
2021,SK,Total,15 to 24 years,Unemployment,10.0,Persons in thousands
2021,SK,Total,15 to 24 years,Unemployment rate,11.7,Percent
2021,SK,Total,15 to 64 years,Employment,527.4,Persons in thousands
2021,SK,Total,15 to 64 years,Employment rate,75.2,Percent
2021,SK,Total,15 to 64 years,Full-time employment,436.6,Persons in thousands
2021,SK,Total,15 to 64 years,Labour force,564.4,Persons in thousands
2021,SK,Total,15 to 64 years,Not in labour force,136.4,Persons in thousands
2021,SK,Total,15 to 64 years,Part-time employment,90.8,Persons in thousands
2021,SK,Total,15 to 64 years,Participation rate,80.5,Percent
2021,SK,Total,15 to 64 years,Population,700.9,Persons in thousands
2021,SK,Total,15 to 64 years,Proportion employed full-time,82.8,Percent
2021,SK,Total,15 to 64 years,Proportion employed part-time,17.2,Percent
2021,SK,Total,15 to 64 years,Unemployment,37.1,Persons in thousands
2021,SK,Total,15 to 64 years,Unemployment rate,6.6,Percent
2021,SK,Total,15 years and over,Employment,558.3,Persons in thousands
2021,SK,Total,15 years and over,Employment rate,63.1,Percent
2021,SK,Total,15 years and over,Full-time employment,455.0,Persons in thousands
2021,SK,Total,15 years and over,Labour force,597.1,Persons in thousands
2021,SK,Total,15 years and over,Not in labour force,288.1,Persons in thousands
2021,SK,Total,15 years and over,Part-time employment,103.3,Persons in thousands
2021,SK,Total,15 years and over,Participation rate,67.5,Percent
2021,SK,Total,15 years and over,Population,885.2,Persons in thousands
2021,SK,Total,15 years and over,Proportion employed full-time,81.5,Percent
2021,SK,Total,15 years and over,Proportion employed part-time,18.5,Percent
2021,SK,Total,15 years and over,Unemployment,38.8,Persons in thousands
2021,SK,Total,15 years and over,Unemployment rate,6.5,Percent
2021,SK,Total,25 to 54 years,Employment,358.7,Persons in thousands
2021,SK,Total,25 to 54 years,Employment rate,84.1,Percent
2021,SK,Total,25 to 54 years,Full-time employment,317.3,Persons in thousands
2021,SK,Total,25 to 54 years,Labour force,379.5,Persons in thousands
2021,SK,Total,25 to 54 years,Not in labour force,47.1,Persons in thousands
2021,SK,Total,25 to 54 years,Part-time employment,41.4,Persons in thousands
2021,SK,Total,25 to 54 years,Participation rate,88.9,Percent
2021,SK,Total,25 to 54 years,Population,426.7,Persons in thousands
2021,SK,Total,25 to 54 years,Proportion employed full-time,88.5,Percent
2021,SK,Total,25 to 54 years,Proportion employed part-time,11.5,Percent
2021,SK,Total,25 to 54 years,Unemployment,20.8,Persons in thousands
2021,SK,Total,25 to 54 years,Unemployment rate,5.5,Percent
2022,AB,Total,15 to 24 years,Employment,304.0,Persons in thousands
2022,AB,Total,15 to 24 years,Employment rate,57.5,Percent
2022,AB,Total,15 to 24 years,Full-time employment,160.5,Persons in thousands
2022,AB,Total,15 to 24 years,Labour force,341.5,Persons in thousands
2022,AB,Total,15 to 24 years,Not in labour force,187.4,Persons in thousands
2022,AB,Total,15 to 24 years,Part-time employment,143.5,Persons in thousands
2022,AB,Total,15 to 24 years,Participation rate,64.6,Percent
2022,AB,Total,15 to 24 years,Population,528.8,Persons in thousands
2022,AB,Total,15 to 24 years,Proportion employed full-time,52.8,Percent
2022,AB,Total,15 to 24 years,Proportion employed part-time,47.2,Percent
2022,AB,Total,15 to 24 years,Unemployment,37.5,Persons in thousands
2022,AB,Total,15 to 24 years,Unemployment rate,11.0,Percent
2022,AB,Total,15 to 64 years,Employment,2252.3,Persons in thousands
2022,AB,Total,15 to 64 years,Employment rate,76.2,Percent
2022,AB,Total,15 to 64 years,Full-time employment,1858.0,Persons in thousands
2022,AB,Total,15 to 64 years,Labour force,2392.0,Persons in thousands
2022,AB,Total,15 to 64 years,Not in labour force,564.5,Persons in thousands
2022,AB,Total,15 to 64 years,Part-time employment,394.3,Persons in thousands
2022,AB,Total,15 to 64 years,Participation rate,80.9,Percent
2022,AB,Total,15 to 64 years,Population,2956.5,Persons in thousands
2022,AB,Total,15 to 64 years,Proportion employed full-time,82.5,Percent
2022,AB,Total,15 to 64 years,Proportion employed part-time,17.5,Percent
2022,AB,Total,15 to 64 years,Unemployment,139.7,Persons in thousands
2022,AB,Total,15 to 64 years,Unemployment rate,5.8,Percent
2022,AB,Total,15 years and over,Employment,2356.0,Persons in thousands
2022,AB,Total,15 years and over,Employment rate,65.5,Percent
2022,AB,Total,15 years and over,Full-time employment,1920.2,Persons in thousands
2022,AB,Total,15 years and over,Labour force,2502.0,Persons in thousands
2022,AB,Total,15 years and over,Not in labour force,1093.1,Persons in thousands
2022,AB,Total,15 years and over,Part-time employment,435.8,Persons in thousands
2022,AB,Total,15 years and over,Participation rate,69.6,Percent
2022,AB,Total,15 years and over,Population,3595.1,Persons in thousands
2022,AB,Total,15 years and over,Proportion employed full-time,81.5,Percent
2022,AB,Total,15 years and over,Proportion employed part-time,18.5,Percent
2022,AB,Total,15 years and over,Unemployment,146.0,Persons in thousands
2022,AB,Total,15 years and over,Unemployment rate,5.8,Percent
2022,AB,Total,25 to 54 years,Employment,1594.4,Persons in thousands
2022,AB,Total,25 to 54 years,Employment rate,84.5,Percent
2022,AB,Total,25 to 54 years,Full-time employment,1402.7,Persons in thousands
2022,AB,Total,25 to 54 years,Labour force,1673.7,Persons in thousands
2022,AB,Total,25 to 54 years,Not in labour force,212.5,Persons in thousands
2022,AB,Total,25 to 54 years,Part-time employment,191.7,Persons in thousands
2022,AB,Total,25 to 54 years,Participation rate,88.7,Percent
2022,AB,Total,25 to 54 years,Population,1886.2,Persons in thousands
2022,AB,Total,25 to 54 years,Proportion employed full-time,88.0,Percent
2022,AB,Total,25 to 54 years,Proportion employed part-time,12.0,Percent
2022,AB,Total,25 to 54 years,Unemployment,79.3,Persons in thousands
2022,AB,Total,25 to 54 years,Unemployment rate,4.7,Percent
2022,BC,Total,15 to 24 years,Employment,359.4,Persons in thousands
2022,BC,Total,15 to 24 years,Employment rate,60.5,Percent
2022,BC,Total,15 to 24 years,Full-time employment,174.8,Persons in thousands
2022,BC,Total,15 to 24 years,Labour force,394.6,Persons in thousands
2022,BC,Total,15 to 24 years,Not in labour force,199.1,Persons in thousands
2022,BC,Total,15 to 24 years,Part-time employment,184.6,Persons in thousands
2022,BC,Total,15 to 24 years,Participation rate,66.5,Percent
2022,BC,Total,15 to 24 years,Population,593.8,Persons in thousands
2022,BC,Total,15 to 24 years,Proportion employed full-time,48.6,Percent
2022,BC,Total,15 to 24 years,Proportion employed part-time,51.4,Percent
2022,BC,Total,15 to 24 years,Unemployment,35.2,Persons in thousands
2022,BC,Total,15 to 24 years,Unemployment rate,8.9,Percent
2022,BC,Total,15 to 64 years,Employment,2628.8,Persons in thousands
2022,BC,Total,15 to 64 years,Employment rate,76.2,Percent
2022,BC,Total,15 to 64 years,Full-time employment,2123.4,Persons in thousands
2022,BC,Total,15 to 64 years,Labour force,2759.1,Persons in thousands
2022,BC,Total,15 to 64 years,Not in labour force,688.7,Persons in thousands
2022,BC,Total,15 to 64 years,Part-time employment,505.4,Persons in thousands
2022,BC,Total,15 to 64 years,Participation rate,80.0,Percent
2022,BC,Total,15 to 64 years,Population,3447.8,Persons in thousands
2022,BC,Total,15 to 64 years,Proportion employed full-time,80.8,Percent
2022,BC,Total,15 to 64 years,Proportion employed part-time,19.2,Percent
2022,BC,Total,15 to 64 years,Unemployment,130.3,Persons in thousands
2022,BC,Total,15 to 64 years,Unemployment rate,4.7,Percent
2022,BC,Total,15 years and over,Employment,2775.7,Persons in thousands
2022,BC,Total,15 years and over,Employment rate,62.5,Percent
2022,BC,Total,15 years and over,Full-time employment,2204.4,Persons in thousands
2022,BC,Total,15 years and over,Labour force,2911.0,Persons in thousands
2022,BC,Total,15 years and over,Not in labour force,1532.4,Persons in thousands
2022,BC,Total,15 years and over,Part-time employment,571.4,Persons in thousands
2022,BC,Total,15 years and over,Participation rate,65.5,Percent
2022,BC,Total,15 years and over,Population,4443.4,Persons in thousands
2022,BC,Total,15 years and over,Proportion employed full-time,79.4,Percent
2022,BC,Total,15 years and over,Proportion employed part-time,20.6,Percent
2022,BC,Total,15 years and over,Unemployment,135.3,Persons in thousands
2022,BC,Total,15 years and over,Unemployment rate,4.6,Percent
2022,BC,Total,25 to 54 years,Employment,1824.1,Persons in thousands
2022,BC,Total,25 to 54 years,Employment rate,84.5,Percent
2022,BC,Total,25 to 54 years,Full-time employment,1588.3,Persons in thousands
2022,BC,Total,25 to 54 years,Labour force,1900.2,Persons in thousands
2022,BC,Total,25 to 54 years,Not in labour force,257.6,Persons in thousands
2022,BC,Total,25 to 54 years,Part-time employment,235.8,Persons in thousands
2022,BC,Total,25 to 54 years,Participation rate,88.1,Percent
2022,BC,Total,25 to 54 years,Population,2157.8,Persons in thousands
2022,BC,Total,25 to 54 years,Proportion employed full-time,87.1,Percent
2022,BC,Total,25 to 54 years,Proportion employed part-time,12.9,Percent
2022,BC,Total,25 to 54 years,Unemployment,76.1,Persons in thousands
2022,BC,Total,25 to 54 years,Unemployment rate,4.0,Percent
2022,CA,Total,15 to 24 years,Employment,2604.2,Persons in thousands
2022,CA,Total,15 to 24 years,Employment rate,58.7,Percent
2022,CA,Total,15 to 24 years,Full-time employment,1326.9,Persons in thousands
2022,CA,Total,15 to 24 years,Labour force,2894.3,Persons in thousands
2022,CA,Total,15 to 24 years,Not in labour force,1540.6,Persons in thousands
2022,CA,Total,15 to 24 years,Part-time employment,1277.3,Persons in thousands
2022,CA,Total,15 to 24 years,Participation rate,65.3,Percent
2022,CA,Total,15 to 24 years,Population,4435.0,Persons in thousands
2022,CA,Total,15 to 24 years,Proportion employed full-time,51.0,Percent
2022,CA,Total,15 to 24 years,Proportion employed part-time,49.0,Percent
2022,CA,Total,15 to 24 years,Unemployment,290.1,Persons in thousands
2022,CA,Total,15 to 24 years,Unemployment rate,10.0,Percent
2022,CA,Total,15 to 64 years,Employment,18778.0,Persons in thousands
2022,CA,Total,15 to 64 years,Employment rate,75.6,Percent
2022,CA,Total,15 to 64 years,Full-time employment,15624.4,Persons in thousands
2022,CA,Total,15 to 64 years,Labour force,19827.8,Persons in thousands
2022,CA,Total,15 to 64 years,Not in labour force,5015.3,Persons in thousands
2022,CA,Total,15 to 64 years,Part-time employment,3153.7,Persons in thousands
2022,CA,Total,15 to 64 years,Participation rate,79.8,Percent
2022,CA,Total,15 to 64 years,Population,24843.2,Persons in thousands
2022,CA,Total,15 to 64 years,Proportion employed full-time,83.2,Percent
2022,CA,Total,15 to 64 years,Proportion employed part-time,16.8,Percent
2022,CA,Total,15 to 64 years,Unemployment,1049.8,Persons in thousands
2022,CA,Total,15 to 64 years,Unemployment rate,5.3,Percent
2022,CA,Total,15 years and over,Employment,19739.5,Persons in thousands
2022,CA,Total,15 years and over,Employment rate,62.0,Percent
2022,CA,Total,15 years and over,Full-time employment,16173.4,Persons in thousands
2022,CA,Total,15 years and over,Labour force,20838.3,Persons in thousands
2022,CA,Total,15 years and over,Not in labour force,10982.8,Persons in thousands
2022,CA,Total,15 years and over,Part-time employment,3566.1,Persons in thousands
2022,CA,Total,15 years and over,Participation rate,65.5,Percent
2022,CA,Total,15 years and over,Population,31821.1,Persons in thousands
2022,CA,Total,15 years and over,Proportion employed full-time,81.9,Percent
2022,CA,Total,15 years and over,Proportion employed part-time,18.1,Percent
2022,CA,Total,15 years and over,Unemployment,1098.8,Persons in thousands
2022,CA,Total,15 years and over,Unemployment rate,5.3,Percent
2022,CA,Total,25 to 54 years,Employment,12906.0,Persons in thousands
2022,CA,Total,25 to 54 years,Employment rate,84.7,Percent
2022,CA,Total,25 to 54 years,Full-time employment,11564.7,Persons in thousands
2022,CA,Total,25 to 54 years,Labour force,13492.3,Persons in thousands
2022,CA,Total,25 to 54 years,Not in labour force,1748.6,Persons in thousands
2022,CA,Total,25 to 54 years,Part-time employment,1341.3,Persons in thousands
2022,CA,Total,25 to 54 years,Participation rate,88.5,Percent
2022,CA,Total,25 to 54 years,Population,15240.9,Persons in thousands
2022,CA,Total,25 to 54 years,Proportion employed full-time,89.6,Percent
2022,CA,Total,25 to 54 years,Proportion employed part-time,10.4,Percent
2022,CA,Total,25 to 54 years,Unemployment,586.3,Persons in thousands
2022,CA,Total,25 to 54 years,Unemployment rate,4.3,Percent
2022,MB,Total,15 to 24 years,Employment,111.3,Persons in thousands
2022,MB,Total,15 to 24 years,Employment rate,64.3,Percent
2022,MB,Total,15 to 24 years,Full-time employment,62.1,Persons in thousands
2022,MB,Total,15 to 24 years,Labour force,121.4,Persons in thousands
2022,MB,Total,15 to 24 years,Not in labour force,51.5,Persons in thousands
2022,MB,Total,15 to 24 years,Part-time employment,49.2,Persons in thousands
2022,MB,Total,15 to 24 years,Participation rate,70.2,Percent
2022,MB,Total,15 to 24 years,Population,173.0,Persons in thousands
2022,MB,Total,15 to 24 years,Proportion employed full-time,55.8,Percent
2022,MB,Total,15 to 24 years,Proportion employed part-time,44.2,Percent
2022,MB,Total,15 to 24 years,Unemployment,10.1,Persons in thousands
2022,MB,Total,15 to 24 years,Unemployment rate,8.3,Percent
2022,MB,Total,15 to 64 years,Employment,657.5,Persons in thousands
2022,MB,Total,15 to 64 years,Employment rate,76.8,Percent
2022,MB,Total,15 to 64 years,Full-time employment,541.2,Persons in thousands
2022,MB,Total,15 to 64 years,Labour force,688.8,Persons in thousands
2022,MB,Total,15 to 64 years,Not in labour force,167.5,Persons in thousands
2022,MB,Total,15 to 64 years,Part-time employment,116.3,Persons in thousands
2022,MB,Total,15 to 64 years,Participation rate,80.4,Percent
2022,MB,Total,15 to 64 years,Population,856.4,Persons in thousands
2022,MB,Total,15 to 64 years,Proportion employed full-time,82.3,Percent
2022,MB,Total,15 to 64 years,Proportion employed part-time,17.7,Percent
2022,MB,Total,15 to 64 years,Unemployment,31.4,Persons in thousands
2022,MB,Total,15 to 64 years,Unemployment rate,4.6,Percent
2022,MB,Total,15 years and over,Employment,687.9,Persons in thousands
2022,MB,Total,15 years and over,Employment rate,63.7,Percent
2022,MB,Total,15 years and over,Full-time employment,558.9,Persons in thousands
2022,MB,Total,15 years and over,Labour force,720.5,Persons in thousands
2022,MB,Total,15 years and over,Not in labour force,359.0,Persons in thousands
2022,MB,Total,15 years and over,Part-time employment,129.0,Persons in thousands
2022,MB,Total,15 years and over,Participation rate,66.7,Percent
2022,MB,Total,15 years and over,Population,1079.5,Persons in thousands
2022,MB,Total,15 years and over,Proportion employed full-time,81.2,Percent
2022,MB,Total,15 years and over,Proportion employed part-time,18.8,Percent
2022,MB,Total,15 years and over,Unemployment,32.6,Persons in thousands
2022,MB,Total,15 years and over,Unemployment rate,4.5,Percent
2022,MB,Total,25 to 54 years,Employment,443.3,Persons in thousands
2022,MB,Total,25 to 54 years,Employment rate,85.5,Percent
2022,MB,Total,25 to 54 years,Full-time employment,394.4,Persons in thousands
2022,MB,Total,25 to 54 years,Labour force,459.8,Persons in thousands
2022,MB,Total,25 to 54 years,Not in labour force,58.7,Persons in thousands
2022,MB,Total,25 to 54 years,Part-time employment,48.9,Persons in thousands
2022,MB,Total,25 to 54 years,Participation rate,88.7,Percent
2022,MB,Total,25 to 54 years,Population,518.6,Persons in thousands
2022,MB,Total,25 to 54 years,Proportion employed full-time,89.0,Percent
2022,MB,Total,25 to 54 years,Proportion employed part-time,11.0,Percent
2022,MB,Total,25 to 54 years,Unemployment,16.6,Persons in thousands
2022,MB,Total,25 to 54 years,Unemployment rate,3.6,Percent
2022,NB,Total,15 to 24 years,Employment,49.6,Persons in thousands
2022,NB,Total,15 to 24 years,Employment rate,59.5,Percent
2022,NB,Total,15 to 24 years,Full-time employment,30.8,Persons in thousands
2022,NB,Total,15 to 24 years,Labour force,56.3,Persons in thousands
2022,NB,Total,15 to 24 years,Not in labour force,26.9,Persons in thousands
2022,NB,Total,15 to 24 years,Part-time employment,18.8,Persons in thousands
2022,NB,Total,15 to 24 years,Participation rate,67.6,Percent
2022,NB,Total,15 to 24 years,Population,83.3,Persons in thousands
2022,NB,Total,15 to 24 years,Proportion employed full-time,62.1,Percent
2022,NB,Total,15 to 24 years,Proportion employed part-time,37.9,Percent
2022,NB,Total,15 to 24 years,Unemployment,6.7,Persons in thousands
2022,NB,Total,15 to 24 years,Unemployment rate,11.9,Percent
2022,NB,Total,15 to 64 years,Employment,356.5,Persons in thousands
2022,NB,Total,15 to 64 years,Employment rate,72.5,Percent
2022,NB,Total,15 to 64 years,Full-time employment,310.5,Persons in thousands
2022,NB,Total,15 to 64 years,Labour force,383.7,Persons in thousands
2022,NB,Total,15 to 64 years,Not in labour force,108.2,Persons in thousands
2022,NB,Total,15 to 64 years,Part-time employment,46.0,Persons in thousands
2022,NB,Total,15 to 64 years,Participation rate,78.0,Percent
2022,NB,Total,15 to 64 years,Population,491.8,Persons in thousands
2022,NB,Total,15 to 64 years,Proportion employed full-time,87.1,Percent
2022,NB,Total,15 to 64 years,Proportion employed part-time,12.9,Percent
2022,NB,Total,15 to 64 years,Unemployment,27.2,Persons in thousands
2022,NB,Total,15 to 64 years,Unemployment rate,7.1,Percent
2022,NB,Total,15 years and over,Employment,375.6,Persons in thousands
2022,NB,Total,15 years and over,Employment rate,56.1,Percent
2022,NB,Total,15 years and over,Full-time employment,322.9,Persons in thousands
2022,NB,Total,15 years and over,Labour force,404.7,Persons in thousands
2022,NB,Total,15 years and over,Not in labour force,264.3,Persons in thousands
2022,NB,Total,15 years and over,Part-time employment,52.7,Persons in thousands
2022,NB,Total,15 years and over,Participation rate,60.5,Percent
2022,NB,Total,15 years and over,Population,669.0,Persons in thousands
2022,NB,Total,15 years and over,Proportion employed full-time,86.0,Percent
2022,NB,Total,15 years and over,Proportion employed part-time,14.0,Percent
2022,NB,Total,15 years and over,Unemployment,29.1,Persons in thousands
2022,NB,Total,15 years and over,Unemployment rate,7.2,Percent
2022,NB,Total,25 to 54 years,Employment,235.8,Persons in thousands
2022,NB,Total,25 to 54 years,Employment rate,82.4,Percent
2022,NB,Total,25 to 54 years,Full-time employment,218.4,Persons in thousands
2022,NB,Total,25 to 54 years,Labour force,250.0,Persons in thousands
2022,NB,Total,25 to 54 years,Not in labour force,36.1,Persons in thousands
2022,NB,Total,25 to 54 years,Part-time employment,17.4,Persons in thousands
2022,NB,Total,25 to 54 years,Participation rate,87.4,Percent
2022,NB,Total,25 to 54 years,Population,286.1,Persons in thousands
2022,NB,Total,25 to 54 years,Proportion employed full-time,92.6,Percent
2022,NB,Total,25 to 54 years,Proportion employed part-time,7.4,Percent
2022,NB,Total,25 to 54 years,Unemployment,14.3,Persons in thousands
2022,NB,Total,25 to 54 years,Unemployment rate,5.7,Percent
2022,NL,Total,15 to 24 years,Employment,29.3,Persons in thousands
2022,NL,Total,15 to 24 years,Employment rate,53.8,Percent
2022,NL,Total,15 to 24 years,Full-time employment,14.9,Persons in thousands
2022,NL,Total,15 to 24 years,Labour force,34.3,Persons in thousands
2022,NL,Total,15 to 24 years,Not in labour force,20.1,Persons in thousands
2022,NL,Total,15 to 24 years,Part-time employment,14.5,Persons in thousands
2022,NL,Total,15 to 24 years,Participation rate,62.9,Percent
2022,NL,Total,15 to 24 years,Population,54.5,Persons in thousands
2022,NL,Total,15 to 24 years,Proportion employed full-time,50.9,Percent
2022,NL,Total,15 to 24 years,Proportion employed part-time,49.5,Percent
2022,NL,Total,15 to 24 years,Unemployment,5.0,Persons in thousands
2022,NL,Total,15 to 24 years,Unemployment rate,14.6,Percent
2022,NL,Total,15 to 64 years,Employment,222.0,Persons in thousands
2022,NL,Total,15 to 64 years,Employment rate,67.2,Percent
2022,NL,Total,15 to 64 years,Full-time employment,190.5,Persons in thousands
2022,NL,Total,15 to 64 years,Labour force,249.6,Persons in thousands
2022,NL,Total,15 to 64 years,Not in labour force,80.6,Persons in thousands
2022,NL,Total,15 to 64 years,Part-time employment,31.6,Persons in thousands
2022,NL,Total,15 to 64 years,Participation rate,75.6,Percent
2022,NL,Total,15 to 64 years,Population,330.2,Persons in thousands
2022,NL,Total,15 to 64 years,Proportion employed full-time,85.8,Percent
2022,NL,Total,15 to 64 years,Proportion employed part-time,14.2,Percent
2022,NL,Total,15 to 64 years,Unemployment,27.6,Persons in thousands
2022,NL,Total,15 to 64 years,Unemployment rate,11.1,Percent
2022,NL,Total,15 years and over,Employment,234.2,Persons in thousands
2022,NL,Total,15 years and over,Employment rate,51.7,Percent
2022,NL,Total,15 years and over,Full-time employment,198.7,Persons in thousands
2022,NL,Total,15 years and over,Labour force,264.1,Persons in thousands
2022,NL,Total,15 years and over,Not in labour force,189.3,Persons in thousands
2022,NL,Total,15 years and over,Part-time employment,35.5,Persons in thousands
2022,NL,Total,15 years and over,Participation rate,58.3,Percent
2022,NL,Total,15 years and over,Population,453.3,Persons in thousands
2022,NL,Total,15 years and over,Proportion employed full-time,84.8,Percent
2022,NL,Total,15 years and over,Proportion employed part-time,15.2,Percent
2022,NL,Total,15 years and over,Unemployment,29.9,Persons in thousands
2022,NL,Total,15 years and over,Unemployment rate,11.3,Percent
2022,NL,Total,25 to 54 years,Employment,149.8,Persons in thousands
2022,NL,Total,25 to 54 years,Employment rate,78.8,Percent
2022,NL,Total,25 to 54 years,Full-time employment,137.7,Persons in thousands
2022,NL,Total,25 to 54 years,Labour force,164.5,Persons in thousands
2022,NL,Total,25 to 54 years,Not in labour force,25.6,Persons in thousands
2022,NL,Total,25 to 54 years,Part-time employment,12.1,Persons in thousands
2022,NL,Total,25 to 54 years,Participation rate,86.5,Percent
2022,NL,Total,25 to 54 years,Population,190.1,Persons in thousands
2022,NL,Total,25 to 54 years,Proportion employed full-time,91.9,Percent
2022,NL,Total,25 to 54 years,Proportion employed part-time,8.1,Percent
2022,NL,Total,25 to 54 years,Unemployment,14.7,Persons in thousands
2022,NL,Total,25 to 54 years,Unemployment rate,8.9,Percent
2022,NS,Total,15 to 24 years,Employment,67.3,Persons in thousands
2022,NS,Total,15 to 24 years,Employment rate,60.6,Percent
2022,NS,Total,15 to 24 years,Full-time employment,39.3,Persons in thousands
2022,NS,Total,15 to 24 years,Labour force,76.0,Persons in thousands
2022,NS,Total,15 to 24 years,Not in labour force,35.0,Persons in thousands
2022,NS,Total,15 to 24 years,Part-time employment,28.0,Persons in thousands
2022,NS,Total,15 to 24 years,Participation rate,68.5,Percent
2022,NS,Total,15 to 24 years,Population,111.0,Persons in thousands
2022,NS,Total,15 to 24 years,Proportion employed full-time,58.4,Percent
2022,NS,Total,15 to 24 years,Proportion employed part-time,41.6,Percent
2022,NS,Total,15 to 24 years,Unemployment,8.7,Persons in thousands
2022,NS,Total,15 to 24 years,Unemployment rate,11.4,Percent
2022,NS,Total,15 to 64 years,Employment,464.6,Persons in thousands
2022,NS,Total,15 to 64 years,Employment rate,73.1,Percent
2022,NS,Total,15 to 64 years,Full-time employment,392.7,Persons in thousands
2022,NS,Total,15 to 64 years,Labour force,497.0,Persons in thousands
2022,NS,Total,15 to 64 years,Not in labour force,138.9,Persons in thousands
2022,NS,Total,15 to 64 years,Part-time employment,71.9,Persons in thousands
2022,NS,Total,15 to 64 years,Participation rate,78.2,Percent
2022,NS,Total,15 to 64 years,Population,635.8,Persons in thousands
2022,NS,Total,15 to 64 years,Proportion employed full-time,84.5,Percent
2022,NS,Total,15 to 64 years,Proportion employed part-time,15.5,Percent
2022,NS,Total,15 to 64 years,Unemployment,32.3,Persons in thousands
2022,NS,Total,15 to 64 years,Unemployment rate,6.5,Percent
2022,NS,Total,15 years and over,Employment,492.1,Persons in thousands
2022,NS,Total,15 years and over,Employment rate,57.7,Percent
2022,NS,Total,15 years and over,Full-time employment,408.5,Persons in thousands
2022,NS,Total,15 years and over,Labour force,526.6,Persons in thousands
2022,NS,Total,15 years and over,Not in labour force,326.1,Persons in thousands
2022,NS,Total,15 years and over,Part-time employment,83.6,Persons in thousands
2022,NS,Total,15 years and over,Participation rate,61.8,Percent
2022,NS,Total,15 years and over,Population,852.7,Persons in thousands
2022,NS,Total,15 years and over,Proportion employed full-time,83.0,Percent
2022,NS,Total,15 years and over,Proportion employed part-time,17.0,Percent
2022,NS,Total,15 years and over,Unemployment,34.5,Persons in thousands
2022,NS,Total,15 years and over,Unemployment rate,6.6,Percent
2022,NS,Total,25 to 54 years,Employment,305.7,Persons in thousands
2022,NS,Total,25 to 54 years,Employment rate,82.2,Percent
2022,NS,Total,25 to 54 years,Full-time employment,276.0,Persons in thousands
2022,NS,Total,25 to 54 years,Labour force,322.7,Persons in thousands
2022,NS,Total,25 to 54 years,Not in labour force,49.2,Persons in thousands
2022,NS,Total,25 to 54 years,Part-time employment,29.7,Persons in thousands
2022,NS,Total,25 to 54 years,Participation rate,86.8,Percent
2022,NS,Total,25 to 54 years,Population,371.9,Persons in thousands
2022,NS,Total,25 to 54 years,Proportion employed full-time,90.3,Percent
2022,NS,Total,25 to 54 years,Proportion employed part-time,9.7,Percent
2022,NS,Total,25 to 54 years,Unemployment,17.1,Persons in thousands
2022,NS,Total,25 to 54 years,Unemployment rate,5.3,Percent
2022,ON,Total,15 to 24 years,Employment,1015.2,Persons in thousands
2022,ON,Total,15 to 24 years,Employment rate,55.5,Percent
2022,ON,Total,15 to 24 years,Full-time employment,531.8,Persons in thousands
2022,ON,Total,15 to 24 years,Labour force,1146.1,Persons in thousands
2022,ON,Total,15 to 24 years,Not in labour force,683.9,Persons in thousands
2022,ON,Total,15 to 24 years,Part-time employment,483.5,Persons in thousands
2022,ON,Total,15 to 24 years,Participation rate,62.6,Percent
2022,ON,Total,15 to 24 years,Population,1829.9,Persons in thousands
2022,ON,Total,15 to 24 years,Proportion employed full-time,52.4,Percent
2022,ON,Total,15 to 24 years,Proportion employed part-time,47.6,Percent
2022,ON,Total,15 to 24 years,Unemployment,130.8,Persons in thousands
2022,ON,Total,15 to 24 years,Unemployment rate,11.4,Percent
2022,ON,Total,15 to 64 years,Employment,7378.8,Persons in thousands
2022,ON,Total,15 to 64 years,Employment rate,74.6,Percent
2022,ON,Total,15 to 64 years,Full-time employment,6179.5,Persons in thousands
2022,ON,Total,15 to 64 years,Labour force,7818.4,Persons in thousands
2022,ON,Total,15 to 64 years,Not in labour force,2078.2,Persons in thousands
2022,ON,Total,15 to 64 years,Part-time employment,1199.4,Persons in thousands
2022,ON,Total,15 to 64 years,Participation rate,79.0,Percent
2022,ON,Total,15 to 64 years,Population,9896.6,Persons in thousands
2022,ON,Total,15 to 64 years,Proportion employed full-time,83.7,Percent
2022,ON,Total,15 to 64 years,Proportion employed part-time,16.3,Percent
2022,ON,Total,15 to 64 years,Unemployment,439.6,Persons in thousands
2022,ON,Total,15 to 64 years,Unemployment rate,5.6,Percent
2022,ON,Total,15 years and over,Employment,7764.1,Persons in thousands
2022,ON,Total,15 years and over,Employment rate,61.8,Percent
2022,ON,Total,15 years and over,Full-time employment,6411.1,Persons in thousands
2022,ON,Total,15 years and over,Labour force,8221.5,Persons in thousands
2022,ON,Total,15 years and over,Not in labour force,4346.9,Persons in thousands
2022,ON,Total,15 years and over,Part-time employment,1353.0,Persons in thousands
2022,ON,Total,15 years and over,Participation rate,65.4,Percent
2022,ON,Total,15 years and over,Population,12568.4,Persons in thousands
2022,ON,Total,15 years and over,Proportion employed full-time,82.6,Percent
2022,ON,Total,15 years and over,Proportion employed part-time,17.4,Percent
2022,ON,Total,15 years and over,Unemployment,457.4,Persons in thousands
2022,ON,Total,15 years and over,Unemployment rate,5.6,Percent
2022,ON,Total,25 to 54 years,Employment,5062.6,Persons in thousands
2022,ON,Total,25 to 54 years,Employment rate,83.8,Percent
2022,ON,Total,25 to 54 years,Full-time employment,4546.7,Persons in thousands
2022,ON,Total,25 to 54 years,Labour force,5307.6,Persons in thousands
2022,ON,Total,25 to 54 years,Not in labour force,732.7,Persons in thousands
2022,ON,Total,25 to 54 years,Part-time employment,515.9,Persons in thousands
2022,ON,Total,25 to 54 years,Participation rate,87.9,Percent
2022,ON,Total,25 to 54 years,Population,6040.2,Persons in thousands
2022,ON,Total,25 to 54 years,Proportion employed full-time,89.8,Percent
2022,ON,Total,25 to 54 years,Proportion employed part-time,10.2,Percent
2022,ON,Total,25 to 54 years,Unemployment,245.0,Persons in thousands
2022,ON,Total,25 to 54 years,Unemployment rate,4.6,Percent
2022,PE,Total,15 to 24 years,Employment,12.8,Persons in thousands
2022,PE,Total,15 to 24 years,Employment rate,58.2,Percent
2022,PE,Total,15 to 24 years,Full-time employment,8.0,Persons in thousands
2022,PE,Total,15 to 24 years,Labour force,14.5,Persons in thousands
2022,PE,Total,15 to 24 years,Not in labour force,7.5,Persons in thousands
2022,PE,Total,15 to 24 years,Part-time employment,4.7,Persons in thousands
2022,PE,Total,15 to 24 years,Participation rate,65.9,Percent
2022,PE,Total,15 to 24 years,Population,22.0,Persons in thousands
2022,PE,Total,15 to 24 years,Proportion employed full-time,62.5,Percent
2022,PE,Total,15 to 24 years,Proportion employed part-time,36.7,Percent
2022,PE,Total,15 to 24 years,Unemployment,1.7,Persons in thousands
2022,PE,Total,15 to 24 years,Unemployment rate,11.7,Percent
2022,PE,Total,15 to 64 years,Employment,78.8,Persons in thousands
2022,PE,Total,15 to 64 years,Employment rate,73.9,Percent
2022,PE,Total,15 to 64 years,Full-time employment,67.6,Persons in thousands
2022,PE,Total,15 to 64 years,Labour force,85.2,Persons in thousands
2022,PE,Total,15 to 64 years,Not in labour force,21.4,Persons in thousands
2022,PE,Total,15 to 64 years,Part-time employment,11.2,Persons in thousands
2022,PE,Total,15 to 64 years,Participation rate,79.9,Percent
2022,PE,Total,15 to 64 years,Population,106.6,Persons in thousands
2022,PE,Total,15 to 64 years,Proportion employed full-time,85.8,Percent
2022,PE,Total,15 to 64 years,Proportion employed part-time,14.2,Percent
2022,PE,Total,15 to 64 years,Unemployment,6.3,Persons in thousands
2022,PE,Total,15 to 64 years,Unemployment rate,7.4,Percent
2022,PE,Total,15 years and over,Employment,84.1,Persons in thousands
2022,PE,Total,15 years and over,Employment rate,60.2,Percent
2022,PE,Total,15 years and over,Full-time employment,71.0,Persons in thousands
2022,PE,Total,15 years and over,Labour force,91.2,Persons in thousands
2022,PE,Total,15 years and over,Not in labour force,48.6,Persons in thousands
2022,PE,Total,15 years and over,Part-time employment,13.1,Persons in thousands
2022,PE,Total,15 years and over,Participation rate,65.3,Percent
2022,PE,Total,15 years and over,Population,139.7,Persons in thousands
2022,PE,Total,15 years and over,Proportion employed full-time,84.4,Percent
2022,PE,Total,15 years and over,Proportion employed part-time,15.6,Percent
2022,PE,Total,15 years and over,Unemployment,7.0,Persons in thousands
2022,PE,Total,15 years and over,Unemployment rate,7.7,Percent
2022,PE,Total,25 to 54 years,Employment,51.6,Persons in thousands
2022,PE,Total,25 to 54 years,Employment rate,84.3,Percent
2022,PE,Total,25 to 54 years,Full-time employment,47.1,Persons in thousands
2022,PE,Total,25 to 54 years,Labour force,54.6,Persons in thousands
2022,PE,Total,25 to 54 years,Not in labour force,6.6,Persons in thousands
2022,PE,Total,25 to 54 years,Part-time employment,4.5,Persons in thousands
2022,PE,Total,25 to 54 years,Participation rate,89.2,Percent
2022,PE,Total,25 to 54 years,Population,61.2,Persons in thousands
2022,PE,Total,25 to 54 years,Proportion employed full-time,91.3,Percent
2022,PE,Total,25 to 54 years,Proportion employed part-time,8.7,Percent
2022,PE,Total,25 to 54 years,Unemployment,3.0,Persons in thousands
2022,PE,Total,25 to 54 years,Unemployment rate,5.5,Percent
2022,QC,Total,15 to 24 years,Employment,576.4,Persons in thousands
2022,QC,Total,15 to 24 years,Employment rate,63.6,Percent
2022,QC,Total,15 to 24 years,Full-time employment,261.7,Persons in thousands
2022,QC,Total,15 to 24 years,Labour force,623.7,Persons in thousands
2022,QC,Total,15 to 24 years,Not in labour force,282.6,Persons in thousands
2022,QC,Total,15 to 24 years,Part-time employment,314.7,Persons in thousands
2022,QC,Total,15 to 24 years,Participation rate,68.8,Percent
2022,QC,Total,15 to 24 years,Population,906.4,Persons in thousands
2022,QC,Total,15 to 24 years,Proportion employed full-time,45.4,Percent
2022,QC,Total,15 to 24 years,Proportion employed part-time,54.6,Percent
2022,QC,Total,15 to 24 years,Unemployment,47.3,Persons in thousands
2022,QC,Total,15 to 24 years,Unemployment rate,7.6,Percent
2022,QC,Total,15 to 64 years,Employment,4195.0,Persons in thousands
2022,QC,Total,15 to 64 years,Employment rate,77.4,Percent
2022,QC,Total,15 to 64 years,Full-time employment,3507.3,Persons in thousands
2022,QC,Total,15 to 64 years,Labour force,4383.8,Persons in thousands
2022,QC,Total,15 to 64 years,Not in labour force,1033.4,Persons in thousands
2022,QC,Total,15 to 64 years,Part-time employment,687.7,Persons in thousands
2022,QC,Total,15 to 64 years,Participation rate,80.9,Percent
2022,QC,Total,15 to 64 years,Population,5417.2,Persons in thousands
2022,QC,Total,15 to 64 years,Proportion employed full-time,83.6,Percent
2022,QC,Total,15 to 64 years,Proportion employed part-time,16.4,Percent
2022,QC,Total,15 to 64 years,Unemployment,188.8,Persons in thousands
2022,QC,Total,15 to 64 years,Unemployment rate,4.3,Percent
2022,QC,Total,15 years and over,Employment,4392.0,Persons in thousands
2022,QC,Total,15 years and over,Employment rate,61.6,Percent
2022,QC,Total,15 years and over,Full-time employment,3603.0,Persons in thousands
2022,QC,Total,15 years and over,Labour force,4590.8,Persons in thousands
2022,QC,Total,15 years and over,Not in labour force,2534.6,Persons in thousands
2022,QC,Total,15 years and over,Part-time employment,789.0,Persons in thousands
2022,QC,Total,15 years and over,Participation rate,64.4,Percent
2022,QC,Total,15 years and over,Population,7125.4,Persons in thousands
2022,QC,Total,15 years and over,Proportion employed full-time,82.0,Percent
2022,QC,Total,15 years and over,Proportion employed part-time,18.0,Percent
2022,QC,Total,15 years and over,Unemployment,198.8,Persons in thousands
2022,QC,Total,15 years and over,Unemployment rate,4.3,Percent
2022,QC,Total,25 to 54 years,Employment,2868.4,Persons in thousands
2022,QC,Total,25 to 54 years,Employment rate,87.0,Percent
2022,QC,Total,25 to 54 years,Full-time employment,2622.3,Persons in thousands
2022,QC,Total,25 to 54 years,Labour force,2973.5,Persons in thousands
2022,QC,Total,25 to 54 years,Not in labour force,324.4,Persons in thousands
2022,QC,Total,25 to 54 years,Part-time employment,246.1,Persons in thousands
2022,QC,Total,25 to 54 years,Participation rate,90.2,Percent
2022,QC,Total,25 to 54 years,Population,3297.9,Persons in thousands
2022,QC,Total,25 to 54 years,Proportion employed full-time,91.4,Percent
2022,QC,Total,25 to 54 years,Proportion employed part-time,8.6,Percent
2022,QC,Total,25 to 54 years,Unemployment,105.1,Persons in thousands
2022,QC,Total,25 to 54 years,Unemployment rate,3.5,Percent
2022,SK,Total,15 to 24 years,Employment,78.9,Persons in thousands
2022,SK,Total,15 to 24 years,Employment rate,59.5,Percent
2022,SK,Total,15 to 24 years,Full-time employment,43.0,Persons in thousands
2022,SK,Total,15 to 24 years,Labour force,86.0,Persons in thousands
2022,SK,Total,15 to 24 years,Not in labour force,46.5,Persons in thousands
2022,SK,Total,15 to 24 years,Part-time employment,35.9,Persons in thousands
2022,SK,Total,15 to 24 years,Participation rate,64.9,Percent
2022,SK,Total,15 to 24 years,Population,132.5,Persons in thousands
2022,SK,Total,15 to 24 years,Proportion employed full-time,54.5,Percent
2022,SK,Total,15 to 24 years,Proportion employed part-time,45.5,Percent
2022,SK,Total,15 to 24 years,Unemployment,7.0,Persons in thousands
2022,SK,Total,15 to 24 years,Unemployment rate,8.1,Percent
2022,SK,Total,15 to 64 years,Employment,543.7,Persons in thousands
2022,SK,Total,15 to 64 years,Employment rate,77.2,Percent
2022,SK,Total,15 to 64 years,Full-time employment,453.7,Persons in thousands
2022,SK,Total,15 to 64 years,Labour force,570.2,Persons in thousands
2022,SK,Total,15 to 64 years,Not in labour force,133.9,Persons in thousands
2022,SK,Total,15 to 64 years,Part-time employment,90.0,Persons in thousands
2022,SK,Total,15 to 64 years,Participation rate,81.0,Percent
2022,SK,Total,15 to 64 years,Population,704.1,Persons in thousands
2022,SK,Total,15 to 64 years,Proportion employed full-time,83.4,Percent
2022,SK,Total,15 to 64 years,Proportion employed part-time,16.6,Percent
2022,SK,Total,15 to 64 years,Unemployment,26.5,Persons in thousands
2022,SK,Total,15 to 64 years,Unemployment rate,4.6,Percent
2022,SK,Total,15 years and over,Employment,577.8,Persons in thousands
2022,SK,Total,15 years and over,Employment rate,64.6,Percent
2022,SK,Total,15 years and over,Full-time employment,474.7,Persons in thousands
2022,SK,Total,15 years and over,Labour force,605.9,Persons in thousands
2022,SK,Total,15 years and over,Not in labour force,288.5,Persons in thousands
2022,SK,Total,15 years and over,Part-time employment,103.1,Persons in thousands
2022,SK,Total,15 years and over,Participation rate,67.7,Percent
2022,SK,Total,15 years and over,Population,894.5,Persons in thousands
2022,SK,Total,15 years and over,Proportion employed full-time,82.2,Percent
2022,SK,Total,15 years and over,Proportion employed part-time,17.8,Percent
2022,SK,Total,15 years and over,Unemployment,28.1,Persons in thousands
2022,SK,Total,15 years and over,Unemployment rate,4.6,Percent
2022,SK,Total,25 to 54 years,Employment,370.4,Persons in thousands
2022,SK,Total,25 to 54 years,Employment rate,86.0,Percent
2022,SK,Total,25 to 54 years,Full-time employment,331.1,Persons in thousands
2022,SK,Total,25 to 54 years,Labour force,385.7,Persons in thousands
2022,SK,Total,25 to 54 years,Not in labour force,45.1,Persons in thousands
2022,SK,Total,25 to 54 years,Part-time employment,39.3,Persons in thousands
2022,SK,Total,25 to 54 years,Participation rate,89.5,Percent
2022,SK,Total,25 to 54 years,Population,430.8,Persons in thousands
2022,SK,Total,25 to 54 years,Proportion employed full-time,89.4,Percent
2022,SK,Total,25 to 54 years,Proportion employed part-time,10.6,Percent
2022,SK,Total,25 to 54 years,Unemployment,15.3,Persons in thousands
2022,SK,Total,25 to 54 years,Unemployment rate,4.0,Percent
2023,AB,Total,15 to 24 years,Employment,307.2,Persons in thousands
2023,AB,Total,15 to 24 years,Employment rate,55.6,Percent
2023,AB,Total,15 to 24 years,Full-time employment,162.3,Persons in thousands
2023,AB,Total,15 to 24 years,Labour force,349.8,Persons in thousands
2023,AB,Total,15 to 24 years,Not in labour force,203.0,Persons in thousands
2023,AB,Total,15 to 24 years,Part-time employment,144.9,Persons in thousands
2023,AB,Total,15 to 24 years,Participation rate,63.3,Percent
2023,AB,Total,15 to 24 years,Population,552.8,Persons in thousands
2023,AB,Total,15 to 24 years,Proportion employed full-time,52.8,Percent
2023,AB,Total,15 to 24 years,Proportion employed part-time,47.2,Percent
2023,AB,Total,15 to 24 years,Unemployment,42.6,Persons in thousands
2023,AB,Total,15 to 24 years,Unemployment rate,12.2,Percent
2023,AB,Total,15 to 64 years,Employment,2324.2,Persons in thousands
2023,AB,Total,15 to 64 years,Employment rate,76.0,Percent
2023,AB,Total,15 to 64 years,Full-time employment,1928.0,Persons in thousands
2023,AB,Total,15 to 64 years,Labour force,2471.1,Persons in thousands
2023,AB,Total,15 to 64 years,Not in labour force,586.4,Persons in thousands
2023,AB,Total,15 to 64 years,Part-time employment,396.1,Persons in thousands
2023,AB,Total,15 to 64 years,Participation rate,80.8,Percent
2023,AB,Total,15 to 64 years,Population,3057.5,Persons in thousands
2023,AB,Total,15 to 64 years,Proportion employed full-time,83.0,Percent
2023,AB,Total,15 to 64 years,Proportion employed part-time,17.0,Percent
2023,AB,Total,15 to 64 years,Unemployment,146.9,Persons in thousands
2023,AB,Total,15 to 64 years,Unemployment rate,5.9,Percent
2023,AB,Total,15 years and over,Employment,2442.6,Persons in thousands
2023,AB,Total,15 years and over,Employment rate,65.4,Percent
2023,AB,Total,15 years and over,Full-time employment,2001.7,Persons in thousands
2023,AB,Total,15 years and over,Labour force,2595.5,Persons in thousands
2023,AB,Total,15 years and over,Not in labour force,1138.5,Persons in thousands
2023,AB,Total,15 years and over,Part-time employment,440.9,Persons in thousands
2023,AB,Total,15 years and over,Participation rate,69.5,Percent
2023,AB,Total,15 years and over,Population,3734.0,Persons in thousands
2023,AB,Total,15 years and over,Proportion employed full-time,81.9,Percent
2023,AB,Total,15 years and over,Proportion employed part-time,18.1,Percent
2023,AB,Total,15 years and over,Unemployment,152.9,Persons in thousands
2023,AB,Total,15 years and over,Unemployment rate,5.9,Percent
2023,AB,Total,25 to 54 years,Employment,1651.8,Persons in thousands
2023,AB,Total,25 to 54 years,Employment rate,84.2,Percent
2023,AB,Total,25 to 54 years,Full-time employment,1461.1,Persons in thousands
2023,AB,Total,25 to 54 years,Labour force,1737.3,Persons in thousands
2023,AB,Total,25 to 54 years,Not in labour force,224.3,Persons in thousands
2023,AB,Total,25 to 54 years,Part-time employment,190.7,Persons in thousands
2023,AB,Total,25 to 54 years,Participation rate,88.6,Percent
2023,AB,Total,25 to 54 years,Population,1961.5,Persons in thousands
2023,AB,Total,25 to 54 years,Proportion employed full-time,88.5,Percent
2023,AB,Total,25 to 54 years,Proportion employed part-time,11.5,Percent
2023,AB,Total,25 to 54 years,Unemployment,85.4,Persons in thousands
2023,AB,Total,25 to 54 years,Unemployment rate,4.9,Percent
2023,BC,Total,15 to 24 years,Employment,363.1,Persons in thousands
2023,BC,Total,15 to 24 years,Employment rate,59.3,Percent
2023,BC,Total,15 to 24 years,Full-time employment,188.8,Persons in thousands
2023,BC,Total,15 to 24 years,Labour force,401.5,Persons in thousands
2023,BC,Total,15 to 24 years,Not in labour force,210.5,Persons in thousands
2023,BC,Total,15 to 24 years,Part-time employment,174.2,Persons in thousands
2023,BC,Total,15 to 24 years,Participation rate,65.6,Percent
2023,BC,Total,15 to 24 years,Population,611.9,Persons in thousands
2023,BC,Total,15 to 24 years,Proportion employed full-time,52.0,Percent
2023,BC,Total,15 to 24 years,Proportion employed part-time,48.0,Percent
2023,BC,Total,15 to 24 years,Unemployment,38.4,Persons in thousands
2023,BC,Total,15 to 24 years,Unemployment rate,9.6,Percent
2023,BC,Total,15 to 64 years,Employment,2694.0,Persons in thousands
2023,BC,Total,15 to 64 years,Employment rate,76.2,Percent
2023,BC,Total,15 to 64 years,Full-time employment,2188.0,Persons in thousands
2023,BC,Total,15 to 64 years,Labour force,2845.1,Persons in thousands
2023,BC,Total,15 to 64 years,Not in labour force,690.9,Persons in thousands
2023,BC,Total,15 to 64 years,Part-time employment,506.1,Persons in thousands
2023,BC,Total,15 to 64 years,Participation rate,80.5,Percent
2023,BC,Total,15 to 64 years,Population,3536.0,Persons in thousands
2023,BC,Total,15 to 64 years,Proportion employed full-time,81.2,Percent
2023,BC,Total,15 to 64 years,Proportion employed part-time,18.8,Percent
2023,BC,Total,15 to 64 years,Unemployment,151.0,Persons in thousands
2023,BC,Total,15 to 64 years,Unemployment rate,5.3,Percent
2023,BC,Total,15 years and over,Employment,2847.9,Persons in thousands
2023,BC,Total,15 years and over,Employment rate,62.4,Percent
2023,BC,Total,15 years and over,Full-time employment,2280.3,Persons in thousands
2023,BC,Total,15 years and over,Labour force,3003.9,Persons in thousands
2023,BC,Total,15 years and over,Not in labour force,1562.0,Persons in thousands
2023,BC,Total,15 years and over,Part-time employment,567.6,Persons in thousands
2023,BC,Total,15 years and over,Participation rate,65.8,Percent
2023,BC,Total,15 years and over,Population,4565.9,Persons in thousands
2023,BC,Total,15 years and over,Proportion employed full-time,80.1,Percent
2023,BC,Total,15 years and over,Proportion employed part-time,19.9,Percent
2023,BC,Total,15 years and over,Unemployment,155.9,Persons in thousands
2023,BC,Total,15 years and over,Unemployment rate,5.2,Percent
2023,BC,Total,25 to 54 years,Employment,1885.0,Persons in thousands
2023,BC,Total,25 to 54 years,Employment rate,84.4,Percent
2023,BC,Total,25 to 54 years,Full-time employment,1633.8,Persons in thousands
2023,BC,Total,25 to 54 years,Labour force,1974.6,Persons in thousands
2023,BC,Total,25 to 54 years,Not in labour force,258.0,Persons in thousands
2023,BC,Total,25 to 54 years,Part-time employment,251.1,Persons in thousands
2023,BC,Total,25 to 54 years,Participation rate,88.4,Percent
2023,BC,Total,25 to 54 years,Population,2232.6,Persons in thousands
2023,BC,Total,25 to 54 years,Proportion employed full-time,86.7,Percent
2023,BC,Total,25 to 54 years,Proportion employed part-time,13.3,Percent
2023,BC,Total,25 to 54 years,Unemployment,89.6,Persons in thousands
2023,BC,Total,25 to 54 years,Unemployment rate,4.5,Percent
2023,CA,Total,15 to 24 years,Employment,2664.2,Persons in thousands
2023,CA,Total,15 to 24 years,Employment rate,58.0,Percent
2023,CA,Total,15 to 24 years,Full-time employment,1345.8,Persons in thousands
2023,CA,Total,15 to 24 years,Labour force,2983.4,Persons in thousands
2023,CA,Total,15 to 24 years,Not in labour force,1606.9,Persons in thousands
2023,CA,Total,15 to 24 years,Part-time employment,1318.4,Persons in thousands
2023,CA,Total,15 to 24 years,Participation rate,65.0,Percent
2023,CA,Total,15 to 24 years,Population,4590.3,Persons in thousands
2023,CA,Total,15 to 24 years,Proportion employed full-time,50.5,Percent
2023,CA,Total,15 to 24 years,Proportion employed part-time,49.5,Percent
2023,CA,Total,15 to 24 years,Unemployment,319.2,Persons in thousands
2023,CA,Total,15 to 24 years,Unemployment rate,10.7,Percent
2023,CA,Total,15 to 64 years,Employment,19299.1,Persons in thousands
2023,CA,Total,15 to 64 years,Employment rate,75.9,Percent
2023,CA,Total,15 to 64 years,Full-time employment,16087.8,Persons in thousands
2023,CA,Total,15 to 64 years,Labour force,20412.5,Persons in thousands
2023,CA,Total,15 to 64 years,Not in labour force,5020.0,Persons in thousands
2023,CA,Total,15 to 64 years,Part-time employment,3211.2,Persons in thousands
2023,CA,Total,15 to 64 years,Participation rate,80.3,Percent
2023,CA,Total,15 to 64 years,Population,25432.5,Persons in thousands
2023,CA,Total,15 to 64 years,Proportion employed full-time,83.4,Percent
2023,CA,Total,15 to 64 years,Proportion employed part-time,16.6,Percent
2023,CA,Total,15 to 64 years,Unemployment,1113.4,Persons in thousands
2023,CA,Total,15 to 64 years,Unemployment rate,5.5,Percent
2023,CA,Total,15 years and over,Employment,20334.8,Persons in thousands
2023,CA,Total,15 years and over,Employment rate,62.2,Percent
2023,CA,Total,15 years and over,Full-time employment,16695.9,Persons in thousands
2023,CA,Total,15 years and over,Labour force,21493.0,Persons in thousands
2023,CA,Total,15 years and over,Not in labour force,11176.7,Persons in thousands
2023,CA,Total,15 years and over,Part-time employment,3638.9,Persons in thousands
2023,CA,Total,15 years and over,Participation rate,65.8,Percent
2023,CA,Total,15 years and over,Population,32669.7,Persons in thousands
2023,CA,Total,15 years and over,Proportion employed full-time,82.1,Percent
2023,CA,Total,15 years and over,Proportion employed part-time,17.9,Percent
2023,CA,Total,15 years and over,Unemployment,1158.3,Persons in thousands
2023,CA,Total,15 years and over,Unemployment rate,5.4,Percent
2023,CA,Total,25 to 54 years,Employment,13319.3,Persons in thousands
2023,CA,Total,25 to 54 years,Employment rate,84.8,Percent
2023,CA,Total,25 to 54 years,Full-time employment,11948.9,Persons in thousands
2023,CA,Total,25 to 54 years,Labour force,13951.8,Persons in thousands
2023,CA,Total,25 to 54 years,Not in labour force,1762.7,Persons in thousands
2023,CA,Total,25 to 54 years,Part-time employment,1370.3,Persons in thousands
2023,CA,Total,25 to 54 years,Participation rate,88.8,Percent
2023,CA,Total,25 to 54 years,Population,15714.5,Persons in thousands
2023,CA,Total,25 to 54 years,Proportion employed full-time,89.7,Percent
2023,CA,Total,25 to 54 years,Proportion employed part-time,10.3,Percent
2023,CA,Total,25 to 54 years,Unemployment,632.5,Persons in thousands
2023,CA,Total,25 to 54 years,Unemployment rate,4.5,Percent
2023,MB,Total,15 to 24 years,Employment,111.9,Persons in thousands
2023,MB,Total,15 to 24 years,Employment rate,62.8,Percent
2023,MB,Total,15 to 24 years,Full-time employment,62.5,Persons in thousands
2023,MB,Total,15 to 24 years,Labour force,123.6,Persons in thousands
2023,MB,Total,15 to 24 years,Not in labour force,54.5,Persons in thousands
2023,MB,Total,15 to 24 years,Part-time employment,49.4,Persons in thousands
2023,MB,Total,15 to 24 years,Participation rate,69.4,Percent
2023,MB,Total,15 to 24 years,Population,178.1,Persons in thousands
2023,MB,Total,15 to 24 years,Proportion employed full-time,55.9,Percent
2023,MB,Total,15 to 24 years,Proportion employed part-time,44.1,Percent
2023,MB,Total,15 to 24 years,Unemployment,11.7,Persons in thousands
2023,MB,Total,15 to 24 years,Unemployment rate,9.5,Percent
2023,MB,Total,15 to 64 years,Employment,671.0,Persons in thousands
2023,MB,Total,15 to 64 years,Employment rate,76.5,Percent
2023,MB,Total,15 to 64 years,Full-time employment,561.1,Persons in thousands
2023,MB,Total,15 to 64 years,Labour force,706.2,Persons in thousands
2023,MB,Total,15 to 64 years,Not in labour force,170.9,Persons in thousands
2023,MB,Total,15 to 64 years,Part-time employment,109.9,Persons in thousands
2023,MB,Total,15 to 64 years,Participation rate,80.5,Percent
2023,MB,Total,15 to 64 years,Population,877.1,Persons in thousands
2023,MB,Total,15 to 64 years,Proportion employed full-time,83.6,Percent
2023,MB,Total,15 to 64 years,Proportion employed part-time,16.4,Percent
2023,MB,Total,15 to 64 years,Unemployment,35.2,Persons in thousands
2023,MB,Total,15 to 64 years,Unemployment rate,5.0,Percent
2023,MB,Total,15 years and over,Employment,706.8,Persons in thousands
2023,MB,Total,15 years and over,Employment rate,63.8,Percent
2023,MB,Total,15 years and over,Full-time employment,581.3,Persons in thousands
2023,MB,Total,15 years and over,Labour force,743.1,Persons in thousands
2023,MB,Total,15 years and over,Not in labour force,364.7,Persons in thousands
2023,MB,Total,15 years and over,Part-time employment,125.5,Persons in thousands
2023,MB,Total,15 years and over,Participation rate,67.1,Percent
2023,MB,Total,15 years and over,Population,1107.8,Persons in thousands
2023,MB,Total,15 years and over,Proportion employed full-time,82.2,Percent
2023,MB,Total,15 years and over,Proportion employed part-time,17.8,Percent
2023,MB,Total,15 years and over,Unemployment,36.3,Persons in thousands
2023,MB,Total,15 years and over,Unemployment rate,4.9,Percent
2023,MB,Total,25 to 54 years,Employment,456.9,Persons in thousands
2023,MB,Total,25 to 54 years,Employment rate,85.2,Percent
2023,MB,Total,25 to 54 years,Full-time employment,412.5,Persons in thousands
2023,MB,Total,25 to 54 years,Labour force,476.2,Persons in thousands
2023,MB,Total,25 to 54 years,Not in labour force,60.1,Persons in thousands
2023,MB,Total,25 to 54 years,Part-time employment,44.4,Persons in thousands
2023,MB,Total,25 to 54 years,Participation rate,88.8,Percent
2023,MB,Total,25 to 54 years,Population,536.3,Persons in thousands
2023,MB,Total,25 to 54 years,Proportion employed full-time,90.3,Percent
2023,MB,Total,25 to 54 years,Proportion employed part-time,9.7,Percent
2023,MB,Total,25 to 54 years,Unemployment,19.3,Persons in thousands
2023,MB,Total,25 to 54 years,Unemployment rate,4.1,Percent
2023,NB,Total,15 to 24 years,Employment,51.5,Persons in thousands
2023,NB,Total,15 to 24 years,Employment rate,59.1,Percent
2023,NB,Total,15 to 24 years,Full-time employment,31.5,Persons in thousands
2023,NB,Total,15 to 24 years,Labour force,58.2,Persons in thousands
2023,NB,Total,15 to 24 years,Not in labour force,28.8,Persons in thousands
2023,NB,Total,15 to 24 years,Part-time employment,20.0,Persons in thousands
2023,NB,Total,15 to 24 years,Participation rate,66.8,Percent
2023,NB,Total,15 to 24 years,Population,87.1,Persons in thousands
2023,NB,Total,15 to 24 years,Proportion employed full-time,61.2,Percent
2023,NB,Total,15 to 24 years,Proportion employed part-time,38.8,Percent
2023,NB,Total,15 to 24 years,Unemployment,6.8,Persons in thousands
2023,NB,Total,15 to 24 years,Unemployment rate,11.7,Percent
2023,NB,Total,15 to 64 years,Employment,369.5,Persons in thousands
2023,NB,Total,15 to 64 years,Employment rate,73.2,Percent
2023,NB,Total,15 to 64 years,Full-time employment,321.4,Persons in thousands
2023,NB,Total,15 to 64 years,Labour force,395.0,Persons in thousands
2023,NB,Total,15 to 64 years,Not in labour force,110.0,Persons in thousands
2023,NB,Total,15 to 64 years,Part-time employment,48.1,Persons in thousands
2023,NB,Total,15 to 64 years,Participation rate,78.2,Percent
2023,NB,Total,15 to 64 years,Population,505.0,Persons in thousands
2023,NB,Total,15 to 64 years,Proportion employed full-time,87.0,Percent
2023,NB,Total,15 to 64 years,Proportion employed part-time,13.0,Percent
2023,NB,Total,15 to 64 years,Unemployment,25.4,Persons in thousands
2023,NB,Total,15 to 64 years,Unemployment rate,6.4,Percent
2023,NB,Total,15 years and over,Employment,388.6,Persons in thousands
2023,NB,Total,15 years and over,Employment rate,56.4,Percent
2023,NB,Total,15 years and over,Full-time employment,332.7,Persons in thousands
2023,NB,Total,15 years and over,Labour force,415.9,Persons in thousands
2023,NB,Total,15 years and over,Not in labour force,272.8,Persons in thousands
2023,NB,Total,15 years and over,Part-time employment,55.9,Persons in thousands
2023,NB,Total,15 years and over,Participation rate,60.4,Percent
2023,NB,Total,15 years and over,Population,688.7,Persons in thousands
2023,NB,Total,15 years and over,Proportion employed full-time,85.6,Percent
2023,NB,Total,15 years and over,Proportion employed part-time,14.4,Percent
2023,NB,Total,15 years and over,Unemployment,27.3,Persons in thousands
2023,NB,Total,15 years and over,Unemployment rate,6.6,Percent
2023,NB,Total,25 to 54 years,Employment,247.5,Persons in thousands
2023,NB,Total,25 to 54 years,Employment rate,83.4,Percent
2023,NB,Total,25 to 54 years,Full-time employment,228.2,Persons in thousands
2023,NB,Total,25 to 54 years,Labour force,260.9,Persons in thousands
2023,NB,Total,25 to 54 years,Not in labour force,35.7,Persons in thousands
2023,NB,Total,25 to 54 years,Part-time employment,19.3,Persons in thousands
2023,NB,Total,25 to 54 years,Participation rate,88.0,Percent
2023,NB,Total,25 to 54 years,Population,296.6,Persons in thousands
2023,NB,Total,25 to 54 years,Proportion employed full-time,92.2,Percent
2023,NB,Total,25 to 54 years,Proportion employed part-time,7.8,Percent
2023,NB,Total,25 to 54 years,Unemployment,13.4,Persons in thousands
2023,NB,Total,25 to 54 years,Unemployment rate,5.1,Percent
2023,NL,Total,15 to 24 years,Employment,28.7,Persons in thousands
2023,NL,Total,15 to 24 years,Employment rate,51.7,Percent
2023,NL,Total,15 to 24 years,Full-time employment,14.9,Persons in thousands
2023,NL,Total,15 to 24 years,Labour force,33.6,Persons in thousands
2023,NL,Total,15 to 24 years,Not in labour force,21.9,Persons in thousands
2023,NL,Total,15 to 24 years,Part-time employment,13.8,Persons in thousands
2023,NL,Total,15 to 24 years,Participation rate,60.5,Percent
2023,NL,Total,15 to 24 years,Population,55.5,Persons in thousands
2023,NL,Total,15 to 24 years,Proportion employed full-time,51.9,Percent
2023,NL,Total,15 to 24 years,Proportion employed part-time,48.1,Percent
2023,NL,Total,15 to 24 years,Unemployment,4.9,Persons in thousands
2023,NL,Total,15 to 24 years,Unemployment rate,14.6,Percent
2023,NL,Total,15 to 64 years,Employment,225.3,Persons in thousands
2023,NL,Total,15 to 64 years,Employment rate,67.7,Percent
2023,NL,Total,15 to 64 years,Full-time employment,193.1,Persons in thousands
2023,NL,Total,15 to 64 years,Labour force,250.0,Persons in thousands
2023,NL,Total,15 to 64 years,Not in labour force,82.6,Persons in thousands
2023,NL,Total,15 to 64 years,Part-time employment,32.2,Persons in thousands
2023,NL,Total,15 to 64 years,Participation rate,75.2,Percent
2023,NL,Total,15 to 64 years,Population,332.6,Persons in thousands
2023,NL,Total,15 to 64 years,Proportion employed full-time,85.7,Percent
2023,NL,Total,15 to 64 years,Proportion employed part-time,14.3,Percent
2023,NL,Total,15 to 64 years,Unemployment,24.7,Persons in thousands
2023,NL,Total,15 to 64 years,Unemployment rate,9.9,Percent
2023,NL,Total,15 years and over,Employment,238.3,Persons in thousands
2023,NL,Total,15 years and over,Employment rate,51.8,Percent
2023,NL,Total,15 years and over,Full-time employment,201.3,Persons in thousands
2023,NL,Total,15 years and over,Labour force,264.6,Persons in thousands
2023,NL,Total,15 years and over,Not in labour force,195.1,Persons in thousands
2023,NL,Total,15 years and over,Part-time employment,37.0,Persons in thousands
2023,NL,Total,15 years and over,Participation rate,57.6,Percent
2023,NL,Total,15 years and over,Population,459.7,Persons in thousands
2023,NL,Total,15 years and over,Proportion employed full-time,84.5,Percent
2023,NL,Total,15 years and over,Proportion employed part-time,15.5,Percent
2023,NL,Total,15 years and over,Unemployment,26.3,Persons in thousands
2023,NL,Total,15 years and over,Unemployment rate,9.9,Percent
2023,NL,Total,25 to 54 years,Employment,152.7,Persons in thousands
2023,NL,Total,25 to 54 years,Employment rate,79.6,Percent
2023,NL,Total,25 to 54 years,Full-time employment,139.5,Persons in thousands
2023,NL,Total,25 to 54 years,Labour force,165.7,Persons in thousands
2023,NL,Total,25 to 54 years,Not in labour force,26.1,Persons in thousands
2023,NL,Total,25 to 54 years,Part-time employment,13.2,Persons in thousands
2023,NL,Total,25 to 54 years,Participation rate,86.4,Percent
2023,NL,Total,25 to 54 years,Population,191.8,Persons in thousands
2023,NL,Total,25 to 54 years,Proportion employed full-time,91.4,Percent
2023,NL,Total,25 to 54 years,Proportion employed part-time,8.6,Percent
2023,NL,Total,25 to 54 years,Unemployment,13.0,Persons in thousands
2023,NL,Total,25 to 54 years,Unemployment rate,7.8,Percent
2023,NS,Total,15 to 24 years,Employment,66.2,Persons in thousands
2023,NS,Total,15 to 24 years,Employment rate,58.3,Percent
2023,NS,Total,15 to 24 years,Full-time employment,36.6,Persons in thousands
2023,NS,Total,15 to 24 years,Labour force,75.2,Persons in thousands
2023,NS,Total,15 to 24 years,Not in labour force,38.4,Persons in thousands
2023,NS,Total,15 to 24 years,Part-time employment,29.5,Persons in thousands
2023,NS,Total,15 to 24 years,Participation rate,66.2,Percent
2023,NS,Total,15 to 24 years,Population,113.6,Persons in thousands
2023,NS,Total,15 to 24 years,Proportion employed full-time,55.3,Percent
2023,NS,Total,15 to 24 years,Proportion employed part-time,44.6,Percent
2023,NS,Total,15 to 24 years,Unemployment,9.0,Persons in thousands
2023,NS,Total,15 to 24 years,Unemployment rate,12.0,Percent
2023,NS,Total,15 to 64 years,Employment,476.7,Persons in thousands
2023,NS,Total,15 to 64 years,Employment rate,73.1,Percent
2023,NS,Total,15 to 64 years,Full-time employment,400.4,Persons in thousands
2023,NS,Total,15 to 64 years,Labour force,509.1,Persons in thousands
2023,NS,Total,15 to 64 years,Not in labour force,143.1,Persons in thousands
2023,NS,Total,15 to 64 years,Part-time employment,76.3,Persons in thousands
2023,NS,Total,15 to 64 years,Participation rate,78.1,Percent
2023,NS,Total,15 to 64 years,Population,652.2,Persons in thousands
2023,NS,Total,15 to 64 years,Proportion employed full-time,84.0,Percent
2023,NS,Total,15 to 64 years,Proportion employed part-time,16.0,Percent
2023,NS,Total,15 to 64 years,Unemployment,32.4,Persons in thousands
2023,NS,Total,15 to 64 years,Unemployment rate,6.4,Percent
2023,NS,Total,15 years and over,Employment,505.3,Persons in thousands
2023,NS,Total,15 years and over,Employment rate,57.6,Percent
2023,NS,Total,15 years and over,Full-time employment,416.5,Persons in thousands
2023,NS,Total,15 years and over,Labour force,539.6,Persons in thousands
2023,NS,Total,15 years and over,Not in labour force,337.2,Persons in thousands
2023,NS,Total,15 years and over,Part-time employment,88.8,Persons in thousands
2023,NS,Total,15 years and over,Participation rate,61.5,Percent
2023,NS,Total,15 years and over,Population,876.8,Persons in thousands
2023,NS,Total,15 years and over,Proportion employed full-time,82.4,Percent
2023,NS,Total,15 years and over,Proportion employed part-time,17.6,Percent
2023,NS,Total,15 years and over,Unemployment,34.3,Persons in thousands
2023,NS,Total,15 years and over,Unemployment rate,6.4,Percent
2023,NS,Total,25 to 54 years,Employment,322.2,Persons in thousands
2023,NS,Total,25 to 54 years,Employment rate,83.2,Percent
2023,NS,Total,25 to 54 years,Full-time employment,290.3,Persons in thousands
2023,NS,Total,25 to 54 years,Labour force,340.0,Persons in thousands
2023,NS,Total,25 to 54 years,Not in labour force,47.5,Persons in thousands
2023,NS,Total,25 to 54 years,Part-time employment,31.9,Persons in thousands
2023,NS,Total,25 to 54 years,Participation rate,87.8,Percent
2023,NS,Total,25 to 54 years,Population,387.4,Persons in thousands
2023,NS,Total,25 to 54 years,Proportion employed full-time,90.1,Percent
2023,NS,Total,25 to 54 years,Proportion employed part-time,9.9,Percent
2023,NS,Total,25 to 54 years,Unemployment,17.7,Persons in thousands
2023,NS,Total,25 to 54 years,Unemployment rate,5.2,Percent
2023,ON,Total,15 to 24 years,Employment,1035.0,Persons in thousands
2023,ON,Total,15 to 24 years,Employment rate,54.5,Percent
2023,ON,Total,15 to 24 years,Full-time employment,527.6,Persons in thousands
2023,ON,Total,15 to 24 years,Labour force,1182.2,Persons in thousands
2023,ON,Total,15 to 24 years,Not in labour force,718.0,Persons in thousands
2023,ON,Total,15 to 24 years,Part-time employment,507.4,Persons in thousands
2023,ON,Total,15 to 24 years,Participation rate,62.2,Percent
2023,ON,Total,15 to 24 years,Population,1900.2,Persons in thousands
2023,ON,Total,15 to 24 years,Proportion employed full-time,51.0,Percent
2023,ON,Total,15 to 24 years,Proportion employed part-time,49.0,Percent
2023,ON,Total,15 to 24 years,Unemployment,147.2,Persons in thousands
2023,ON,Total,15 to 24 years,Unemployment rate,12.5,Percent
2023,ON,Total,15 to 64 years,Employment,7597.6,Persons in thousands
2023,ON,Total,15 to 64 years,Employment rate,74.8,Percent
2023,ON,Total,15 to 64 years,Full-time employment,6380.6,Persons in thousands
2023,ON,Total,15 to 64 years,Labour force,8060.6,Persons in thousands
2023,ON,Total,15 to 64 years,Not in labour force,2096.1,Persons in thousands
2023,ON,Total,15 to 64 years,Part-time employment,1217.0,Persons in thousands
2023,ON,Total,15 to 64 years,Participation rate,79.4,Percent
2023,ON,Total,15 to 64 years,Population,10156.7,Persons in thousands
2023,ON,Total,15 to 64 years,Proportion employed full-time,84.0,Percent
2023,ON,Total,15 to 64 years,Proportion employed part-time,16.0,Percent
2023,ON,Total,15 to 64 years,Unemployment,463.0,Persons in thousands
2023,ON,Total,15 to 64 years,Unemployment rate,5.7,Percent
2023,ON,Total,15 years and over,Employment,8006.1,Persons in thousands
2023,ON,Total,15 years and over,Employment rate,62.0,Percent
2023,ON,Total,15 years and over,Full-time employment,6632.4,Persons in thousands
2023,ON,Total,15 years and over,Labour force,8483.8,Persons in thousands
2023,ON,Total,15 years and over,Not in labour force,4439.1,Persons in thousands
2023,ON,Total,15 years and over,Part-time employment,1373.8,Persons in thousands
2023,ON,Total,15 years and over,Participation rate,65.6,Percent
2023,ON,Total,15 years and over,Population,12922.9,Persons in thousands
2023,ON,Total,15 years and over,Proportion employed full-time,82.8,Percent
2023,ON,Total,15 years and over,Proportion employed part-time,17.2,Percent
2023,ON,Total,15 years and over,Unemployment,477.7,Persons in thousands
2023,ON,Total,15 years and over,Unemployment rate,5.6,Percent
2023,ON,Total,25 to 54 years,Employment,5244.6,Persons in thousands
2023,ON,Total,25 to 54 years,Employment rate,84.1,Percent
2023,ON,Total,25 to 54 years,Full-time employment,4729.9,Persons in thousands
2023,ON,Total,25 to 54 years,Labour force,5501.9,Persons in thousands
2023,ON,Total,25 to 54 years,Not in labour force,735.2,Persons in thousands
2023,ON,Total,25 to 54 years,Part-time employment,514.7,Persons in thousands
2023,ON,Total,25 to 54 years,Participation rate,88.2,Percent
2023,ON,Total,25 to 54 years,Population,6237.1,Persons in thousands
2023,ON,Total,25 to 54 years,Proportion employed full-time,90.2,Percent
2023,ON,Total,25 to 54 years,Proportion employed part-time,9.8,Percent
2023,ON,Total,25 to 54 years,Unemployment,257.3,Persons in thousands
2023,ON,Total,25 to 54 years,Unemployment rate,4.7,Percent
2023,PE,Total,15 to 24 years,Employment,13.8,Persons in thousands
2023,PE,Total,15 to 24 years,Employment rate,59.7,Percent
2023,PE,Total,15 to 24 years,Full-time employment,9.1,Persons in thousands
2023,PE,Total,15 to 24 years,Labour force,15.6,Persons in thousands
2023,PE,Total,15 to 24 years,Not in labour force,7.6,Persons in thousands
2023,PE,Total,15 to 24 years,Part-time employment,4.7,Persons in thousands
2023,PE,Total,15 to 24 years,Participation rate,67.5,Percent
2023,PE,Total,15 to 24 years,Population,23.1,Persons in thousands
2023,PE,Total,15 to 24 years,Proportion employed full-time,65.9,Percent
2023,PE,Total,15 to 24 years,Proportion employed part-time,34.1,Percent
2023,PE,Total,15 to 24 years,Unemployment,1.8,Persons in thousands
2023,PE,Total,15 to 24 years,Unemployment rate,11.5,Percent
2023,PE,Total,15 to 64 years,Employment,83.5,Persons in thousands
2023,PE,Total,15 to 64 years,Employment rate,75.3,Percent
2023,PE,Total,15 to 64 years,Full-time employment,72.2,Persons in thousands
2023,PE,Total,15 to 64 years,Labour force,89.9,Persons in thousands
2023,PE,Total,15 to 64 years,Not in labour force,21.0,Persons in thousands
2023,PE,Total,15 to 64 years,Part-time employment,11.3,Persons in thousands
2023,PE,Total,15 to 64 years,Participation rate,81.1,Percent
2023,PE,Total,15 to 64 years,Population,110.9,Persons in thousands
2023,PE,Total,15 to 64 years,Proportion employed full-time,86.5,Percent
2023,PE,Total,15 to 64 years,Proportion employed part-time,13.5,Percent
2023,PE,Total,15 to 64 years,Unemployment,6.4,Persons in thousands
2023,PE,Total,15 to 64 years,Unemployment rate,7.1,Percent
2023,PE,Total,15 years and over,Employment,89.3,Persons in thousands
2023,PE,Total,15 years and over,Employment rate,61.4,Percent
2023,PE,Total,15 years and over,Full-time employment,76.2,Persons in thousands
2023,PE,Total,15 years and over,Labour force,96.2,Persons in thousands
2023,PE,Total,15 years and over,Not in labour force,49.1,Persons in thousands
2023,PE,Total,15 years and over,Part-time employment,13.1,Persons in thousands
2023,PE,Total,15 years and over,Participation rate,66.2,Percent
2023,PE,Total,15 years and over,Population,145.4,Persons in thousands
2023,PE,Total,15 years and over,Proportion employed full-time,85.3,Percent
2023,PE,Total,15 years and over,Proportion employed part-time,14.7,Percent
2023,PE,Total,15 years and over,Unemployment,6.9,Persons in thousands
2023,PE,Total,15 years and over,Unemployment rate,7.2,Percent
2023,PE,Total,25 to 54 years,Employment,54.0,Persons in thousands
2023,PE,Total,25 to 54 years,Employment rate,84.0,Percent
2023,PE,Total,25 to 54 years,Full-time employment,49.7,Persons in thousands
2023,PE,Total,25 to 54 years,Labour force,57.4,Persons in thousands
2023,PE,Total,25 to 54 years,Not in labour force,6.9,Persons in thousands
2023,PE,Total,25 to 54 years,Part-time employment,4.4,Persons in thousands
2023,PE,Total,25 to 54 years,Participation rate,89.3,Percent
2023,PE,Total,25 to 54 years,Population,64.3,Persons in thousands
2023,PE,Total,25 to 54 years,Proportion employed full-time,92.0,Percent
2023,PE,Total,25 to 54 years,Proportion employed part-time,8.1,Percent
2023,PE,Total,25 to 54 years,Unemployment,3.4,Persons in thousands
2023,PE,Total,25 to 54 years,Unemployment rate,5.9,Percent
2023,QC,Total,15 to 24 years,Employment,607.1,Persons in thousands
2023,QC,Total,15 to 24 years,Employment rate,65.3,Percent
2023,QC,Total,15 to 24 years,Full-time employment,268.2,Persons in thousands
2023,QC,Total,15 to 24 years,Labour force,655.5,Persons in thousands
2023,QC,Total,15 to 24 years,Not in labour force,274.8,Persons in thousands
2023,QC,Total,15 to 24 years,Part-time employment,338.8,Persons in thousands
2023,QC,Total,15 to 24 years,Participation rate,70.5,Percent
2023,QC,Total,15 to 24 years,Population,930.3,Persons in thousands
2023,QC,Total,15 to 24 years,Proportion employed full-time,44.2,Percent
2023,QC,Total,15 to 24 years,Proportion employed part-time,55.8,Percent
2023,QC,Total,15 to 24 years,Unemployment,48.5,Persons in thousands
2023,QC,Total,15 to 24 years,Unemployment rate,7.4,Percent
2023,QC,Total,15 to 64 years,Employment,4305.1,Persons in thousands
2023,QC,Total,15 to 64 years,Employment rate,78.5,Percent
2023,QC,Total,15 to 64 years,Full-time employment,3579.5,Persons in thousands
2023,QC,Total,15 to 64 years,Labour force,4505.3,Persons in thousands
2023,QC,Total,15 to 64 years,Not in labour force,979.1,Persons in thousands
2023,QC,Total,15 to 64 years,Part-time employment,725.6,Persons in thousands
2023,QC,Total,15 to 64 years,Participation rate,82.1,Percent
2023,QC,Total,15 to 64 years,Population,5484.5,Persons in thousands
2023,QC,Total,15 to 64 years,Proportion employed full-time,83.1,Percent
2023,QC,Total,15 to 64 years,Proportion employed part-time,16.9,Percent
2023,QC,Total,15 to 64 years,Unemployment,200.3,Persons in thousands
2023,QC,Total,15 to 64 years,Unemployment rate,4.4,Percent
2023,QC,Total,15 years and over,Employment,4522.8,Persons in thousands
2023,QC,Total,15 years and over,Employment rate,62.4,Percent
2023,QC,Total,15 years and over,Full-time employment,3689.4,Persons in thousands
2023,QC,Total,15 years and over,Labour force,4734.4,Persons in thousands
2023,QC,Total,15 years and over,Not in labour force,2517.2,Persons in thousands
2023,QC,Total,15 years and over,Part-time employment,833.4,Persons in thousands
2023,QC,Total,15 years and over,Participation rate,65.3,Percent
2023,QC,Total,15 years and over,Population,7251.7,Persons in thousands
2023,QC,Total,15 years and over,Proportion employed full-time,81.6,Percent
2023,QC,Total,15 years and over,Proportion employed part-time,18.4,Percent
2023,QC,Total,15 years and over,Unemployment,211.6,Persons in thousands
2023,QC,Total,15 years and over,Unemployment rate,4.5,Percent
2023,QC,Total,25 to 54 years,Employment,2925.3,Persons in thousands
2023,QC,Total,25 to 54 years,Employment rate,87.0,Percent
2023,QC,Total,25 to 54 years,Full-time employment,2660.7,Persons in thousands
2023,QC,Total,25 to 54 years,Labour force,3042.3,Persons in thousands
2023,QC,Total,25 to 54 years,Not in labour force,320.4,Persons in thousands
2023,QC,Total,25 to 54 years,Part-time employment,264.6,Persons in thousands
2023,QC,Total,25 to 54 years,Participation rate,90.5,Percent
2023,QC,Total,25 to 54 years,Population,3362.7,Persons in thousands
2023,QC,Total,25 to 54 years,Proportion employed full-time,91.0,Percent
2023,QC,Total,25 to 54 years,Proportion employed part-time,9.0,Percent
2023,QC,Total,25 to 54 years,Unemployment,117.0,Persons in thousands
2023,QC,Total,25 to 54 years,Unemployment rate,3.8,Percent
2023,SK,Total,15 to 24 years,Employment,79.7,Persons in thousands
2023,SK,Total,15 to 24 years,Employment rate,57.8,Percent
2023,SK,Total,15 to 24 years,Full-time employment,44.1,Persons in thousands
2023,SK,Total,15 to 24 years,Labour force,88.2,Persons in thousands
2023,SK,Total,15 to 24 years,Not in labour force,49.6,Persons in thousands
2023,SK,Total,15 to 24 years,Part-time employment,35.6,Persons in thousands
2023,SK,Total,15 to 24 years,Participation rate,64.0,Percent
2023,SK,Total,15 to 24 years,Population,137.8,Persons in thousands
2023,SK,Total,15 to 24 years,Proportion employed full-time,55.3,Percent
2023,SK,Total,15 to 24 years,Proportion employed part-time,44.7,Percent
2023,SK,Total,15 to 24 years,Unemployment,8.5,Persons in thousands
2023,SK,Total,15 to 24 years,Unemployment rate,9.6,Percent
2023,SK,Total,15 to 64 years,Employment,552.2,Persons in thousands
2023,SK,Total,15 to 64 years,Employment rate,76.7,Percent
2023,SK,Total,15 to 64 years,Full-time employment,463.6,Persons in thousands
2023,SK,Total,15 to 64 years,Labour force,580.3,Persons in thousands
2023,SK,Total,15 to 64 years,Not in labour force,139.8,Persons in thousands
2023,SK,Total,15 to 64 years,Part-time employment,88.6,Persons in thousands
2023,SK,Total,15 to 64 years,Participation rate,80.6,Percent
2023,SK,Total,15 to 64 years,Population,720.1,Persons in thousands
2023,SK,Total,15 to 64 years,Proportion employed full-time,84.0,Percent
2023,SK,Total,15 to 64 years,Proportion employed part-time,16.0,Percent
2023,SK,Total,15 to 64 years,Unemployment,28.1,Persons in thousands
2023,SK,Total,15 to 64 years,Unemployment rate,4.8,Percent
2023,SK,Total,15 years and over,Employment,587.0,Persons in thousands
2023,SK,Total,15 years and over,Employment rate,64.0,Percent
2023,SK,Total,15 years and over,Full-time employment,484.1,Persons in thousands
2023,SK,Total,15 years and over,Labour force,616.0,Persons in thousands
2023,SK,Total,15 years and over,Not in labour force,300.9,Persons in thousands
2023,SK,Total,15 years and over,Part-time employment,102.9,Persons in thousands
2023,SK,Total,15 years and over,Participation rate,67.2,Percent
2023,SK,Total,15 years and over,Population,916.9,Persons in thousands
2023,SK,Total,15 years and over,Proportion employed full-time,82.5,Percent
2023,SK,Total,15 years and over,Proportion employed part-time,17.5,Percent
2023,SK,Total,15 years and over,Unemployment,29.1,Persons in thousands
2023,SK,Total,15 years and over,Unemployment rate,4.7,Percent
2023,SK,Total,25 to 54 years,Employment,379.2,Persons in thousands
2023,SK,Total,25 to 54 years,Employment rate,85.4,Percent
2023,SK,Total,25 to 54 years,Full-time employment,343.2,Persons in thousands
2023,SK,Total,25 to 54 years,Labour force,395.5,Persons in thousands
2023,SK,Total,25 to 54 years,Not in labour force,48.6,Persons in thousands
2023,SK,Total,25 to 54 years,Part-time employment,36.0,Persons in thousands
2023,SK,Total,25 to 54 years,Participation rate,89.1,Percent
2023,SK,Total,25 to 54 years,Population,444.1,Persons in thousands
2023,SK,Total,25 to 54 years,Proportion employed full-time,90.5,Percent
2023,SK,Total,25 to 54 years,Proportion employed part-time,9.5,Percent
2023,SK,Total,25 to 54 years,Unemployment,16.3,Persons in thousands
2023,SK,Total,25 to 54 years,Unemployment rate,4.1,Percent
2024,AB,Total,15 to 24 years,Employment,322.8,Persons in thousands
2024,AB,Total,15 to 24 years,Employment rate,54.7,Percent
2024,AB,Total,15 to 24 years,Full-time employment,174.7,Persons in thousands
2024,AB,Total,15 to 24 years,Labour force,377.4,Persons in thousands
2024,AB,Total,15 to 24 years,Not in labour force,212.7,Persons in thousands
2024,AB,Total,15 to 24 years,Part-time employment,148.1,Persons in thousands
2024,AB,Total,15 to 24 years,Participation rate,64.0,Percent
2024,AB,Total,15 to 24 years,Population,590.1,Persons in thousands
2024,AB,Total,15 to 24 years,Proportion employed full-time,54.1,Percent
2024,AB,Total,15 to 24 years,Proportion employed part-time,45.9,Percent
2024,AB,Total,15 to 24 years,Unemployment,54.7,Persons in thousands
2024,AB,Total,15 to 24 years,Unemployment rate,14.5,Percent
2024,AB,Total,15 to 64 years,Employment,2396.4,Persons in thousands
2024,AB,Total,15 to 64 years,Employment rate,74.9,Percent
2024,AB,Total,15 to 64 years,Full-time employment,1983.2,Persons in thousands
2024,AB,Total,15 to 64 years,Labour force,2579.7,Persons in thousands
2024,AB,Total,15 to 64 years,Not in labour force,619.2,Persons in thousands
2024,AB,Total,15 to 64 years,Part-time employment,413.2,Persons in thousands
2024,AB,Total,15 to 64 years,Participation rate,80.6,Percent
2024,AB,Total,15 to 64 years,Population,3198.9,Persons in thousands
2024,AB,Total,15 to 64 years,Proportion employed full-time,82.8,Percent
2024,AB,Total,15 to 64 years,Proportion employed part-time,17.2,Percent
2024,AB,Total,15 to 64 years,Unemployment,183.4,Persons in thousands
2024,AB,Total,15 to 64 years,Unemployment rate,7.1,Percent
2024,AB,Total,15 years and over,Employment,2518.9,Persons in thousands
2024,AB,Total,15 years and over,Employment rate,64.4,Percent
2024,AB,Total,15 years and over,Full-time employment,2059.1,Persons in thousands
2024,AB,Total,15 years and over,Labour force,2708.4,Persons in thousands
2024,AB,Total,15 years and over,Not in labour force,1205.2,Persons in thousands
2024,AB,Total,15 years and over,Part-time employment,459.9,Persons in thousands
2024,AB,Total,15 years and over,Participation rate,69.2,Percent
2024,AB,Total,15 years and over,Population,3913.6,Persons in thousands
2024,AB,Total,15 years and over,Proportion employed full-time,81.7,Percent
2024,AB,Total,15 years and over,Proportion employed part-time,18.3,Percent
2024,AB,Total,15 years and over,Unemployment,189.4,Persons in thousands
2024,AB,Total,15 years and over,Unemployment rate,7.0,Percent
2024,AB,Total,25 to 54 years,Employment,1719.9,Persons in thousands
2024,AB,Total,25 to 54 years,Employment rate,83.4,Percent
2024,AB,Total,25 to 54 years,Full-time employment,1516.9,Persons in thousands
2024,AB,Total,25 to 54 years,Labour force,1824.1,Persons in thousands
2024,AB,Total,25 to 54 years,Not in labour force,238.9,Persons in thousands
2024,AB,Total,25 to 54 years,Part-time employment,203.0,Persons in thousands
2024,AB,Total,25 to 54 years,Participation rate,88.4,Percent
2024,AB,Total,25 to 54 years,Population,2062.9,Persons in thousands
2024,AB,Total,25 to 54 years,Proportion employed full-time,88.2,Percent
2024,AB,Total,25 to 54 years,Proportion employed part-time,11.8,Percent
2024,AB,Total,25 to 54 years,Unemployment,104.2,Persons in thousands
2024,AB,Total,25 to 54 years,Unemployment rate,5.7,Percent
2024,BC,Total,15 to 24 years,Employment,364.8,Persons in thousands
2024,BC,Total,15 to 24 years,Employment rate,55.5,Percent
2024,BC,Total,15 to 24 years,Full-time employment,190.8,Persons in thousands
2024,BC,Total,15 to 24 years,Labour force,411.5,Persons in thousands
2024,BC,Total,15 to 24 years,Not in labour force,245.9,Persons in thousands
2024,BC,Total,15 to 24 years,Part-time employment,173.9,Persons in thousands
2024,BC,Total,15 to 24 years,Participation rate,62.6,Percent
2024,BC,Total,15 to 24 years,Population,657.4,Persons in thousands
2024,BC,Total,15 to 24 years,Proportion employed full-time,52.3,Percent
2024,BC,Total,15 to 24 years,Proportion employed part-time,47.7,Percent
2024,BC,Total,15 to 24 years,Unemployment,46.8,Persons in thousands
2024,BC,Total,15 to 24 years,Unemployment rate,11.4,Percent
2024,BC,Total,15 to 64 years,Employment,2755.1,Persons in thousands
2024,BC,Total,15 to 64 years,Employment rate,75.1,Percent
2024,BC,Total,15 to 64 years,Full-time employment,2246.1,Persons in thousands
2024,BC,Total,15 to 64 years,Labour force,2921.3,Persons in thousands
2024,BC,Total,15 to 64 years,Not in labour force,746.1,Persons in thousands
2024,BC,Total,15 to 64 years,Part-time employment,508.9,Persons in thousands
2024,BC,Total,15 to 64 years,Participation rate,79.7,Percent
2024,BC,Total,15 to 64 years,Population,3667.4,Persons in thousands
2024,BC,Total,15 to 64 years,Proportion employed full-time,81.5,Percent
2024,BC,Total,15 to 64 years,Proportion employed part-time,18.5,Percent
2024,BC,Total,15 to 64 years,Unemployment,166.2,Persons in thousands
2024,BC,Total,15 to 64 years,Unemployment rate,5.7,Percent
2024,BC,Total,15 years and over,Employment,2914.0,Persons in thousands
2024,BC,Total,15 years and over,Employment rate,61.6,Percent
2024,BC,Total,15 years and over,Full-time employment,2335.5,Persons in thousands
2024,BC,Total,15 years and over,Labour force,3085.9,Persons in thousands
2024,BC,Total,15 years and over,Not in labour force,1646.4,Persons in thousands
2024,BC,Total,15 years and over,Part-time employment,578.6,Persons in thousands
2024,BC,Total,15 years and over,Participation rate,65.2,Percent
2024,BC,Total,15 years and over,Population,4732.2,Persons in thousands
2024,BC,Total,15 years and over,Proportion employed full-time,80.1,Percent
2024,BC,Total,15 years and over,Proportion employed part-time,19.9,Percent
2024,BC,Total,15 years and over,Unemployment,171.8,Persons in thousands
2024,BC,Total,15 years and over,Unemployment rate,5.6,Percent
2024,BC,Total,25 to 54 years,Employment,1935.3,Persons in thousands
2024,BC,Total,25 to 54 years,Employment rate,83.4,Percent
2024,BC,Total,25 to 54 years,Full-time employment,1685.0,Persons in thousands
2024,BC,Total,25 to 54 years,Labour force,2035.3,Persons in thousands
2024,BC,Total,25 to 54 years,Not in labour force,286.0,Persons in thousands
2024,BC,Total,25 to 54 years,Part-time employment,250.3,Persons in thousands
2024,BC,Total,25 to 54 years,Participation rate,87.7,Percent
2024,BC,Total,25 to 54 years,Population,2321.3,Persons in thousands
2024,BC,Total,25 to 54 years,Proportion employed full-time,87.1,Percent
2024,BC,Total,25 to 54 years,Proportion employed part-time,12.9,Percent
2024,BC,Total,25 to 54 years,Unemployment,100.0,Persons in thousands
2024,BC,Total,25 to 54 years,Unemployment rate,4.9,Percent
2024,CA,Total,15 to 24 years,Employment,2682.5,Persons in thousands
2024,CA,Total,15 to 24 years,Employment rate,54.8,Percent
2024,CA,Total,15 to 24 years,Full-time employment,1351.4,Persons in thousands
2024,CA,Total,15 to 24 years,Labour force,3085.6,Persons in thousands
2024,CA,Total,15 to 24 years,Not in labour force,1806.7,Persons in thousands
2024,CA,Total,15 to 24 years,Part-time employment,1331.1,Persons in thousands
2024,CA,Total,15 to 24 years,Participation rate,63.1,Percent
2024,CA,Total,15 to 24 years,Population,4892.3,Persons in thousands
2024,CA,Total,15 to 24 years,Proportion employed full-time,50.4,Percent
2024,CA,Total,15 to 24 years,Proportion employed part-time,49.6,Percent
2024,CA,Total,15 to 24 years,Unemployment,403.1,Persons in thousands
2024,CA,Total,15 to 24 years,Unemployment rate,13.1,Percent
2024,CA,Total,15 to 64 years,Employment,19654.3,Persons in thousands
2024,CA,Total,15 to 64 years,Employment rate,74.7,Percent
2024,CA,Total,15 to 64 years,Full-time employment,16363.2,Persons in thousands
2024,CA,Total,15 to 64 years,Labour force,21010.1,Persons in thousands
2024,CA,Total,15 to 64 years,Not in labour force,5312.1,Persons in thousands
2024,CA,Total,15 to 64 years,Part-time employment,3291.1,Persons in thousands
2024,CA,Total,15 to 64 years,Participation rate,79.8,Percent
2024,CA,Total,15 to 64 years,Population,26322.2,Persons in thousands
2024,CA,Total,15 to 64 years,Proportion employed full-time,83.3,Percent
2024,CA,Total,15 to 64 years,Proportion employed part-time,16.7,Percent
2024,CA,Total,15 to 64 years,Unemployment,1355.8,Persons in thousands
2024,CA,Total,15 to 64 years,Unemployment rate,6.5,Percent
2024,CA,Total,15 years and over,Employment,20730.5,Persons in thousands
2024,CA,Total,15 years and over,Employment rate,61.3,Percent
2024,CA,Total,15 years and over,Full-time employment,16977.6,Persons in thousands
2024,CA,Total,15 years and over,Labour force,22134.8,Persons in thousands
2024,CA,Total,15 years and over,Not in labour force,11684.5,Persons in thousands
2024,CA,Total,15 years and over,Part-time employment,3753.0,Persons in thousands
2024,CA,Total,15 years and over,Participation rate,65.5,Percent
2024,CA,Total,15 years and over,Population,33819.2,Persons in thousands
2024,CA,Total,15 years and over,Proportion employed full-time,81.9,Percent
2024,CA,Total,15 years and over,Proportion employed part-time,18.1,Percent
2024,CA,Total,15 years and over,Unemployment,1404.2,Persons in thousands
2024,CA,Total,15 years and over,Unemployment rate,6.3,Percent
2024,CA,Total,25 to 54 years,Employment,13694.2,Persons in thousands
2024,CA,Total,25 to 54 years,Employment rate,83.8,Percent
2024,CA,Total,25 to 54 years,Full-time employment,12264.6,Persons in thousands
2024,CA,Total,25 to 54 years,Labour force,14470.5,Persons in thousands
2024,CA,Total,25 to 54 years,Not in labour force,1868.6,Persons in thousands
2024,CA,Total,25 to 54 years,Part-time employment,1429.6,Persons in thousands
2024,CA,Total,25 to 54 years,Participation rate,88.6,Percent
2024,CA,Total,25 to 54 years,Population,16339.0,Persons in thousands
2024,CA,Total,25 to 54 years,Proportion employed full-time,89.6,Percent
2024,CA,Total,25 to 54 years,Proportion employed part-time,10.4,Percent
2024,CA,Total,25 to 54 years,Unemployment,776.3,Persons in thousands
2024,CA,Total,25 to 54 years,Unemployment rate,5.4,Percent
2024,MB,Total,15 to 24 years,Employment,113.5,Persons in thousands
2024,MB,Total,15 to 24 years,Employment rate,60.4,Percent
2024,MB,Total,15 to 24 years,Full-time employment,63.3,Persons in thousands
2024,MB,Total,15 to 24 years,Labour force,126.9,Persons in thousands
2024,MB,Total,15 to 24 years,Not in labour force,60.9,Persons in thousands
2024,MB,Total,15 to 24 years,Part-time employment,50.2,Persons in thousands
2024,MB,Total,15 to 24 years,Participation rate,67.5,Percent
2024,MB,Total,15 to 24 years,Population,187.9,Persons in thousands
2024,MB,Total,15 to 24 years,Proportion employed full-time,55.8,Percent
2024,MB,Total,15 to 24 years,Proportion employed part-time,44.2,Percent
2024,MB,Total,15 to 24 years,Unemployment,13.4,Persons in thousands
2024,MB,Total,15 to 24 years,Unemployment rate,10.6,Percent
2024,MB,Total,15 to 64 years,Employment,690.2,Persons in thousands
2024,MB,Total,15 to 64 years,Employment rate,75.9,Percent
2024,MB,Total,15 to 64 years,Full-time employment,572.4,Persons in thousands
2024,MB,Total,15 to 64 years,Labour force,730.5,Persons in thousands
2024,MB,Total,15 to 64 years,Not in labour force,179.1,Persons in thousands
2024,MB,Total,15 to 64 years,Part-time employment,117.7,Persons in thousands
2024,MB,Total,15 to 64 years,Participation rate,80.3,Percent
2024,MB,Total,15 to 64 years,Population,909.6,Persons in thousands
2024,MB,Total,15 to 64 years,Proportion employed full-time,82.9,Percent
2024,MB,Total,15 to 64 years,Proportion employed part-time,17.1,Percent
2024,MB,Total,15 to 64 years,Unemployment,40.4,Persons in thousands
2024,MB,Total,15 to 64 years,Unemployment rate,5.5,Percent
2024,MB,Total,15 years and over,Employment,724.4,Persons in thousands
2024,MB,Total,15 years and over,Employment rate,63.1,Percent
2024,MB,Total,15 years and over,Full-time employment,591.3,Persons in thousands
2024,MB,Total,15 years and over,Labour force,766.2,Persons in thousands
2024,MB,Total,15 years and over,Not in labour force,381.3,Persons in thousands
2024,MB,Total,15 years and over,Part-time employment,133.1,Persons in thousands
2024,MB,Total,15 years and over,Participation rate,66.8,Percent
2024,MB,Total,15 years and over,Population,1147.5,Persons in thousands
2024,MB,Total,15 years and over,Proportion employed full-time,81.6,Percent
2024,MB,Total,15 years and over,Proportion employed part-time,18.4,Percent
2024,MB,Total,15 years and over,Unemployment,41.7,Persons in thousands
2024,MB,Total,15 years and over,Unemployment rate,5.4,Percent
2024,MB,Total,25 to 54 years,Employment,477.4,Persons in thousands
2024,MB,Total,25 to 54 years,Employment rate,85.1,Percent
2024,MB,Total,25 to 54 years,Full-time employment,427.6,Persons in thousands
2024,MB,Total,25 to 54 years,Labour force,499.3,Persons in thousands
2024,MB,Total,25 to 54 years,Not in labour force,61.5,Persons in thousands
2024,MB,Total,25 to 54 years,Part-time employment,49.8,Persons in thousands
2024,MB,Total,25 to 54 years,Participation rate,89.0,Percent
2024,MB,Total,25 to 54 years,Population,560.8,Persons in thousands
2024,MB,Total,25 to 54 years,Proportion employed full-time,89.6,Percent
2024,MB,Total,25 to 54 years,Proportion employed part-time,10.4,Percent
2024,MB,Total,25 to 54 years,Unemployment,21.9,Persons in thousands
2024,MB,Total,25 to 54 years,Unemployment rate,4.4,Percent
2024,NB,Total,15 to 24 years,Employment,51.3,Persons in thousands
2024,NB,Total,15 to 24 years,Employment rate,56.1,Percent
2024,NB,Total,15 to 24 years,Full-time employment,31.9,Persons in thousands
2024,NB,Total,15 to 24 years,Labour force,58.2,Persons in thousands
2024,NB,Total,15 to 24 years,Not in labour force,33.3,Persons in thousands
2024,NB,Total,15 to 24 years,Part-time employment,19.5,Persons in thousands
2024,NB,Total,15 to 24 years,Participation rate,63.6,Percent
2024,NB,Total,15 to 24 years,Population,91.5,Persons in thousands
2024,NB,Total,15 to 24 years,Proportion employed full-time,62.2,Percent
2024,NB,Total,15 to 24 years,Proportion employed part-time,38.0,Percent
2024,NB,Total,15 to 24 years,Unemployment,6.8,Persons in thousands
2024,NB,Total,15 to 24 years,Unemployment rate,11.7,Percent
2024,NB,Total,15 to 64 years,Employment,379.5,Persons in thousands
2024,NB,Total,15 to 64 years,Employment rate,72.8,Percent
2024,NB,Total,15 to 64 years,Full-time employment,326.0,Persons in thousands
2024,NB,Total,15 to 64 years,Labour force,407.9,Persons in thousands
2024,NB,Total,15 to 64 years,Not in labour force,113.2,Persons in thousands
2024,NB,Total,15 to 64 years,Part-time employment,53.5,Persons in thousands
2024,NB,Total,15 to 64 years,Participation rate,78.3,Percent
2024,NB,Total,15 to 64 years,Population,521.2,Persons in thousands
2024,NB,Total,15 to 64 years,Proportion employed full-time,85.9,Percent
2024,NB,Total,15 to 64 years,Proportion employed part-time,14.1,Percent
2024,NB,Total,15 to 64 years,Unemployment,28.5,Persons in thousands
2024,NB,Total,15 to 64 years,Unemployment rate,7.0,Percent
2024,NB,Total,15 years and over,Employment,400.0,Persons in thousands
2024,NB,Total,15 years and over,Employment rate,56.3,Percent
2024,NB,Total,15 years and over,Full-time employment,338.1,Persons in thousands
2024,NB,Total,15 years and over,Labour force,430.3,Persons in thousands
2024,NB,Total,15 years and over,Not in labour force,279.9,Persons in thousands
2024,NB,Total,15 years and over,Part-time employment,61.8,Persons in thousands
2024,NB,Total,15 years and over,Participation rate,60.6,Percent
2024,NB,Total,15 years and over,Population,710.2,Persons in thousands
2024,NB,Total,15 years and over,Proportion employed full-time,84.5,Percent
2024,NB,Total,15 years and over,Proportion employed part-time,15.5,Percent
2024,NB,Total,15 years and over,Unemployment,30.3,Persons in thousands
2024,NB,Total,15 years and over,Unemployment rate,7.0,Percent
2024,NB,Total,25 to 54 years,Employment,255.6,Persons in thousands
2024,NB,Total,25 to 54 years,Employment rate,82.5,Percent
2024,NB,Total,25 to 54 years,Full-time employment,232.5,Persons in thousands
2024,NB,Total,25 to 54 years,Labour force,271.9,Persons in thousands
2024,NB,Total,25 to 54 years,Not in labour force,37.9,Persons in thousands
2024,NB,Total,25 to 54 years,Part-time employment,23.1,Persons in thousands
2024,NB,Total,25 to 54 years,Participation rate,87.8,Percent
2024,NB,Total,25 to 54 years,Population,309.8,Persons in thousands
2024,NB,Total,25 to 54 years,Proportion employed full-time,91.0,Percent
2024,NB,Total,25 to 54 years,Proportion employed part-time,9.0,Percent
2024,NB,Total,25 to 54 years,Unemployment,16.3,Persons in thousands
2024,NB,Total,25 to 54 years,Unemployment rate,6.0,Percent
2024,NL,Total,15 to 24 years,Employment,30.2,Persons in thousands
2024,NL,Total,15 to 24 years,Employment rate,52.8,Percent
2024,NL,Total,15 to 24 years,Full-time employment,16.3,Persons in thousands
2024,NL,Total,15 to 24 years,Labour force,35.2,Persons in thousands
2024,NL,Total,15 to 24 years,Not in labour force,22.0,Persons in thousands
2024,NL,Total,15 to 24 years,Part-time employment,13.9,Persons in thousands
2024,NL,Total,15 to 24 years,Participation rate,61.5,Percent
2024,NL,Total,15 to 24 years,Population,57.2,Persons in thousands
2024,NL,Total,15 to 24 years,Proportion employed full-time,54.0,Percent
2024,NL,Total,15 to 24 years,Proportion employed part-time,46.0,Percent
2024,NL,Total,15 to 24 years,Unemployment,5.0,Persons in thousands
2024,NL,Total,15 to 24 years,Unemployment rate,14.2,Percent
2024,NL,Total,15 to 64 years,Employment,231.6,Persons in thousands
2024,NL,Total,15 to 64 years,Employment rate,68.9,Percent
2024,NL,Total,15 to 64 years,Full-time employment,199.5,Persons in thousands
2024,NL,Total,15 to 64 years,Labour force,257.0,Persons in thousands
2024,NL,Total,15 to 64 years,Not in labour force,78.9,Persons in thousands
2024,NL,Total,15 to 64 years,Part-time employment,32.1,Persons in thousands
2024,NL,Total,15 to 64 years,Participation rate,76.5,Percent
2024,NL,Total,15 to 64 years,Population,335.9,Persons in thousands
2024,NL,Total,15 to 64 years,Proportion employed full-time,86.1,Percent
2024,NL,Total,15 to 64 years,Proportion employed part-time,13.9,Percent
2024,NL,Total,15 to 64 years,Unemployment,25.5,Persons in thousands
2024,NL,Total,15 to 64 years,Unemployment rate,9.9,Percent
2024,NL,Total,15 years and over,Employment,245.0,Persons in thousands
2024,NL,Total,15 years and over,Employment rate,52.5,Percent
2024,NL,Total,15 years and over,Full-time employment,209.1,Persons in thousands
2024,NL,Total,15 years and over,Labour force,272.0,Persons in thousands
2024,NL,Total,15 years and over,Not in labour force,194.6,Persons in thousands
2024,NL,Total,15 years and over,Part-time employment,35.9,Persons in thousands
2024,NL,Total,15 years and over,Participation rate,58.3,Percent
2024,NL,Total,15 years and over,Population,466.6,Persons in thousands
2024,NL,Total,15 years and over,Proportion employed full-time,85.3,Percent
2024,NL,Total,15 years and over,Proportion employed part-time,14.7,Percent
2024,NL,Total,15 years and over,Unemployment,27.1,Persons in thousands
2024,NL,Total,15 years and over,Unemployment rate,10.0,Percent
2024,NL,Total,25 to 54 years,Employment,156.4,Persons in thousands
2024,NL,Total,25 to 54 years,Employment rate,80.5,Percent
2024,NL,Total,25 to 54 years,Full-time employment,143.9,Persons in thousands
2024,NL,Total,25 to 54 years,Labour force,170.6,Persons in thousands
2024,NL,Total,25 to 54 years,Not in labour force,23.7,Persons in thousands
2024,NL,Total,25 to 54 years,Part-time employment,12.6,Persons in thousands
2024,NL,Total,25 to 54 years,Participation rate,87.8,Percent
2024,NL,Total,25 to 54 years,Population,194.3,Persons in thousands
2024,NL,Total,25 to 54 years,Proportion employed full-time,92.0,Percent
2024,NL,Total,25 to 54 years,Proportion employed part-time,8.1,Percent
2024,NL,Total,25 to 54 years,Unemployment,14.2,Persons in thousands
2024,NL,Total,25 to 54 years,Unemployment rate,8.3,Percent
2024,NS,Total,15 to 24 years,Employment,67.9,Persons in thousands
2024,NS,Total,15 to 24 years,Employment rate,57.4,Percent
2024,NS,Total,15 to 24 years,Full-time employment,39.0,Persons in thousands
2024,NS,Total,15 to 24 years,Labour force,77.1,Persons in thousands
2024,NS,Total,15 to 24 years,Not in labour force,41.0,Persons in thousands
2024,NS,Total,15 to 24 years,Part-time employment,28.8,Persons in thousands
2024,NS,Total,15 to 24 years,Participation rate,65.2,Percent
2024,NS,Total,15 to 24 years,Population,118.2,Persons in thousands
2024,NS,Total,15 to 24 years,Proportion employed full-time,57.4,Percent
2024,NS,Total,15 to 24 years,Proportion employed part-time,42.4,Percent
2024,NS,Total,15 to 24 years,Unemployment,9.3,Persons in thousands
2024,NS,Total,15 to 24 years,Unemployment rate,12.1,Percent
2024,NS,Total,15 to 64 years,Employment,490.4,Persons in thousands
2024,NS,Total,15 to 64 years,Employment rate,73.1,Percent
2024,NS,Total,15 to 64 years,Full-time employment,412.5,Persons in thousands
2024,NS,Total,15 to 64 years,Labour force,525.1,Persons in thousands
2024,NS,Total,15 to 64 years,Not in labour force,145.8,Persons in thousands
2024,NS,Total,15 to 64 years,Part-time employment,77.9,Persons in thousands
2024,NS,Total,15 to 64 years,Participation rate,78.3,Percent
2024,NS,Total,15 to 64 years,Population,671.0,Persons in thousands
2024,NS,Total,15 to 64 years,Proportion employed full-time,84.1,Percent
2024,NS,Total,15 to 64 years,Proportion employed part-time,15.9,Percent
2024,NS,Total,15 to 64 years,Unemployment,34.7,Persons in thousands
2024,NS,Total,15 to 64 years,Unemployment rate,6.6,Percent
2024,NS,Total,15 years and over,Employment,521.3,Persons in thousands
2024,NS,Total,15 years and over,Employment rate,57.8,Percent
2024,NS,Total,15 years and over,Full-time employment,431.1,Persons in thousands
2024,NS,Total,15 years and over,Labour force,557.5,Persons in thousands
2024,NS,Total,15 years and over,Not in labour force,344.5,Persons in thousands
2024,NS,Total,15 years and over,Part-time employment,90.3,Persons in thousands
2024,NS,Total,15 years and over,Participation rate,61.8,Percent
2024,NS,Total,15 years and over,Population,902.0,Persons in thousands
2024,NS,Total,15 years and over,Proportion employed full-time,82.7,Percent
2024,NS,Total,15 years and over,Proportion employed part-time,17.3,Percent
2024,NS,Total,15 years and over,Unemployment,36.2,Persons in thousands
2024,NS,Total,15 years and over,Unemployment rate,6.5,Percent
2024,NS,Total,25 to 54 years,Employment,334.4,Persons in thousands
2024,NS,Total,25 to 54 years,Employment rate,82.8,Percent
2024,NS,Total,25 to 54 years,Full-time employment,300.8,Persons in thousands
2024,NS,Total,25 to 54 years,Labour force,354.4,Persons in thousands
2024,NS,Total,25 to 54 years,Not in labour force,49.6,Persons in thousands
2024,NS,Total,25 to 54 years,Part-time employment,33.5,Persons in thousands
2024,NS,Total,25 to 54 years,Participation rate,87.7,Percent
2024,NS,Total,25 to 54 years,Population,403.9,Persons in thousands
2024,NS,Total,25 to 54 years,Proportion employed full-time,90.0,Percent
2024,NS,Total,25 to 54 years,Proportion employed part-time,10.0,Percent
2024,NS,Total,25 to 54 years,Unemployment,20.0,Persons in thousands
2024,NS,Total,25 to 54 years,Unemployment rate,5.6,Percent
2024,ON,Total,15 to 24 years,Employment,1028.5,Persons in thousands
2024,ON,Total,15 to 24 years,Employment rate,50.4,Percent
2024,ON,Total,15 to 24 years,Full-time employment,509.1,Persons in thousands
2024,ON,Total,15 to 24 years,Labour force,1219.5,Persons in thousands
2024,ON,Total,15 to 24 years,Not in labour force,822.7,Persons in thousands
2024,ON,Total,15 to 24 years,Part-time employment,519.4,Persons in thousands
2024,ON,Total,15 to 24 years,Participation rate,59.7,Percent
2024,ON,Total,15 to 24 years,Population,2042.2,Persons in thousands
2024,ON,Total,15 to 24 years,Proportion employed full-time,49.5,Percent
2024,ON,Total,15 to 24 years,Proportion employed part-time,50.5,Percent
2024,ON,Total,15 to 24 years,Unemployment,191.1,Persons in thousands
2024,ON,Total,15 to 24 years,Unemployment rate,15.7,Percent
2024,ON,Total,15 to 64 years,Employment,7724.5,Persons in thousands
2024,ON,Total,15 to 64 years,Employment rate,73.2,Percent
2024,ON,Total,15 to 64 years,Full-time employment,6460.3,Persons in thousands
2024,ON,Total,15 to 64 years,Labour force,8315.3,Persons in thousands
2024,ON,Total,15 to 64 years,Not in labour force,2238.5,Persons in thousands
2024,ON,Total,15 to 64 years,Part-time employment,1264.2,Persons in thousands
2024,ON,Total,15 to 64 years,Participation rate,78.8,Percent
2024,ON,Total,15 to 64 years,Population,10553.8,Persons in thousands
2024,ON,Total,15 to 64 years,Proportion employed full-time,83.6,Percent
2024,ON,Total,15 to 64 years,Proportion employed part-time,16.4,Percent
2024,ON,Total,15 to 64 years,Unemployment,590.8,Persons in thousands
2024,ON,Total,15 to 64 years,Unemployment rate,7.1,Percent
2024,ON,Total,15 years and over,Employment,8146.1,Persons in thousands
2024,ON,Total,15 years and over,Employment rate,60.7,Percent
2024,ON,Total,15 years and over,Full-time employment,6711.0,Persons in thousands
2024,ON,Total,15 years and over,Labour force,8754.7,Persons in thousands
2024,ON,Total,15 years and over,Not in labour force,4661.6,Persons in thousands
2024,ON,Total,15 years and over,Part-time employment,1435.1,Persons in thousands
2024,ON,Total,15 years and over,Participation rate,65.3,Percent
2024,ON,Total,15 years and over,Population,13416.3,Persons in thousands
2024,ON,Total,15 years and over,Proportion employed full-time,82.4,Percent
2024,ON,Total,15 years and over,Proportion employed part-time,17.6,Percent
2024,ON,Total,15 years and over,Unemployment,608.6,Persons in thousands
2024,ON,Total,15 years and over,Unemployment rate,7.0,Percent
2024,ON,Total,25 to 54 years,Employment,5393.4,Persons in thousands
2024,ON,Total,25 to 54 years,Employment rate,83.0,Percent
2024,ON,Total,25 to 54 years,Full-time employment,4842.9,Persons in thousands
2024,ON,Total,25 to 54 years,Labour force,5725.5,Persons in thousands
2024,ON,Total,25 to 54 years,Not in labour force,772.2,Persons in thousands
2024,ON,Total,25 to 54 years,Part-time employment,550.5,Persons in thousands
2024,ON,Total,25 to 54 years,Participation rate,88.1,Percent
2024,ON,Total,25 to 54 years,Population,6497.7,Persons in thousands
2024,ON,Total,25 to 54 years,Proportion employed full-time,89.8,Percent
2024,ON,Total,25 to 54 years,Proportion employed part-time,10.2,Percent
2024,ON,Total,25 to 54 years,Unemployment,332.1,Persons in thousands
2024,ON,Total,25 to 54 years,Unemployment rate,5.8,Percent
2024,PE,Total,15 to 24 years,Employment,14.4,Persons in thousands
2024,PE,Total,15 to 24 years,Employment rate,59.3,Percent
2024,PE,Total,15 to 24 years,Full-time employment,9.4,Persons in thousands
2024,PE,Total,15 to 24 years,Labour force,16.2,Persons in thousands
2024,PE,Total,15 to 24 years,Not in labour force,8.0,Persons in thousands
2024,PE,Total,15 to 24 years,Part-time employment,5.1,Persons in thousands
2024,PE,Total,15 to 24 years,Participation rate,66.7,Percent
2024,PE,Total,15 to 24 years,Population,24.3,Persons in thousands
2024,PE,Total,15 to 24 years,Proportion employed full-time,65.3,Percent
2024,PE,Total,15 to 24 years,Proportion employed part-time,35.4,Percent
2024,PE,Total,15 to 24 years,Unemployment,1.8,Persons in thousands
2024,PE,Total,15 to 24 years,Unemployment rate,11.1,Percent
2024,PE,Total,15 to 64 years,Employment,86.5,Persons in thousands
2024,PE,Total,15 to 64 years,Employment rate,75.0,Percent
2024,PE,Total,15 to 64 years,Full-time employment,75.3,Persons in thousands
2024,PE,Total,15 to 64 years,Labour force,93.9,Persons in thousands
2024,PE,Total,15 to 64 years,Not in labour force,21.5,Persons in thousands
2024,PE,Total,15 to 64 years,Part-time employment,11.2,Persons in thousands
2024,PE,Total,15 to 64 years,Participation rate,81.4,Percent
2024,PE,Total,15 to 64 years,Population,115.4,Persons in thousands
2024,PE,Total,15 to 64 years,Proportion employed full-time,87.1,Percent
2024,PE,Total,15 to 64 years,Proportion employed part-time,12.9,Percent
2024,PE,Total,15 to 64 years,Unemployment,7.4,Persons in thousands
2024,PE,Total,15 to 64 years,Unemployment rate,7.9,Percent
2024,PE,Total,15 years and over,Employment,92.5,Persons in thousands
2024,PE,Total,15 years and over,Employment rate,61.3,Percent
2024,PE,Total,15 years and over,Full-time employment,79.3,Persons in thousands
2024,PE,Total,15 years and over,Labour force,100.4,Persons in thousands
2024,PE,Total,15 years and over,Not in labour force,50.5,Persons in thousands
2024,PE,Total,15 years and over,Part-time employment,13.2,Persons in thousands
2024,PE,Total,15 years and over,Participation rate,66.5,Percent
2024,PE,Total,15 years and over,Population,151.0,Persons in thousands
2024,PE,Total,15 years and over,Proportion employed full-time,85.7,Percent
2024,PE,Total,15 years and over,Proportion employed part-time,14.3,Percent
2024,PE,Total,15 years and over,Unemployment,8.0,Persons in thousands
2024,PE,Total,15 years and over,Unemployment rate,8.0,Percent
2024,PE,Total,25 to 54 years,Employment,56.6,Persons in thousands
2024,PE,Total,25 to 54 years,Employment rate,83.6,Percent
2024,PE,Total,25 to 54 years,Full-time employment,52.5,Persons in thousands
2024,PE,Total,25 to 54 years,Labour force,60.8,Persons in thousands
2024,PE,Total,25 to 54 years,Not in labour force,7.0,Persons in thousands
2024,PE,Total,25 to 54 years,Part-time employment,4.1,Persons in thousands
2024,PE,Total,25 to 54 years,Participation rate,89.8,Percent
2024,PE,Total,25 to 54 years,Population,67.7,Persons in thousands
2024,PE,Total,25 to 54 years,Proportion employed full-time,92.8,Percent
2024,PE,Total,25 to 54 years,Proportion employed part-time,7.2,Percent
2024,PE,Total,25 to 54 years,Unemployment,4.2,Persons in thousands
2024,PE,Total,25 to 54 years,Unemployment rate,6.9,Percent
2024,QC,Total,15 to 24 years,Employment,607.4,Persons in thousands
2024,QC,Total,15 to 24 years,Employment rate,62.1,Percent
2024,QC,Total,15 to 24 years,Full-time employment,269.6,Persons in thousands
2024,QC,Total,15 to 24 years,Labour force,671.1,Persons in thousands
2024,QC,Total,15 to 24 years,Not in labour force,307.0,Persons in thousands
2024,QC,Total,15 to 24 years,Part-time employment,337.8,Persons in thousands
2024,QC,Total,15 to 24 years,Participation rate,68.6,Percent
2024,QC,Total,15 to 24 years,Population,978.1,Persons in thousands
2024,QC,Total,15 to 24 years,Proportion employed full-time,44.4,Percent
2024,QC,Total,15 to 24 years,Proportion employed part-time,55.6,Percent
2024,QC,Total,15 to 24 years,Unemployment,63.7,Persons in thousands
2024,QC,Total,15 to 24 years,Unemployment rate,9.5,Percent
2024,QC,Total,15 to 64 years,Employment,4333.9,Persons in thousands
2024,QC,Total,15 to 64 years,Employment rate,77.3,Percent
2024,QC,Total,15 to 64 years,Full-time employment,3612.4,Persons in thousands
2024,QC,Total,15 to 64 years,Labour force,4580.2,Persons in thousands
2024,QC,Total,15 to 64 years,Not in labour force,1027.1,Persons in thousands
2024,QC,Total,15 to 64 years,Part-time employment,721.5,Persons in thousands
2024,QC,Total,15 to 64 years,Participation rate,81.7,Percent
2024,QC,Total,15 to 64 years,Population,5607.3,Persons in thousands
2024,QC,Total,15 to 64 years,Proportion employed full-time,83.4,Percent
2024,QC,Total,15 to 64 years,Proportion employed part-time,16.6,Percent
2024,QC,Total,15 to 64 years,Unemployment,246.2,Persons in thousands
2024,QC,Total,15 to 64 years,Unemployment rate,5.4,Percent
2024,QC,Total,15 years and over,Employment,4566.0,Persons in thousands
2024,QC,Total,15 years and over,Employment rate,61.4,Percent
2024,QC,Total,15 years and over,Full-time employment,3726.7,Persons in thousands
2024,QC,Total,15 years and over,Labour force,4822.6,Persons in thousands
2024,QC,Total,15 years and over,Not in labour force,2612.0,Persons in thousands
2024,QC,Total,15 years and over,Part-time employment,839.3,Persons in thousands
2024,QC,Total,15 years and over,Participation rate,64.9,Percent
2024,QC,Total,15 years and over,Population,7434.7,Persons in thousands
2024,QC,Total,15 years and over,Proportion employed full-time,81.6,Percent
2024,QC,Total,15 years and over,Proportion employed part-time,18.4,Percent
2024,QC,Total,15 years and over,Unemployment,256.6,Persons in thousands
2024,QC,Total,15 years and over,Unemployment rate,5.3,Percent
2024,QC,Total,25 to 54 years,Employment,2972.2,Persons in thousands
2024,QC,Total,25 to 54 years,Employment rate,85.9,Percent
2024,QC,Total,25 to 54 years,Full-time employment,2711.3,Persons in thousands
2024,QC,Total,25 to 54 years,Labour force,3116.7,Persons in thousands
2024,QC,Total,25 to 54 years,Not in labour force,343.1,Persons in thousands
2024,QC,Total,25 to 54 years,Part-time employment,260.9,Persons in thousands
2024,QC,Total,25 to 54 years,Participation rate,90.1,Percent
2024,QC,Total,25 to 54 years,Population,3459.8,Persons in thousands
2024,QC,Total,25 to 54 years,Proportion employed full-time,91.2,Percent
2024,QC,Total,25 to 54 years,Proportion employed part-time,8.8,Percent
2024,QC,Total,25 to 54 years,Unemployment,144.5,Persons in thousands
2024,QC,Total,25 to 54 years,Unemployment rate,4.6,Percent
2024,SK,Total,15 to 24 years,Employment,81.7,Persons in thousands
2024,SK,Total,15 to 24 years,Employment rate,56.2,Percent
2024,SK,Total,15 to 24 years,Full-time employment,47.2,Persons in thousands
2024,SK,Total,15 to 24 years,Labour force,92.3,Persons in thousands
2024,SK,Total,15 to 24 years,Not in labour force,53.1,Persons in thousands
2024,SK,Total,15 to 24 years,Part-time employment,34.4,Persons in thousands
2024,SK,Total,15 to 24 years,Participation rate,63.5,Percent
2024,SK,Total,15 to 24 years,Population,145.4,Persons in thousands
2024,SK,Total,15 to 24 years,Proportion employed full-time,57.8,Percent
2024,SK,Total,15 to 24 years,Proportion employed part-time,42.1,Percent
2024,SK,Total,15 to 24 years,Unemployment,10.6,Persons in thousands
2024,SK,Total,15 to 24 years,Unemployment rate,11.5,Percent
2024,SK,Total,15 to 64 years,Employment,566.4,Persons in thousands
2024,SK,Total,15 to 64 years,Employment rate,76.3,Percent
2024,SK,Total,15 to 64 years,Full-time employment,475.4,Persons in thousands
2024,SK,Total,15 to 64 years,Labour force,599.2,Persons in thousands
2024,SK,Total,15 to 64 years,Not in labour force,142.7,Persons in thousands
2024,SK,Total,15 to 64 years,Part-time employment,91.0,Persons in thousands
2024,SK,Total,15 to 64 years,Participation rate,80.8,Percent
2024,SK,Total,15 to 64 years,Population,741.9,Persons in thousands
2024,SK,Total,15 to 64 years,Proportion employed full-time,83.9,Percent
2024,SK,Total,15 to 64 years,Proportion employed part-time,16.1,Percent
2024,SK,Total,15 to 64 years,Unemployment,32.7,Persons in thousands
2024,SK,Total,15 to 64 years,Unemployment rate,5.5,Percent
2024,SK,Total,15 years and over,Employment,602.2,Persons in thousands
2024,SK,Total,15 years and over,Employment rate,63.7,Percent
2024,SK,Total,15 years and over,Full-time employment,496.5,Persons in thousands
2024,SK,Total,15 years and over,Labour force,636.8,Persons in thousands
2024,SK,Total,15 years and over,Not in labour force,308.3,Persons in thousands
2024,SK,Total,15 years and over,Part-time employment,105.8,Persons in thousands
2024,SK,Total,15 years and over,Participation rate,67.4,Percent
2024,SK,Total,15 years and over,Population,945.1,Persons in thousands
2024,SK,Total,15 years and over,Proportion employed full-time,82.4,Percent
2024,SK,Total,15 years and over,Proportion employed part-time,17.6,Percent
2024,SK,Total,15 years and over,Unemployment,34.6,Persons in thousands
2024,SK,Total,15 years and over,Unemployment rate,5.4,Percent
2024,SK,Total,25 to 54 years,Employment,392.9,Persons in thousands
2024,SK,Total,25 to 54 years,Employment rate,85.3,Percent
2024,SK,Total,25 to 54 years,Full-time employment,351.1,Persons in thousands
2024,SK,Total,25 to 54 years,Labour force,411.9,Persons in thousands
2024,SK,Total,25 to 54 years,Not in labour force,48.8,Persons in thousands
2024,SK,Total,25 to 54 years,Part-time employment,41.8,Persons in thousands
2024,SK,Total,25 to 54 years,Participation rate,89.4,Percent
2024,SK,Total,25 to 54 years,Population,460.7,Persons in thousands
2024,SK,Total,25 to 54 years,Proportion employed full-time,89.4,Percent
2024,SK,Total,25 to 54 years,Proportion employed part-time,10.6,Percent
2024,SK,Total,25 to 54 years,Unemployment,19.0,Persons in thousands
2024,SK,Total,25 to 54 years,Unemployment rate,4.6,Percent
2025,AB,Total,15 to 24 years,Employment,335.4,Persons in thousands
2025,AB,Total,15 to 24 years,Employment rate,54.3,Percent
2025,AB,Total,15 to 24 years,Full-time employment,180.0,Persons in thousands
2025,AB,Total,15 to 24 years,Labour force,397.7,Persons in thousands
2025,AB,Total,15 to 24 years,Not in labour force,219.6,Persons in thousands
2025,AB,Total,15 to 24 years,Part-time employment,155.4,Persons in thousands
2025,AB,Total,15 to 24 years,Participation rate,64.4,Percent
2025,AB,Total,15 to 24 years,Population,617.3,Persons in thousands
2025,AB,Total,15 to 24 years,Proportion employed full-time,53.7,Percent
2025,AB,Total,15 to 24 years,Proportion employed part-time,46.3,Percent
2025,AB,Total,15 to 24 years,Unemployment,62.3,Persons in thousands
2025,AB,Total,15 to 24 years,Unemployment rate,15.7,Percent
2025,AB,Total,15 to 64 years,Employment,2465.7,Persons in thousands
2025,AB,Total,15 to 64 years,Employment rate,74.6,Percent
2025,AB,Total,15 to 64 years,Full-time employment,2050.6,Persons in thousands
2025,AB,Total,15 to 64 years,Labour force,2661.3,Persons in thousands
2025,AB,Total,15 to 64 years,Not in labour force,642.0,Persons in thousands
2025,AB,Total,15 to 64 years,Part-time employment,415.1,Persons in thousands
2025,AB,Total,15 to 64 years,Participation rate,80.6,Percent
2025,AB,Total,15 to 64 years,Population,3303.3,Persons in thousands
2025,AB,Total,15 to 64 years,Proportion employed full-time,83.2,Percent
2025,AB,Total,15 to 64 years,Proportion employed part-time,16.8,Percent
2025,AB,Total,15 to 64 years,Unemployment,195.7,Persons in thousands
2025,AB,Total,15 to 64 years,Unemployment rate,7.4,Percent
2025,AB,Total,15 years and over,Employment,2590.1,Persons in thousands
2025,AB,Total,15 years and over,Employment rate,63.9,Percent
2025,AB,Total,15 years and over,Full-time employment,2124.7,Persons in thousands
2025,AB,Total,15 years and over,Labour force,2791.0,Persons in thousands
2025,AB,Total,15 years and over,Not in labour force,1262.7,Persons in thousands
2025,AB,Total,15 years and over,Part-time employment,465.4,Persons in thousands
2025,AB,Total,15 years and over,Participation rate,68.9,Percent
2025,AB,Total,15 years and over,Population,4053.7,Persons in thousands
2025,AB,Total,15 years and over,Proportion employed full-time,82.0,Percent
2025,AB,Total,15 years and over,Proportion employed part-time,18.0,Percent
2025,AB,Total,15 years and over,Unemployment,200.9,Persons in thousands
2025,AB,Total,15 years and over,Unemployment rate,7.2,Percent
2025,AB,Total,25 to 54 years,Employment,1773.4,Persons in thousands
2025,AB,Total,25 to 54 years,Employment rate,82.9,Percent
2025,AB,Total,25 to 54 years,Full-time employment,1575.0,Persons in thousands
2025,AB,Total,25 to 54 years,Labour force,1885.4,Persons in thousands
2025,AB,Total,25 to 54 years,Not in labour force,253.9,Persons in thousands
2025,AB,Total,25 to 54 years,Part-time employment,198.4,Persons in thousands
2025,AB,Total,25 to 54 years,Participation rate,88.1,Percent
2025,AB,Total,25 to 54 years,Population,2139.3,Persons in thousands
2025,AB,Total,25 to 54 years,Proportion employed full-time,88.8,Percent
2025,AB,Total,25 to 54 years,Proportion employed part-time,11.2,Percent
2025,AB,Total,25 to 54 years,Unemployment,112.0,Persons in thousands
2025,AB,Total,25 to 54 years,Unemployment rate,5.9,Percent
2025,BC,Total,15 to 24 years,Employment,351.8,Persons in thousands
2025,BC,Total,15 to 24 years,Employment rate,52.2,Percent
2025,BC,Total,15 to 24 years,Full-time employment,177.4,Persons in thousands
2025,BC,Total,15 to 24 years,Labour force,406.4,Persons in thousands
2025,BC,Total,15 to 24 years,Not in labour force,267.2,Persons in thousands
2025,BC,Total,15 to 24 years,Part-time employment,174.4,Persons in thousands
2025,BC,Total,15 to 24 years,Participation rate,60.3,Percent
2025,BC,Total,15 to 24 years,Population,673.6,Persons in thousands
2025,BC,Total,15 to 24 years,Proportion employed full-time,50.4,Percent
2025,BC,Total,15 to 24 years,Proportion employed part-time,49.6,Percent
2025,BC,Total,15 to 24 years,Unemployment,54.6,Persons in thousands
2025,BC,Total,15 to 24 years,Unemployment rate,13.4,Percent
2025,BC,Total,15 to 64 years,Employment,2777.8,Persons in thousands
2025,BC,Total,15 to 64 years,Employment rate,74.4,Percent
2025,BC,Total,15 to 64 years,Full-time employment,2252.4,Persons in thousands
2025,BC,Total,15 to 64 years,Labour force,2965.2,Persons in thousands
2025,BC,Total,15 to 64 years,Not in labour force,766.3,Persons in thousands
2025,BC,Total,15 to 64 years,Part-time employment,525.4,Persons in thousands
2025,BC,Total,15 to 64 years,Participation rate,79.5,Percent
2025,BC,Total,15 to 64 years,Population,3731.5,Persons in thousands
2025,BC,Total,15 to 64 years,Proportion employed full-time,81.1,Percent
2025,BC,Total,15 to 64 years,Proportion employed part-time,18.9,Percent
2025,BC,Total,15 to 64 years,Unemployment,187.4,Persons in thousands
2025,BC,Total,15 to 64 years,Unemployment rate,6.3,Percent
2025,BC,Total,15 years and over,Employment,2946.2,Persons in thousands
2025,BC,Total,15 years and over,Employment rate,60.9,Percent
2025,BC,Total,15 years and over,Full-time employment,2348.4,Persons in thousands
2025,BC,Total,15 years and over,Labour force,3140.8,Persons in thousands
2025,BC,Total,15 years and over,Not in labour force,1693.9,Persons in thousands
2025,BC,Total,15 years and over,Part-time employment,597.8,Persons in thousands
2025,BC,Total,15 years and over,Participation rate,65.0,Percent
2025,BC,Total,15 years and over,Population,4834.7,Persons in thousands
2025,BC,Total,15 years and over,Proportion employed full-time,79.7,Percent
2025,BC,Total,15 years and over,Proportion employed part-time,20.3,Percent
2025,BC,Total,15 years and over,Unemployment,194.6,Persons in thousands
2025,BC,Total,15 years and over,Unemployment rate,6.2,Percent
2025,BC,Total,25 to 54 years,Employment,1986.1,Persons in thousands
2025,BC,Total,25 to 54 years,Employment rate,83.8,Percent
2025,BC,Total,25 to 54 years,Full-time employment,1719.5,Persons in thousands
2025,BC,Total,25 to 54 years,Labour force,2096.7,Persons in thousands
2025,BC,Total,25 to 54 years,Not in labour force,274.6,Persons in thousands
2025,BC,Total,25 to 54 years,Part-time employment,266.6,Persons in thousands
2025,BC,Total,25 to 54 years,Participation rate,88.4,Percent
2025,BC,Total,25 to 54 years,Population,2371.2,Persons in thousands
2025,BC,Total,25 to 54 years,Proportion employed full-time,86.6,Percent
2025,BC,Total,25 to 54 years,Proportion employed part-time,13.4,Percent
2025,BC,Total,25 to 54 years,Unemployment,110.6,Persons in thousands
2025,BC,Total,25 to 54 years,Unemployment rate,5.3,Percent
2025,CA,Total,15 to 24 years,Employment,2720.1,Persons in thousands
2025,CA,Total,15 to 24 years,Employment rate,54.3,Percent
2025,CA,Total,15 to 24 years,Full-time employment,1363.0,Persons in thousands
2025,CA,Total,15 to 24 years,Labour force,3157.0,Persons in thousands
2025,CA,Total,15 to 24 years,Not in labour force,1853.0,Persons in thousands
2025,CA,Total,15 to 24 years,Part-time employment,1357.1,Persons in thousands
2025,CA,Total,15 to 24 years,Participation rate,63.0,Percent
2025,CA,Total,15 to 24 years,Population,5009.9,Persons in thousands
2025,CA,Total,15 to 24 years,Proportion employed full-time,50.1,Percent
2025,CA,Total,15 to 24 years,Proportion employed part-time,49.9,Percent
2025,CA,Total,15 to 24 years,Unemployment,436.9,Persons in thousands
2025,CA,Total,15 to 24 years,Unemployment rate,13.8,Percent
2025,CA,Total,15 to 64 years,Employment,19898.9,Persons in thousands
2025,CA,Total,15 to 64 years,Employment rate,74.2,Percent
2025,CA,Total,15 to 64 years,Full-time employment,16534.7,Persons in thousands
2025,CA,Total,15 to 64 years,Labour force,21387.7,Persons in thousands
2025,CA,Total,15 to 64 years,Not in labour force,5422.9,Persons in thousands
2025,CA,Total,15 to 64 years,Part-time employment,3364.2,Persons in thousands
2025,CA,Total,15 to 64 years,Participation rate,79.8,Percent
2025,CA,Total,15 to 64 years,Population,26810.6,Persons in thousands
2025,CA,Total,15 to 64 years,Proportion employed full-time,83.1,Percent
2025,CA,Total,15 to 64 years,Proportion employed part-time,16.9,Percent
2025,CA,Total,15 to 64 years,Unemployment,1488.8,Persons in thousands
2025,CA,Total,15 to 64 years,Unemployment rate,7.0,Percent
2025,CA,Total,15 years and over,Employment,21028.7,Persons in thousands
2025,CA,Total,15 years and over,Employment rate,60.8,Percent
2025,CA,Total,15 years and over,Full-time employment,17194.8,Persons in thousands
2025,CA,Total,15 years and over,Labour force,22567.6,Persons in thousands
2025,CA,Total,15 years and over,Not in labour force,12001.8,Persons in thousands
2025,CA,Total,15 years and over,Part-time employment,3833.9,Persons in thousands
2025,CA,Total,15 years and over,Participation rate,65.3,Percent
2025,CA,Total,15 years and over,Population,34569.4,Persons in thousands
2025,CA,Total,15 years and over,Proportion employed full-time,81.8,Percent
2025,CA,Total,15 years and over,Proportion employed part-time,18.2,Percent
2025,CA,Total,15 years and over,Unemployment,1538.9,Persons in thousands
2025,CA,Total,15 years and over,Unemployment rate,6.8,Percent
2025,CA,Total,25 to 54 years,Employment,13960.3,Persons in thousands
2025,CA,Total,25 to 54 years,Employment rate,83.3,Percent
2025,CA,Total,25 to 54 years,Full-time employment,12478.7,Persons in thousands
2025,CA,Total,25 to 54 years,Labour force,14820.7,Persons in thousands
2025,CA,Total,25 to 54 years,Not in labour force,1931.2,Persons in thousands
2025,CA,Total,25 to 54 years,Part-time employment,1481.6,Persons in thousands
2025,CA,Total,25 to 54 years,Participation rate,88.5,Percent
2025,CA,Total,25 to 54 years,Population,16751.9,Persons in thousands
2025,CA,Total,25 to 54 years,Proportion employed full-time,89.4,Percent
2025,CA,Total,25 to 54 years,Proportion employed part-time,10.6,Percent
2025,CA,Total,25 to 54 years,Unemployment,860.4,Persons in thousands
2025,CA,Total,25 to 54 years,Unemployment rate,5.8,Percent
2025,MB,Total,15 to 24 years,Employment,110.3,Persons in thousands
2025,MB,Total,15 to 24 years,Employment rate,58.2,Percent
2025,MB,Total,15 to 24 years,Full-time employment,64.7,Persons in thousands
2025,MB,Total,15 to 24 years,Labour force,125.1,Persons in thousands
2025,MB,Total,15 to 24 years,Not in labour force,64.3,Persons in thousands
2025,MB,Total,15 to 24 years,Part-time employment,45.6,Persons in thousands
2025,MB,Total,15 to 24 years,Participation rate,66.0,Percent
2025,MB,Total,15 to 24 years,Population,189.5,Persons in thousands
2025,MB,Total,15 to 24 years,Proportion employed full-time,58.7,Percent
2025,MB,Total,15 to 24 years,Proportion employed part-time,41.3,Percent
2025,MB,Total,15 to 24 years,Unemployment,14.9,Persons in thousands
2025,MB,Total,15 to 24 years,Unemployment rate,11.9,Percent
2025,MB,Total,15 to 64 years,Employment,697.5,Persons in thousands
2025,MB,Total,15 to 64 years,Employment rate,75.1,Percent
2025,MB,Total,15 to 64 years,Full-time employment,586.3,Persons in thousands
2025,MB,Total,15 to 64 years,Labour force,741.5,Persons in thousands
2025,MB,Total,15 to 64 years,Not in labour force,187.4,Persons in thousands
2025,MB,Total,15 to 64 years,Part-time employment,111.3,Persons in thousands
2025,MB,Total,15 to 64 years,Participation rate,79.8,Percent
2025,MB,Total,15 to 64 years,Population,928.9,Persons in thousands
2025,MB,Total,15 to 64 years,Proportion employed full-time,84.1,Percent
2025,MB,Total,15 to 64 years,Proportion employed part-time,16.0,Percent
2025,MB,Total,15 to 64 years,Unemployment,43.9,Persons in thousands
2025,MB,Total,15 to 64 years,Unemployment rate,5.9,Percent
2025,MB,Total,15 years and over,Employment,736.2,Persons in thousands
2025,MB,Total,15 years and over,Employment rate,62.7,Percent
2025,MB,Total,15 years and over,Full-time employment,608.9,Persons in thousands
2025,MB,Total,15 years and over,Labour force,781.9,Persons in thousands
2025,MB,Total,15 years and over,Not in labour force,392.4,Persons in thousands
2025,MB,Total,15 years and over,Part-time employment,127.2,Persons in thousands
2025,MB,Total,15 years and over,Participation rate,66.6,Percent
2025,MB,Total,15 years and over,Population,1174.3,Persons in thousands
2025,MB,Total,15 years and over,Proportion employed full-time,82.7,Percent
2025,MB,Total,15 years and over,Proportion employed part-time,17.3,Percent
2025,MB,Total,15 years and over,Unemployment,45.8,Persons in thousands
2025,MB,Total,15 years and over,Unemployment rate,5.9,Percent
2025,MB,Total,25 to 54 years,Employment,487.9,Persons in thousands
2025,MB,Total,25 to 54 years,Employment rate,84.1,Percent
2025,MB,Total,25 to 54 years,Full-time employment,439.5,Persons in thousands
2025,MB,Total,25 to 54 years,Labour force,512.3,Persons in thousands
2025,MB,Total,25 to 54 years,Not in labour force,68.1,Persons in thousands
2025,MB,Total,25 to 54 years,Part-time employment,48.4,Persons in thousands
2025,MB,Total,25 to 54 years,Participation rate,88.3,Percent
2025,MB,Total,25 to 54 years,Population,580.3,Persons in thousands
2025,MB,Total,25 to 54 years,Proportion employed full-time,90.1,Percent
2025,MB,Total,25 to 54 years,Proportion employed part-time,9.9,Percent
2025,MB,Total,25 to 54 years,Unemployment,24.4,Persons in thousands
2025,MB,Total,25 to 54 years,Unemployment rate,4.8,Percent
2025,NB,Total,15 to 24 years,Employment,50.1,Persons in thousands
2025,NB,Total,15 to 24 years,Employment rate,54.0,Percent
2025,NB,Total,15 to 24 years,Full-time employment,30.3,Persons in thousands
2025,NB,Total,15 to 24 years,Labour force,58.9,Persons in thousands
2025,NB,Total,15 to 24 years,Not in labour force,33.9,Persons in thousands
2025,NB,Total,15 to 24 years,Part-time employment,19.8,Persons in thousands
2025,NB,Total,15 to 24 years,Participation rate,63.5,Percent
2025,NB,Total,15 to 24 years,Population,92.7,Persons in thousands
2025,NB,Total,15 to 24 years,Proportion employed full-time,60.5,Percent
2025,NB,Total,15 to 24 years,Proportion employed part-time,39.5,Percent
2025,NB,Total,15 to 24 years,Unemployment,8.8,Persons in thousands
2025,NB,Total,15 to 24 years,Unemployment rate,14.9,Percent
2025,NB,Total,15 to 64 years,Employment,382.7,Persons in thousands
2025,NB,Total,15 to 64 years,Employment rate,72.6,Percent
2025,NB,Total,15 to 64 years,Full-time employment,331.6,Persons in thousands
2025,NB,Total,15 to 64 years,Labour force,412.2,Persons in thousands
2025,NB,Total,15 to 64 years,Not in labour force,114.9,Persons in thousands
2025,NB,Total,15 to 64 years,Part-time employment,51.1,Persons in thousands
2025,NB,Total,15 to 64 years,Participation rate,78.2,Percent
2025,NB,Total,15 to 64 years,Population,527.1,Persons in thousands
2025,NB,Total,15 to 64 years,Proportion employed full-time,86.6,Percent
2025,NB,Total,15 to 64 years,Proportion employed part-time,13.4,Percent
2025,NB,Total,15 to 64 years,Unemployment,29.6,Persons in thousands
2025,NB,Total,15 to 64 years,Unemployment rate,7.2,Percent
2025,NB,Total,15 years and over,Employment,405.2,Persons in thousands
2025,NB,Total,15 years and over,Employment rate,56.2,Percent
2025,NB,Total,15 years and over,Full-time employment,345.0,Persons in thousands
2025,NB,Total,15 years and over,Labour force,436.3,Persons in thousands
2025,NB,Total,15 years and over,Not in labour force,284.5,Persons in thousands
2025,NB,Total,15 years and over,Part-time employment,60.1,Persons in thousands
2025,NB,Total,15 years and over,Participation rate,60.5,Percent
2025,NB,Total,15 years and over,Population,720.8,Persons in thousands
2025,NB,Total,15 years and over,Proportion employed full-time,85.1,Percent
2025,NB,Total,15 years and over,Proportion employed part-time,14.8,Percent
2025,NB,Total,15 years and over,Unemployment,31.1,Persons in thousands
2025,NB,Total,15 years and over,Unemployment rate,7.1,Percent
2025,NB,Total,25 to 54 years,Employment,263.6,Persons in thousands
2025,NB,Total,25 to 54 years,Employment rate,83.3,Percent
2025,NB,Total,25 to 54 years,Full-time employment,241.8,Persons in thousands
2025,NB,Total,25 to 54 years,Labour force,279.2,Persons in thousands
2025,NB,Total,25 to 54 years,Not in labour force,37.4,Persons in thousands
2025,NB,Total,25 to 54 years,Part-time employment,21.9,Persons in thousands
2025,NB,Total,25 to 54 years,Participation rate,88.2,Percent
2025,NB,Total,25 to 54 years,Population,316.6,Persons in thousands
2025,NB,Total,25 to 54 years,Proportion employed full-time,91.7,Percent
2025,NB,Total,25 to 54 years,Proportion employed part-time,8.3,Percent
2025,NB,Total,25 to 54 years,Unemployment,15.6,Persons in thousands
2025,NB,Total,25 to 54 years,Unemployment rate,5.6,Percent
2025,NL,Total,15 to 24 years,Employment,29.5,Persons in thousands
2025,NL,Total,15 to 24 years,Employment rate,51.1,Percent
2025,NL,Total,15 to 24 years,Full-time employment,15.4,Persons in thousands
2025,NL,Total,15 to 24 years,Labour force,35.3,Persons in thousands
2025,NL,Total,15 to 24 years,Not in labour force,22.4,Persons in thousands
2025,NL,Total,15 to 24 years,Part-time employment,14.1,Persons in thousands
2025,NL,Total,15 to 24 years,Participation rate,61.2,Percent
2025,NL,Total,15 to 24 years,Population,57.7,Persons in thousands
2025,NL,Total,15 to 24 years,Proportion employed full-time,52.2,Percent
2025,NL,Total,15 to 24 years,Proportion employed part-time,47.8,Percent
2025,NL,Total,15 to 24 years,Unemployment,5.8,Persons in thousands
2025,NL,Total,15 to 24 years,Unemployment rate,16.4,Percent
2025,NL,Total,15 to 64 years,Employment,230.5,Persons in thousands
2025,NL,Total,15 to 64 years,Employment rate,68.4,Percent
2025,NL,Total,15 to 64 years,Full-time employment,197.2,Persons in thousands
2025,NL,Total,15 to 64 years,Labour force,256.3,Persons in thousands
2025,NL,Total,15 to 64 years,Not in labour force,80.9,Persons in thousands
2025,NL,Total,15 to 64 years,Part-time employment,33.2,Persons in thousands
2025,NL,Total,15 to 64 years,Participation rate,76.0,Percent
2025,NL,Total,15 to 64 years,Population,337.2,Persons in thousands
2025,NL,Total,15 to 64 years,Proportion employed full-time,85.6,Percent
2025,NL,Total,15 to 64 years,Proportion employed part-time,14.4,Percent
2025,NL,Total,15 to 64 years,Unemployment,25.8,Persons in thousands
2025,NL,Total,15 to 64 years,Unemployment rate,10.1,Percent
2025,NL,Total,15 years and over,Employment,244.8,Persons in thousands
2025,NL,Total,15 years and over,Employment rate,52.0,Percent
2025,NL,Total,15 years and over,Full-time employment,207.1,Persons in thousands
2025,NL,Total,15 years and over,Labour force,272.3,Persons in thousands
2025,NL,Total,15 years and over,Not in labour force,198.9,Persons in thousands
2025,NL,Total,15 years and over,Part-time employment,37.7,Persons in thousands
2025,NL,Total,15 years and over,Participation rate,57.8,Percent
2025,NL,Total,15 years and over,Population,471.2,Persons in thousands
2025,NL,Total,15 years and over,Proportion employed full-time,84.6,Percent
2025,NL,Total,15 years and over,Proportion employed part-time,15.4,Percent
2025,NL,Total,15 years and over,Unemployment,27.6,Persons in thousands
2025,NL,Total,15 years and over,Unemployment rate,10.1,Percent
2025,NL,Total,25 to 54 years,Employment,156.1,Persons in thousands
2025,NL,Total,25 to 54 years,Employment rate,79.6,Percent
2025,NL,Total,25 to 54 years,Full-time employment,142.7,Persons in thousands
2025,NL,Total,25 to 54 years,Labour force,170.4,Persons in thousands
2025,NL,Total,25 to 54 years,Not in labour force,25.7,Persons in thousands
2025,NL,Total,25 to 54 years,Part-time employment,13.4,Persons in thousands
2025,NL,Total,25 to 54 years,Participation rate,86.9,Percent
2025,NL,Total,25 to 54 years,Population,196.1,Persons in thousands
2025,NL,Total,25 to 54 years,Proportion employed full-time,91.4,Percent
2025,NL,Total,25 to 54 years,Proportion employed part-time,8.6,Percent
2025,NL,Total,25 to 54 years,Unemployment,14.3,Persons in thousands
2025,NL,Total,25 to 54 years,Unemployment rate,8.4,Percent
2025,NS,Total,15 to 24 years,Employment,66.7,Persons in thousands
2025,NS,Total,15 to 24 years,Employment rate,56.7,Percent
2025,NS,Total,15 to 24 years,Full-time employment,38.1,Persons in thousands
2025,NS,Total,15 to 24 years,Labour force,76.7,Persons in thousands
2025,NS,Total,15 to 24 years,Not in labour force,40.9,Persons in thousands
2025,NS,Total,15 to 24 years,Part-time employment,28.6,Persons in thousands
2025,NS,Total,15 to 24 years,Participation rate,65.2,Percent
2025,NS,Total,15 to 24 years,Population,117.6,Persons in thousands
2025,NS,Total,15 to 24 years,Proportion employed full-time,57.1,Percent
2025,NS,Total,15 to 24 years,Proportion employed part-time,42.9,Percent
2025,NS,Total,15 to 24 years,Unemployment,10.0,Persons in thousands
2025,NS,Total,15 to 24 years,Unemployment rate,13.0,Percent
2025,NS,Total,15 to 64 years,Employment,491.2,Persons in thousands
2025,NS,Total,15 to 64 years,Employment rate,72.6,Percent
2025,NS,Total,15 to 64 years,Full-time employment,417.0,Persons in thousands
2025,NS,Total,15 to 64 years,Labour force,526.5,Persons in thousands
2025,NS,Total,15 to 64 years,Not in labour force,150.0,Persons in thousands
2025,NS,Total,15 to 64 years,Part-time employment,74.2,Persons in thousands
2025,NS,Total,15 to 64 years,Participation rate,77.8,Percent
2025,NS,Total,15 to 64 years,Population,676.5,Persons in thousands
2025,NS,Total,15 to 64 years,Proportion employed full-time,84.9,Percent
2025,NS,Total,15 to 64 years,Proportion employed part-time,15.1,Percent
2025,NS,Total,15 to 64 years,Unemployment,35.3,Persons in thousands
2025,NS,Total,15 to 64 years,Unemployment rate,6.7,Percent
2025,NS,Total,15 years and over,Employment,523.5,Persons in thousands
2025,NS,Total,15 years and over,Employment rate,57.3,Percent
2025,NS,Total,15 years and over,Full-time employment,436.3,Persons in thousands
2025,NS,Total,15 years and over,Labour force,560.3,Persons in thousands
2025,NS,Total,15 years and over,Not in labour force,353.4,Persons in thousands
2025,NS,Total,15 years and over,Part-time employment,87.2,Persons in thousands
2025,NS,Total,15 years and over,Participation rate,61.3,Percent
2025,NS,Total,15 years and over,Population,913.7,Persons in thousands
2025,NS,Total,15 years and over,Proportion employed full-time,83.3,Percent
2025,NS,Total,15 years and over,Proportion employed part-time,16.7,Percent
2025,NS,Total,15 years and over,Unemployment,36.9,Persons in thousands
2025,NS,Total,15 years and over,Unemployment rate,6.6,Percent
2025,NS,Total,25 to 54 years,Employment,337.8,Persons in thousands
2025,NS,Total,25 to 54 years,Employment rate,81.8,Percent
2025,NS,Total,25 to 54 years,Full-time employment,306.0,Persons in thousands
2025,NS,Total,25 to 54 years,Labour force,357.8,Persons in thousands
2025,NS,Total,25 to 54 years,Not in labour force,54.9,Persons in thousands
2025,NS,Total,25 to 54 years,Part-time employment,31.7,Persons in thousands
2025,NS,Total,25 to 54 years,Participation rate,86.7,Percent
2025,NS,Total,25 to 54 years,Population,412.8,Persons in thousands
2025,NS,Total,25 to 54 years,Proportion employed full-time,90.6,Percent
2025,NS,Total,25 to 54 years,Proportion employed part-time,9.4,Percent
2025,NS,Total,25 to 54 years,Unemployment,20.1,Persons in thousands
2025,NS,Total,25 to 54 years,Unemployment rate,5.6,Percent
2025,ON,Total,15 to 24 years,Employment,1054.2,Persons in thousands
2025,ON,Total,15 to 24 years,Employment rate,50.7,Percent
2025,ON,Total,15 to 24 years,Full-time employment,522.3,Persons in thousands
2025,ON,Total,15 to 24 years,Labour force,1254.7,Persons in thousands
2025,ON,Total,15 to 24 years,Not in labour force,824.6,Persons in thousands
2025,ON,Total,15 to 24 years,Part-time employment,531.9,Persons in thousands
2025,ON,Total,15 to 24 years,Participation rate,60.3,Percent
2025,ON,Total,15 to 24 years,Population,2079.3,Persons in thousands
2025,ON,Total,15 to 24 years,Proportion employed full-time,49.5,Percent
2025,ON,Total,15 to 24 years,Proportion employed part-time,50.5,Percent
2025,ON,Total,15 to 24 years,Unemployment,200.6,Persons in thousands
2025,ON,Total,15 to 24 years,Unemployment rate,16.0,Percent
2025,ON,Total,15 to 64 years,Employment,7782.7,Persons in thousands
2025,ON,Total,15 to 64 years,Employment rate,72.5,Percent
2025,ON,Total,15 to 64 years,Full-time employment,6475.5,Persons in thousands
2025,ON,Total,15 to 64 years,Labour force,8450.7,Persons in thousands
2025,ON,Total,15 to 64 years,Not in labour force,2289.9,Persons in thousands
2025,ON,Total,15 to 64 years,Part-time employment,1307.2,Persons in thousands
2025,ON,Total,15 to 64 years,Participation rate,78.7,Percent
2025,ON,Total,15 to 64 years,Population,10740.6,Persons in thousands
2025,ON,Total,15 to 64 years,Proportion employed full-time,83.2,Percent
2025,ON,Total,15 to 64 years,Proportion employed part-time,16.8,Percent
2025,ON,Total,15 to 64 years,Unemployment,667.9,Persons in thousands
2025,ON,Total,15 to 64 years,Unemployment rate,7.9,Percent
2025,ON,Total,15 years and over,Employment,8227.0,Persons in thousands
2025,ON,Total,15 years and over,Employment rate,60.0,Percent
2025,ON,Total,15 years and over,Full-time employment,6751.6,Persons in thousands
2025,ON,Total,15 years and over,Labour force,8911.0,Persons in thousands
2025,ON,Total,15 years and over,Not in labour force,4791.0,Persons in thousands
2025,ON,Total,15 years and over,Part-time employment,1475.4,Persons in thousands
2025,ON,Total,15 years and over,Participation rate,65.0,Percent
2025,ON,Total,15 years and over,Population,13702.0,Persons in thousands
2025,ON,Total,15 years and over,Proportion employed full-time,82.1,Percent
2025,ON,Total,15 years and over,Proportion employed part-time,17.9,Percent
2025,ON,Total,15 years and over,Unemployment,684.0,Persons in thousands
2025,ON,Total,15 years and over,Unemployment rate,7.7,Percent
2025,ON,Total,25 to 54 years,Employment,5449.1,Persons in thousands
2025,ON,Total,25 to 54 years,Employment rate,81.9,Percent
2025,ON,Total,25 to 54 years,Full-time employment,4865.8,Persons in thousands
2025,ON,Total,25 to 54 years,Labour force,5837.3,Persons in thousands
2025,ON,Total,25 to 54 years,Not in labour force,819.5,Persons in thousands
2025,ON,Total,25 to 54 years,Part-time employment,583.2,Persons in thousands
2025,ON,Total,25 to 54 years,Participation rate,87.7,Percent
2025,ON,Total,25 to 54 years,Population,6656.8,Persons in thousands
2025,ON,Total,25 to 54 years,Proportion employed full-time,89.3,Percent
2025,ON,Total,25 to 54 years,Proportion employed part-time,10.7,Percent
2025,ON,Total,25 to 54 years,Unemployment,388.3,Persons in thousands
2025,ON,Total,25 to 54 years,Unemployment rate,6.7,Percent
2025,PE,Total,15 to 24 years,Employment,14.6,Persons in thousands
2025,PE,Total,15 to 24 years,Employment rate,60.6,Percent
2025,PE,Total,15 to 24 years,Full-time employment,9.8,Persons in thousands
2025,PE,Total,15 to 24 years,Labour force,16.5,Persons in thousands
2025,PE,Total,15 to 24 years,Not in labour force,7.6,Persons in thousands
2025,PE,Total,15 to 24 years,Part-time employment,4.9,Persons in thousands
2025,PE,Total,15 to 24 years,Participation rate,68.5,Percent
2025,PE,Total,15 to 24 years,Population,24.1,Persons in thousands
2025,PE,Total,15 to 24 years,Proportion employed full-time,67.1,Percent
2025,PE,Total,15 to 24 years,Proportion employed part-time,33.6,Percent
2025,PE,Total,15 to 24 years,Unemployment,1.8,Persons in thousands
2025,PE,Total,15 to 24 years,Unemployment rate,10.9,Percent
2025,PE,Total,15 to 64 years,Employment,87.8,Persons in thousands
2025,PE,Total,15 to 64 years,Employment rate,74.9,Percent
2025,PE,Total,15 to 64 years,Full-time employment,77.1,Persons in thousands
2025,PE,Total,15 to 64 years,Labour force,95.4,Persons in thousands
2025,PE,Total,15 to 64 years,Not in labour force,21.8,Persons in thousands
2025,PE,Total,15 to 64 years,Part-time employment,10.7,Persons in thousands
2025,PE,Total,15 to 64 years,Participation rate,81.3,Percent
2025,PE,Total,15 to 64 years,Population,117.3,Persons in thousands
2025,PE,Total,15 to 64 years,Proportion employed full-time,87.8,Percent
2025,PE,Total,15 to 64 years,Proportion employed part-time,12.2,Percent
2025,PE,Total,15 to 64 years,Unemployment,7.6,Persons in thousands
2025,PE,Total,15 to 64 years,Unemployment rate,8.0,Percent
2025,PE,Total,15 years and over,Employment,93.5,Persons in thousands
2025,PE,Total,15 years and over,Employment rate,60.8,Percent
2025,PE,Total,15 years and over,Full-time employment,80.8,Persons in thousands
2025,PE,Total,15 years and over,Labour force,101.6,Persons in thousands
2025,PE,Total,15 years and over,Not in labour force,52.3,Persons in thousands
2025,PE,Total,15 years and over,Part-time employment,12.7,Persons in thousands
2025,PE,Total,15 years and over,Participation rate,66.0,Percent
2025,PE,Total,15 years and over,Population,153.9,Persons in thousands
2025,PE,Total,15 years and over,Proportion employed full-time,86.4,Percent
2025,PE,Total,15 years and over,Proportion employed part-time,13.6,Percent
2025,PE,Total,15 years and over,Unemployment,8.1,Persons in thousands
2025,PE,Total,15 years and over,Unemployment rate,8.0,Percent
2025,PE,Total,25 to 54 years,Employment,58.8,Persons in thousands
2025,PE,Total,25 to 54 years,Employment rate,83.9,Percent
2025,PE,Total,25 to 54 years,Full-time employment,54.8,Persons in thousands
2025,PE,Total,25 to 54 years,Labour force,63.1,Persons in thousands
2025,PE,Total,25 to 54 years,Not in labour force,7.0,Persons in thousands
2025,PE,Total,25 to 54 years,Part-time employment,4.0,Persons in thousands
2025,PE,Total,25 to 54 years,Participation rate,90.0,Percent
2025,PE,Total,25 to 54 years,Population,70.1,Persons in thousands
2025,PE,Total,25 to 54 years,Proportion employed full-time,93.2,Percent
2025,PE,Total,25 to 54 years,Proportion employed part-time,6.8,Percent
2025,PE,Total,25 to 54 years,Unemployment,4.3,Persons in thousands
2025,PE,Total,25 to 54 years,Unemployment rate,6.8,Percent
2025,QC,Total,15 to 24 years,Employment,623.4,Persons in thousands
2025,QC,Total,15 to 24 years,Employment rate,61.9,Percent
2025,QC,Total,15 to 24 years,Full-time employment,275.7,Persons in thousands
2025,QC,Total,15 to 24 years,Labour force,690.4,Persons in thousands
2025,QC,Total,15 to 24 years,Not in labour force,317.2,Persons in thousands
2025,QC,Total,15 to 24 years,Part-time employment,347.7,Persons in thousands
2025,QC,Total,15 to 24 years,Participation rate,68.5,Percent
2025,QC,Total,15 to 24 years,Population,1007.5,Persons in thousands
2025,QC,Total,15 to 24 years,Proportion employed full-time,44.2,Percent
2025,QC,Total,15 to 24 years,Proportion employed part-time,55.8,Percent
2025,QC,Total,15 to 24 years,Unemployment,67.0,Persons in thousands
2025,QC,Total,15 to 24 years,Unemployment rate,9.7,Percent
2025,QC,Total,15 to 64 years,Employment,4404.4,Persons in thousands
2025,QC,Total,15 to 64 years,Employment rate,77.4,Percent
2025,QC,Total,15 to 64 years,Full-time employment,3659.4,Persons in thousands
2025,QC,Total,15 to 64 years,Labour force,4667.3,Persons in thousands
2025,QC,Total,15 to 64 years,Not in labour force,1024.4,Persons in thousands
2025,QC,Total,15 to 64 years,Part-time employment,745.1,Persons in thousands
2025,QC,Total,15 to 64 years,Participation rate,82.0,Percent
2025,QC,Total,15 to 64 years,Population,5691.6,Persons in thousands
2025,QC,Total,15 to 64 years,Proportion employed full-time,83.1,Percent
2025,QC,Total,15 to 64 years,Proportion employed part-time,16.9,Percent
2025,QC,Total,15 to 64 years,Unemployment,262.8,Persons in thousands
2025,QC,Total,15 to 64 years,Unemployment rate,5.6,Percent
2025,QC,Total,15 years and over,Employment,4644.8,Persons in thousands
2025,QC,Total,15 years and over,Employment rate,61.3,Percent
2025,QC,Total,15 years and over,Full-time employment,3781.3,Persons in thousands
2025,QC,Total,15 years and over,Labour force,4921.1,Persons in thousands
2025,QC,Total,15 years and over,Not in labour force,2657.9,Persons in thousands
2025,QC,Total,15 years and over,Part-time employment,863.5,Persons in thousands
2025,QC,Total,15 years and over,Participation rate,64.9,Percent
2025,QC,Total,15 years and over,Population,7579.0,Persons in thousands
2025,QC,Total,15 years and over,Proportion employed full-time,81.4,Percent
2025,QC,Total,15 years and over,Proportion employed part-time,18.6,Percent
2025,QC,Total,15 years and over,Unemployment,276.2,Persons in thousands
2025,QC,Total,15 years and over,Unemployment rate,5.6,Percent
2025,QC,Total,25 to 54 years,Employment,3043.0,Persons in thousands
2025,QC,Total,25 to 54 years,Employment rate,86.1,Percent
2025,QC,Total,25 to 54 years,Full-time employment,2770.4,Persons in thousands
2025,QC,Total,25 to 54 years,Labour force,3196.0,Persons in thousands
2025,QC,Total,25 to 54 years,Not in labour force,339.7,Persons in thousands
2025,QC,Total,25 to 54 years,Part-time employment,272.6,Persons in thousands
2025,QC,Total,25 to 54 years,Participation rate,90.4,Percent
2025,QC,Total,25 to 54 years,Population,3535.7,Persons in thousands
2025,QC,Total,25 to 54 years,Proportion employed full-time,91.0,Percent
2025,QC,Total,25 to 54 years,Proportion employed part-time,9.0,Percent
2025,QC,Total,25 to 54 years,Unemployment,153.0,Persons in thousands
2025,QC,Total,25 to 54 years,Unemployment rate,4.8,Percent
2025,SK,Total,15 to 24 years,Employment,84.1,Persons in thousands
2025,SK,Total,15 to 24 years,Employment rate,55.8,Percent
2025,SK,Total,15 to 24 years,Full-time employment,49.3,Persons in thousands
2025,SK,Total,15 to 24 years,Labour force,95.3,Persons in thousands
2025,SK,Total,15 to 24 years,Not in labour force,55.2,Persons in thousands
2025,SK,Total,15 to 24 years,Part-time employment,34.7,Persons in thousands
2025,SK,Total,15 to 24 years,Participation rate,63.3,Percent
2025,SK,Total,15 to 24 years,Population,150.6,Persons in thousands
2025,SK,Total,15 to 24 years,Proportion employed full-time,58.6,Percent
2025,SK,Total,15 to 24 years,Proportion employed part-time,41.3,Percent
2025,SK,Total,15 to 24 years,Unemployment,11.3,Persons in thousands
2025,SK,Total,15 to 24 years,Unemployment rate,11.9,Percent
2025,SK,Total,15 to 64 years,Employment,578.5,Persons in thousands
2025,SK,Total,15 to 64 years,Employment rate,76.5,Percent
2025,SK,Total,15 to 64 years,Full-time employment,487.6,Persons in thousands
2025,SK,Total,15 to 64 years,Labour force,611.3,Persons in thousands
2025,SK,Total,15 to 64 years,Not in labour force,145.2,Persons in thousands
2025,SK,Total,15 to 64 years,Part-time employment,90.9,Persons in thousands
2025,SK,Total,15 to 64 years,Participation rate,80.8,Percent
2025,SK,Total,15 to 64 years,Population,756.5,Persons in thousands
2025,SK,Total,15 to 64 years,Proportion employed full-time,84.3,Percent
2025,SK,Total,15 to 64 years,Proportion employed part-time,15.7,Percent
2025,SK,Total,15 to 64 years,Unemployment,32.8,Persons in thousands
2025,SK,Total,15 to 64 years,Unemployment rate,5.4,Percent
2025,SK,Total,15 years and over,Employment,617.4,Persons in thousands
2025,SK,Total,15 years and over,Employment rate,63.9,Percent
2025,SK,Total,15 years and over,Full-time employment,510.6,Persons in thousands
2025,SK,Total,15 years and over,Labour force,651.2,Persons in thousands
2025,SK,Total,15 years and over,Not in labour force,314.8,Persons in thousands
2025,SK,Total,15 years and over,Part-time employment,106.8,Persons in thousands
2025,SK,Total,15 years and over,Participation rate,67.4,Percent
2025,SK,Total,15 years and over,Population,966.0,Persons in thousands
2025,SK,Total,15 years and over,Proportion employed full-time,82.7,Percent
2025,SK,Total,15 years and over,Proportion employed part-time,17.3,Percent
2025,SK,Total,15 years and over,Unemployment,33.8,Persons in thousands
2025,SK,Total,15 years and over,Unemployment rate,5.2,Percent
2025,SK,Total,25 to 54 years,Employment,404.6,Persons in thousands
2025,SK,Total,25 to 54 years,Employment rate,85.5,Percent
2025,SK,Total,25 to 54 years,Full-time employment,363.3,Persons in thousands
2025,SK,Total,25 to 54 years,Labour force,422.5,Persons in thousands
2025,SK,Total,25 to 54 years,Not in labour force,50.4,Persons in thousands
2025,SK,Total,25 to 54 years,Part-time employment,41.4,Persons in thousands
2025,SK,Total,25 to 54 years,Participation rate,89.3,Percent
2025,SK,Total,25 to 54 years,Population,473.0,Persons in thousands
2025,SK,Total,25 to 54 years,Proportion employed full-time,89.8,Percent
2025,SK,Total,25 to 54 years,Proportion employed part-time,10.2,Percent
2025,SK,Total,25 to 54 years,Unemployment,17.9,Persons in thousands
2025,SK,Total,25 to 54 years,Unemployment rate,4.2,Percent
