date,planet,x_au,y_au
1900-01-01,mercury,-0.387379,-0.162652
1900-02-01,mercury,0.170781,-0.408196
1900-03-01,mercury,0.176938,0.256117
1900-04-01,mercury,-0.373986,-0.211395
1900-05-01,mercury,0.191421,-0.394793
1900-06-01,mercury,0.050027,0.302839
1900-07-01,mercury,-0.3435,-0.277955
1900-08-01,mercury,0.2645,-0.328739
1900-09-01,mercury,-0.085004,0.300622
1900-10-01,mercury,-0.28652,-0.352749
1900-11-01,mercury,0.320945,-0.242242
1900-12-01,mercury,-0.179171,0.268186
1901-01-01,mercury,-0.214846,-0.409543
1901-02-01,mercury,0.354136,-0.138445
1901-03-01,mercury,-0.234758,0.234226
1901-04-01,mercury,-0.174514,-0.430739
1901-05-01,mercury,0.358035,-0.109733
1901-06-01,mercury,-0.321741,0.145978
1901-07-01,mercury,-0.110545,-0.452611
1901-08-01,mercury,0.352053,0.007229
1901-09-01,mercury,-0.374799,0.041912
1901-10-01,mercury,-0.021201,-0.462893
1901-11-01,mercury,0.308104,0.122989
1901-12-01,mercury,-0.392856,-0.039467
1902-01-01,mercury,0.06913,-0.45104
1902-02-01,mercury,0.22447,0.222397
1902-03-01,mercury,-0.395256,-0.093271
1902-04-01,mercury,0.113612,-0.436557
1902-05-01,mercury,0.197247,0.243085
1902-06-01,mercury,-0.379435,-0.194389
1902-07-01,mercury,0.177037,-0.40433
1902-08-01,mercury,0.074015,0.297962
1902-09-01,mercury,-0.340137,-0.283624
1902-10-01,mercury,0.252452,-0.34214
1902-11-01,mercury,-0.061158,0.30464
1902-12-01,mercury,-0.297937,-0.340596
1903-01-01,mercury,0.312345,-0.259137
1903-02-01,mercury,-0.187151,0.264084
1903-03-01,mercury,-0.264656,-0.373246
1903-04-01,mercury,0.334612,-0.210239
1903-05-01,mercury,-0.215768,0.24731
1903-06-01,mercury,-0.189138,-0.423774
1903-07-01,mercury,0.355522,-0.129938
1903-08-01,mercury,-0.30858,0.163392
1903-09-01,mercury,-0.104533,-0.454001
1903-10-01,mercury,0.35579,-0.014038
1903-11-01,mercury,-0.367769,0.061203
1903-12-01,mercury,-0.03744,-0.462654
1904-01-01,mercury,0.318956,0.102923
1904-02-01,mercury,-0.393623,-0.046845
1904-03-01,mercury,0.030655,-0.458848
1904-04-01,mercury,0.264923,0.182992
1904-05-01,mercury,-0.395015,-0.100472
1904-06-01,mercury,0.119561,-0.434148
1904-07-01,mercury,0.189619,0.248208
1904-08-01,mercury,-0.377435,-0.200925
1904-09-01,mercury,0.202228,-0.387
1904-10-01,mercury,0.064914,0.300011
1904-11-01,mercury,-0.336703,-0.289193
1904-12-01,mercury,0.257117,-0.337102
1905-01-01,mercury,-0.070294,0.303288
1905-02-01,mercury,-0.277449,-0.361654
1905-03-01,mercury,0.289024,-0.297059
1905-04-01,mercury,-0.13559,0.286672
1905-05-01,mercury,-0.259862,-0.377327
1905-06-01,mercury,0.337155,-0.20328
1905-07-01,mercury,-0.223124,0.242434
1905-08-01,mercury,-0.183582,-0.426516
1905-09-01,mercury,0.359276,-0.094073
1905-10-01,mercury,-0.31373,0.156803
1905-11-01,mercury,-0.098497,-0.455308
1905-12-01,mercury,0.354512,-0.005935
1906-01-01,mercury,-0.370577,0.053842
1906-02-01,mercury,-0.008764,-0.462591
1906-03-01,mercury,0.339553,0.05359
1906-04-01,mercury,-0.386471,-0.000604
1906-05-01,mercury,0.014418,-0.460907
1906-06-01,mercury,0.279859,0.164937
1906-07-01,mercury,-0.395355,-0.081548
1906-08-01,mercury,0.10393,-0.440243
1906-09-01,mercury,0.181818,0.25316
1906-10-01,mercury,-0.382422,-0.183693
1906-11-01,mercury,0.188088,-0.3971
1906-12-01,mercury,0.08868,0.294138
1907-01-01,mercury,-0.345489,-0.274461
1907-02-01,mercury,0.261734,-0.331947
1907-03-01,mercury,0.021142,0.306551
1907-04-01,mercury,-0.319269,-0.314598
1907-05-01,mercury,0.278194,-0.311896
1907-06-01,mercury,-0.112815,0.29389
1907-07-01,mercury,-0.272265,-0.366478
1907-08-01,mercury,0.330247,-0.221369
1907-09-01,mercury,-0.230367,0.237394
1907-10-01,mercury,-0.198007,-0.419163
1907-11-01,mercury,0.357552,-0.11451
1907-12-01,mercury,-0.299907,0.173835
1908-01-01,mercury,-0.1142,-0.451702
1908-02-01,mercury,0.353053,0.002226
1908-03-01,mercury,-0.350465,0.099111
1908-04-01,mercury,-0.047399,-0.462163
1908-05-01,mercury,0.336742,0.061637
1908-06-01,mercury,-0.388,-0.008064
1908-07-01,mercury,0.020669,-0.460201
1908-08-01,mercury,0.274292,0.17195
1908-09-01,mercury,-0.394134,-0.114835
1908-10-01,mercury,0.109965,-0.437986
1908-11-01,mercury,0.173886,0.257935
1908-12-01,mercury,-0.380593,-0.190332
1909-01-01,mercury,0.193564,-0.393306
1909-02-01,mercury,0.046495,0.303424
1909-03-01,mercury,-0.363911,-0.237317
1909-04-01,mercury,0.231907,-0.362415
1909-05-01,mercury,0.011824,0.307263
1909-06-01,mercury,-0.315353,-0.319729
1909-07-01,mercury,0.282417,-0.306287
1909-08-01,mercury,-0.121586,0.2913
1909-09-01,mercury,-0.250037,-0.385245
1909-10-01,mercury,0.332993,-0.214507
1909-11-01,mercury,-0.23744,0.232235
1909-12-01,mercury,-0.192518,-0.42205
1910-01-01,mercury,0.358342,-0.106734
1910-02-01,mercury,-0.323549,0.143403
1910-03-01,mercury,-0.150939,-0.440337
1910-04-01,mercury,0.359308,-0.048339
1910-05-01,mercury,-0.340147,0.117672
1910-06-01,mercury,-0.063537,-0.46078
1910-07-01,mercury,0.343703,0.040571
1910-08-01,mercury,-0.383674,0.011424
1910-09-01,mercury,0.026861,-0.459398
1910-10-01,mercury,0.288464,0.153409
1910-11-01,mercury,-0.395168,-0.096047
1910-12-01,mercury,0.094196,-0.443642
1911-01-01,mercury,0.194368,0.245054
1911-02-01,mercury,-0.378664,-0.196915
1911-03-01,mercury,0.137924,-0.425962
1911-04-01,mercury,0.134729,0.277745
1911-05-01,mercury,-0.370503,-0.220963
1911-06-01,mercury,0.2186,-0.374069
1911-07-01,mercury,0.036208,0.304904
1911-08-01,mercury,-0.325426,-0.306116
1911-09-01,mercury,0.286549,-0.300602
1911-10-01,mercury,-0.098434,0.297646
1911-11-01,mercury,-0.262791,-0.374846
1911-12-01,mercury,0.325569,-0.232307
1912-01-01,mercury,-0.218601,0.245447
1912-02-01,mercury,-0.186976,-0.424857
1912-03-01,mercury,0.351047,-0.154435
1912-04-01,mercury,-0.290804,0.184056
1912-05-01,mercury,-0.145113,-0.442433
1912-06-01,mercury,0.358758,-0.040272
1912-07-01,mercury,-0.344222,0.110597
1912-08-01,mercury,-0.057359,-0.461404
1912-09-01,mercury,0.330565,0.077556
1912-10-01,mercury,-0.385446,0.003944
1912-11-01,mercury,0.0331,-0.45849
1912-12-01,mercury,0.283194,0.160586
1913-01-01,mercury,-0.394869,-0.103287
1913-02-01,mercury,0.121902,-0.433185
1913-03-01,mercury,0.238997,0.209605
1913-04-01,mercury,-0.388839,-0.155016
1913-05-01,mercury,0.143783,-0.423101
1913-06-01,mercury,0.126108,0.281351
1913-07-01,mercury,-0.36805,-0.22729
1913-08-01,mercury,0.22376,-0.369688
1913-09-01,mercury,-0.006852,0.307955
1913-10-01,mercury,-0.321616,-0.311409
1913-11-01,mercury,0.290615,-0.294793
1913-12-01,mercury,-0.107361,0.295382
1914-01-01,mercury,-0.257931,-0.378915
1914-02-01,mercury,0.338145,-0.200531
1914-03-01,mercury,-0.170075,0.272568
1914-04-01,mercury,-0.220701,-0.405891
1914-05-01,mercury,0.346376,-0.173757
1914-06-01,mercury,-0.275212,0.200041
1914-07-01,mercury,-0.160226,-0.436776
1914-08-01,mercury,0.359856,-0.061324
1914-09-01,mercury,-0.348119,0.103514
1914-10-01,mercury,-0.073413,-0.459582
1914-11-01,mercury,0.338508,0.056694
1914-12-01,mercury,-0.380482,0.023411
1915-01-01,mercury,0.016866,-0.460647
1915-02-01,mercury,0.277752,0.167651
1915-03-01,mercury,-0.391801,-0.031177
1915-04-01,mercury,0.062307,-0.452746
1915-05-01,mercury,0.255854,0.192931
1915-06-01,mercury,-0.391752,-0.13683
1915-07-01,mercury,0.128477,-0.430332
1915-08-01,mercury,0.148424,0.271486
1915-09-01,mercury,-0.365507,-0.233513
1915-10-01,mercury,0.210208,-0.380895
1915-11-01,mercury,0.017607,0.306849
1915-12-01,mercury,-0.331354,-0.297435
1916-01-01,mercury,0.279848,-0.309749
1916-02-01,mercury,-0.116167,0.292922
1916-03-01,mercury,-0.286999,-0.352226
1916-04-01,mercury,0.320611,-0.243014
1916-05-01,mercury,-0.178166,0.268673
1916-06-01,mercury,-0.215423,-0.409173
1916-07-01,mercury,0.348272,-0.166435
1916-08-01,mercury,-0.281284,0.194028
1916-09-01,mercury,-0.133373,-0.446299
1916-10-01,mercury,0.359577,-0.053317
1916-11-01,mercury,-0.351857,0.096375
1916-12-01,mercury,-0.067287,-0.460363
1917-01-01,mercury,0.335634,0.064679
1917-02-01,mercury,-0.38853,-0.010925
1917-03-01,mercury,-0.02189,-0.462904
1917-04-01,mercury,0.308665,0.122054
1917-05-01,mercury,-0.392728,-0.038594
1917-06-01,mercury,0.068446,-0.451233
1917-07-01,mercury,0.249556,0.19941
1917-08-01,mercury,-0.390734,-0.143825
1917-09-01,mercury,0.155329,-0.417091
1917-10-01,mercury,0.139987,0.275421
1917-11-01,mercury,-0.362859,-0.23971
1917-12-01,mercury,0.215436,-0.376703
1918-01-01,mercury,0.008264,0.307456
1918-02-01,mercury,-0.313787,-0.321722
1918-03-01,mercury,0.251929,-0.342743
1918-04-01,mercury,-0.060012,0.304776
1918-05-01,mercury,-0.298388,-0.340068
1918-06-01,mercury,0.311972,-0.259896
1918-07-01,mercury,-0.156731,0.278485
1918-08-01,mercury,-0.229131,-0.400388
1918-09-01,mercury,0.35005,-0.159006
1918-10-01,mercury,-0.265055,0.209523
1918-11-01,mercury,-0.148654,-0.44117
1918-12-01,mercury,0.359968,-0.074259
1919-01-01,mercury,-0.341725,0.114937
1919-02-01,mercury,-0.061114,-0.461042
1919-03-01,mercury,0.355961,-0.015025
1919-04-01,mercury,-0.367401,0.062035
1919-05-01,mercury,-0.038088,-0.462644
1919-06-01,mercury,0.319447,0.101986
1919-07-01,mercury,-0.389992,-0.019214
1919-08-01,mercury,0.05239,-0.454974
1919-09-01,mercury,0.243079,0.20577
1919-10-01,mercury,-0.393121,-0.125489
1919-11-01,mercury,0.140239,-0.42486
1919-12-01,mercury,0.16181,0.264685
1920-01-01,mercury,-0.369543,-0.223422
1920-02-01,mercury,0.220635,-0.372381
1920-03-01,mercury,0.066046,0.299768
1920-04-01,mercury,-0.337053,-0.28858
1920-05-01,mercury,0.256631,-0.337687
1920-06-01,mercury,-0.069172,0.303454
1920-07-01,mercury,-0.294075,-0.344791
1920-08-01,mercury,0.315375,-0.253497
1920-09-01,mercury,-0.194034,0.260325
1920-10-01,mercury,-0.223912,-0.403826
1920-11-01,mercury,0.35169,-0.151531
1920-12-01,mercury,-0.271372,0.203699
1921-01-01,mercury,-0.142817,-0.443212
1921-02-01,mercury,0.358527,-0.037158
1921-03-01,mercury,-0.313087,0.157598
1921-04-01,mercury,-0.099134,-0.455169
1921-05-01,mercury,0.354709,-0.006903
1921-06-01,mercury,-0.370217,0.054719
1921-07-01,mercury,-0.031892,-0.462823
1921-08-01,mercury,0.315489,0.109707
1921-09-01,mercury,-0.394147,-0.053374
1921-10-01,mercury,0.058543,-0.453627
1921-11-01,mercury,0.236452,0.211962
1921-12-01,mercury,-0.392306,-0.13252
1922-01-01,mercury,0.146038,-0.421977
1922-02-01,mercury,0.122826,0.282663
1922-03-01,mercury,-0.382595,-0.182908
1922-04-01,mercury,0.187492,-0.397536
1922-05-01,mercury,0.089828,0.293816
1922-06-01,mercury,-0.345835,-0.273788
1922-07-01,mercury,0.244222,-0.350675
1922-08-01,mercury,-0.045072,0.306445
1922-09-01,mercury,-0.289697,-0.349434
1922-10-01,mercury,0.306282,-0.270036
1922-11-01,mercury,-0.173184,0.271089
1922-12-01,mercury,-0.237434,-0.394632
1923-01-01,mercury,0.347133,-0.170949
1923-02-01,mercury,-0.277555,0.197738
1923-03-01,mercury,-0.19861,-0.418831
1923-04-01,mercury,0.357475,-0.115457
1923-05-01,mercury,-0.299213,0.174602
1923-06-01,mercury,-0.114859,-0.451539
1923-07-01,mercury,0.357637,-0.028161
1923-08-01,mercury,-0.362483,0.073851
1923-09-01,mercury,-0.025674,-0.462914
1923-10-01,mercury,0.325465,0.089352
1923-11-01,mercury,-0.392164,-0.03407
1923-12-01,mercury,0.042417,-0.456931
1924-01-01,mercury,0.253455,0.195439
1924-02-01,mercury,-0.391357,-0.139565
1924-03-01,mercury,0.10931,-0.438264
1924-04-01,mercury,0.17488,0.257354
1924-05-01,mercury,-0.380778,-0.189586
1924-06-01,mercury,0.192968,-0.393765
1924-07-01,mercury,0.080777,0.296276
1924-08-01,mercury,-0.342535,-0.279526
1924-09-01,mercury,0.26578,-0.327319
1924-10-01,mercury,-0.054332,0.305477
1924-11-01,mercury,-0.285225,-0.354018
1924-12-01,mercury,0.309854,-0.263776
1925-01-01,mercury,-0.181267,0.267098
1925-02-01,mercury,-0.213305,-0.410452
1925-03-01,mercury,0.332719,-0.215314
1925-04-01,mercury,-0.236584,0.232839
1925-05-01,mercury,-0.193087,-0.421749
1925-06-01,mercury,0.358294,-0.107654
1925-07-01,mercury,-0.304644,0.168163
1925-08-01,mercury,-0.108835,-0.453014
1925-09-01,mercury,0.351658,0.009366
1925-10-01,mercury,-0.365561,0.066554
1925-11-01,mercury,-0.01944,-0.462887
1925-12-01,mercury,0.321811,0.097187
1926-01-01,mercury,-0.393028,-0.041471
1926-02-01,mercury,0.070866,-0.450615
1926-03-01,mercury,0.289109,0.152543
1926-04-01,mercury,-0.395155,-0.095233
1926-05-01,mercury,0.093571,-0.443873
1926-06-01,mercury,0.195317,0.244429
1926-07-01,mercury,-0.385258,-0.172068
1926-08-01,mercury,0.17861,-0.403389
1926-09-01,mercury,0.071716,0.298503
1926-10-01,mercury,-0.350928,-0.264415
1926-11-01,mercury,0.253777,-0.340805
1926-12-01,mercury,-0.030054,0.307509
1927-01-01,mercury,-0.296713,-0.341896
1927-02-01,mercury,0.313316,-0.25744
1927-03-01,mercury,-0.097315,0.297903
1927-04-01,mercury,-0.263297,-0.374381
1927-05-01,mercury,0.32526,-0.233088
1927-06-01,mercury,-0.217675,0.246034
1927-07-01,mercury,-0.207357,-0.413943
1927-08-01,mercury,0.355877,-0.127924
1927-09-01,mercury,-0.309905,0.161656
1927-10-01,mercury,-0.124464,-0.448946
1927-11-01,mercury,0.355521,-0.011926
1927-12-01,mercury,-0.357138,0.085599
1928-01-01,mercury,-0.03568,-0.462729
1928-02-01,mercury,0.317971,0.104939
1928-03-01,mercury,-0.385208,0.004838
1928-04-01,mercury,0.032421,-0.458604
1928-05-01,mercury,0.283874,0.159713
1928-06-01,mercury,-0.394879,-0.102438
1928-07-01,mercury,0.099609,-0.441814
1928-08-01,mercury,0.187623,0.249518
1928-09-01,mercury,-0.376821,-0.202712
1928-10-01,mercury,0.184136,-0.399798
1928-11-01,mercury,0.062558,0.300496
1928-12-01,mercury,-0.347789,-0.270256
1929-01-01,mercury,0.258426,-0.335736
1929-02-01,mercury,-0.072657,0.302875
1929-03-01,mercury,-0.322024,-0.31081
1929-04-01,mercury,0.290173,-0.295492
1929-05-01,mercury,-0.106255,0.295658
1929-06-01,mercury,-0.258454,-0.378465
1929-07-01,mercury,0.328211,-0.226352
1929-08-01,mercury,-0.22503,0.241094
1929-09-01,mercury,-0.181969,-0.427273
1929-10-01,mercury,0.356925,-0.120204
1929-11-01,mercury,-0.315037,0.155021
1929-12-01,mercury,-0.118493,-0.45059
1930-01-01,mercury,0.354189,-0.00378
1930-02-01,mercury,-0.371258,0.051849
1930-03-01,mercury,-0.074074,-0.459503
1930-04-01,mercury,0.338867,0.055713
1930-05-01,mercury,-0.380209,0.024252
1930-06-01,mercury,0.016201,-0.460739
1930-07-01,mercury,0.29718,0.14074
1930-08-01,mercury,-0.395312,-0.083553
1930-09-01,mercury,0.105659,-0.439645
1930-10-01,mercury,0.207431,0.23583
1930-11-01,mercury,-0.381882,-0.185522
1930-12-01,mercury,0.169595,-0.408974
1931-01-01,mercury,0.086372,0.294788
1931-02-01,mercury,-0.344543,-0.276028
1931-03-01,mercury,0.209647,-0.381379
1931-04-01,mercury,0.018756,0.306748
1931-05-01,mercury,-0.331721,-0.29684
1931-06-01,mercury,0.279398,-0.310402
1931-07-01,mercury,-0.082764,0.301044
1931-08-01,mercury,-0.270925,-0.367659
1931-09-01,mercury,0.331051,-0.219539
1931-10-01,mercury,-0.20555,0.253639
1931-11-01,mercury,-0.196443,-0.419981
1931-12-01,mercury,0.353896,-0.140242
1932-01-01,mercury,-0.3013,0.172141
1932-02-01,mercury,-0.112498,-0.452125
1932-03-01,mercury,0.359658,-0.054271
1932-04-01,mercury,-0.351386,0.097223
1932-05-01,mercury,-0.06793,-0.460287
1932-06-01,mercury,0.336026,0.063714
1932-07-01,mercury,-0.382229,0.016854
1932-08-01,mercury,0.022421,-0.460004
1932-09-01,mercury,0.27285,0.173747
1932-10-01,mercury,-0.395245,-0.090781
1932-11-01,mercury,0.11165,-0.437371
1932-12-01,mercury,0.199998,0.241199
1933-01-01,mercury,-0.380032,-0.192127
1933-02-01,mercury,0.195086,-0.392285
1933-03-01,mercury,0.141065,0.274944
1933-04-01,mercury,-0.363133,-0.238994
1933-05-01,mercury,0.214879,-0.377197
1933-06-01,mercury,0.00946,0.307391
1933-07-01,mercury,-0.328076,-0.302234
1933-08-01,mercury,0.283594,-0.304781
1933-09-01,mercury,-0.123825,0.290571
1933-10-01,mercury,-0.266205,-0.371855
1933-11-01,mercury,0.333764,-0.212657
1933-12-01,mercury,-0.213089,0.248979
1934-01-01,mercury,-0.190944,-0.422842
1934-02-01,mercury,0.358576,-0.104654
1934-03-01,mercury,-0.264246,0.210225
1934-04-01,mercury,-0.149291,-0.440933
1934-05-01,mercury,0.35999,-0.075225
1934-06-01,mercury,-0.3412,0.115785
1934-07-01,mercury,-0.083932,-0.458014
1934-08-01,mercury,0.343104,0.042685
1934-09-01,mercury,-0.384116,0.009393
1934-10-01,mercury,0.006165,-0.461696
1934-11-01,mercury,0.287127,0.155303
1934-12-01,mercury,-0.395117,-0.071763
1935-01-01,mercury,0.095935,-0.443092
1935-02-01,mercury,0.192373,0.246409
1935-03-01,mercury,-0.393181,-0.124676
1935-04-01,mercury,0.139599,-0.425197
1935-05-01,mercury,0.162821,0.264145
1935-06-01,mercury,-0.369794,-0.222706
1935-07-01,mercury,0.201078,-0.387932
1935-08-01,mercury,0.033805,0.305201
1935-09-01,mercury,-0.324336,-0.307589
1935-10-01,mercury,0.272449,-0.319298
1935-11-01,mercury,-0.100765,0.297051
1935-12-01,mercury,-0.278399,-0.360703
1936-01-01,mercury,0.326431,-0.230494
1936-02-01,mercury,-0.220533,0.244126
1936-03-01,mercury,-0.224459,-0.403465
1936-04-01,mercury,0.351536,-0.152412
1936-05-01,mercury,-0.270615,0.204374
1936-06-01,mercury,-0.143431,-0.443004
1936-07-01,mercury,0.360002,-0.067221
1936-08-01,mercury,-0.345228,0.108708
1936-09-01,mercury,-0.0556,-0.461564
1936-10-01,mercury,0.340552,0.050758
1936-11-01,mercury,-0.385844,0.001941
1936-12-01,mercury,0.012406,-0.461137
1937-01-01,mercury,0.281819,0.162444
1937-02-01,mercury,-0.394717,-0.105247
1937-03-01,mercury,0.057897,-0.453797
1937-04-01,mercury,0.237281,0.211218
1937-05-01,mercury,-0.392368,-0.131741
1937-06-01,mercury,0.145434,-0.422318
1937-07-01,mercury,0.154609,0.268436
1937-08-01,mercury,-0.367314,-0.228996
1937-09-01,mercury,0.225204,-0.368504
1937-10-01,mercury,0.024539,0.306228
1937-11-01,mercury,-0.320514,-0.312831
1937-12-01,mercury,0.276795,-0.313822
1938-01-01,mercury,-0.109612,0.294751
1938-02-01,mercury,-0.256547,-0.380011
1938-03-01,mercury,0.305904,-0.270764
1938-04-01,mercury,-0.172166,0.271553
1938-05-01,mercury,-0.237967,-0.394227
1938-06-01,mercury,0.346947,-0.171817
1938-07-01,mercury,-0.253647,0.21938
1938-08-01,mercury,-0.158601,-0.437411
1938-09-01,mercury,0.359851,-0.059226
1938-10-01,mercury,-0.334332,0.127084
1938-11-01,mercury,-0.071682,-0.459821
1938-12-01,mercury,0.346862,0.0296
1939-01-01,mercury,-0.380977,0.021427
1939-02-01,mercury,0.018624,-0.460471
1939-03-01,mercury,0.325936,0.088386
1939-04-01,mercury,-0.392012,-0.033179
1939-05-01,mercury,0.041746,-0.457062
1939-06-01,mercury,0.254257,0.194636
1939-07-01,mercury,-0.394199,-0.113176
1939-08-01,mercury,0.130143,-0.429623
1939-09-01,mercury,0.146267,0.272527
1939-10-01,mercury,-0.37355,-0.212403
1939-11-01,mercury,0.211687,-0.379784
1939-12-01,mercury,0.048822,0.303037
1940-01-01,mercury,-0.330308,-0.298932
1940-02-01,mercury,0.281038,-0.308258
1940-03-01,mercury,-0.053159,0.305604
1940-04-01,mercury,-0.285707,-0.353496
1940-05-01,mercury,0.309474,-0.264524
1940-06-01,mercury,-0.180262,0.267587
1940-07-01,mercury,-0.232833,-0.39784
1940-08-01,mercury,0.348816,-0.164441
1940-09-01,mercury,-0.282848,0.192383
1940-10-01,mercury,-0.152814,-0.439634
1940-11-01,mercury,0.359523,-0.051161
1940-12-01,mercury,-0.338638,0.120088
1941-01-01,mercury,-0.065533,-0.460573
1941-02-01,mercury,0.334884,0.066786
1941-03-01,mercury,-0.36518,0.067403
1941-04-01,mercury,-0.020117,-0.462907
1941-05-01,mercury,0.322285,0.096237
1941-06-01,mercury,-0.392906,-0.040633
1941-07-01,mercury,0.04795,-0.455902
1941-08-01,mercury,0.24789,0.2011
1941-09-01,mercury,-0.390381,-0.145757
1941-10-01,mercury,0.136042,-0.42691
1941-11-01,mercury,0.137777,0.276421
1941-12-01,mercury,-0.371235,-0.218831
1942-01-01,mercury,0.216927,-0.375542
1942-02-01,mercury,0.00586,0.307572
1942-03-01,mercury,-0.351243,-0.26377
1942-04-01,mercury,0.253272,-0.341393
1942-05-01,mercury,-0.028922,0.307552
1942-06-01,mercury,-0.297157,-0.341383
1942-07-01,mercury,0.299942,-0.28065
1942-08-01,mercury,-0.158891,0.277537
1942-09-01,mercury,-0.227641,-0.40136
1942-10-01,mercury,0.343666,-0.183557
1942-11-01,mercury,-0.266711,0.207972
1942-12-01,mercury,-0.167808,-0.433644
1943-01-01,mercury,0.360035,-0.072143
1943-02-01,mercury,-0.342754,0.113062
1943-03-01,mercury,-0.125078,-0.44877
1943-04-01,mercury,0.355702,-0.012896
1943-05-01,mercury,-0.356702,0.086441
1943-06-01,mercury,-0.036331,-0.462716
1943-07-01,mercury,0.331419,0.075623
1943-08-01,mercury,-0.390262,-0.021202
1943-09-01,mercury,0.054132,-0.454629
1943-10-01,mercury,0.264145,0.183931
1943-11-01,mercury,-0.392863,-0.127402
1943-12-01,mercury,0.120618,-0.433771
1944-01-01,mercury,0.159714,0.265807
1944-02-01,mercury,-0.36883,-0.225138
1944-03-01,mercury,0.183552,-0.400221
1944-04-01,mercury,0.063726,0.300257
1944-05-01,mercury,-0.348115,-0.26959
1944-06-01,mercury,0.257935,-0.336338
1944-07-01,mercury,-0.038164,0.306998
1944-08-01,mercury,-0.292829,-0.346074
1944-09-01,mercury,0.31632,-0.25179
1944-10-01,mercury,-0.167111,0.273898
1944-11-01,mercury,-0.222417,-0.404765
1944-12-01,mercury,0.345747,-0.17631
1945-01-01,mercury,-0.272979,0.202125
1945-02-01,mercury,-0.141158,-0.443767
1945-03-01,mercury,0.356844,-0.121133
1945-04-01,mercury,-0.314389,0.155832
1945-05-01,mercury,-0.119141,-0.450411
1945-06-01,mercury,0.354395,-0.004775
1945-07-01,mercury,-0.360062,0.079204
1945-08-01,mercury,-0.030136,-0.462874
1945-09-01,mercury,0.314462,0.111703
1945-10-01,mercury,-0.391383,-0.028635
1945-11-01,mercury,0.060295,-0.453256
1945-12-01,mercury,0.258081,0.190594
1946-01-01,mercury,-0.392008,-0.134459
1946-02-01,mercury,0.147694,-0.421174
1946-03-01,mercury,0.208355,0.235157
1946-04-01,mercury,-0.382061,-0.184747
1946-05-01,mercury,0.168978,-0.409369
1946-06-01,mercury,0.087493,0.294478
1946-07-01,mercury,-0.356091,-0.254189
1946-08-01,mercury,0.245592,-0.349371
1946-09-01,mercury,-0.047466,0.306202
1946-10-01,mercury,-0.303984,-0.333611
1946-11-01,mercury,0.307307,-0.268369
1946-12-01,mercury,-0.145307,0.283045
1947-01-01,mercury,-0.235957,-0.395657
1947-02-01,mercury,0.347697,-0.168972
1947-03-01,mercury,-0.204628,0.254167
1947-04-01,mercury,-0.197023,-0.419667
1947-05-01,mercury,0.353764,-0.141128
1947-06-01,mercury,-0.300642,0.172876
1947-07-01,mercury,-0.134606,-0.445908
1947-08-01,mercury,0.357446,-0.025998
1947-09-01,mercury,-0.363276,0.071893
1947-10-01,mercury,-0.04631,-0.46225
1947-11-01,mercury,0.324564,0.091415
1947-12-01,mercury,-0.388138,-0.009216
1948-01-01,mercury,0.044176,-0.456632
1948-02-01,mercury,0.251835,0.197135
1948-03-01,mercury,-0.395229,-0.089983
1948-04-01,mercury,0.111016,-0.437645
1948-05-01,mercury,0.200911,0.240558
1948-06-01,mercury,-0.38021,-0.191409
1948-07-01,mercury,0.174611,-0.405952
1948-08-01,mercury,0.078452,0.296872
1948-09-01,mercury,-0.341563,-0.281082
1948-10-01,mercury,0.250392,-0.344462
1948-11-01,mercury,-0.056671,0.305183
1948-12-01,mercury,-0.299758,-0.338454
1949-01-01,mercury,0.310851,-0.262098
1949-02-01,mercury,-0.183302,0.266023
1949-03-01,mercury,-0.266698,-0.371399
1949-04-01,mercury,0.333491,-0.213477
1949-05-01,mercury,-0.212161,0.249534
1949-06-01,mercury,-0.19152,-0.422539
1949-07-01,mercury,0.355068,-0.133536
1949-08-01,mercury,-0.30601,0.166438
1949-09-01,mercury,-0.107133,-0.453414
1949-10-01,mercury,0.356435,-0.017908
1949-11-01,mercury,-0.366299,0.064608
1949-12-01,mercury,-0.040119,-0.462575
1950-01-01,mercury,0.32088,0.099194
1950-02-01,mercury,-0.393179,-0.043452
1950-03-01,mercury,0.005501,-0.461761
1950-04-01,mercury,0.287808,0.154406
1950-05-01,mercury,-0.395048,-0.070891
1950-06-01,mercury,0.095283,-0.443333
1950-07-01,mercury,0.220081,0.226055
1950-08-01,mercury,-0.384779,-0.173908
1950-09-01,mercury,0.180176,-0.402433
1950-10-01,mercury,0.102006,0.290111
1950-11-01,mercury,-0.350033,-0.266017
1950-12-01,mercury,0.237738,-0.357093
1951-01-01,mercury,-0.032431,0.307366
1951-02-01,mercury,-0.295479,-0.343201
1951-03-01,mercury,0.271974,-0.319946
1951-04-01,mercury,-0.099611,0.297323
1951-05-01,mercury,-0.278891,-0.360192
1951-06-01,mercury,0.326116,-0.231298
1951-07-01,mercury,-0.192089,0.26135
1951-08-01,mercury,-0.205803,-0.414814
1951-09-01,mercury,0.356222,-0.12586
1951-10-01,mercury,-0.291569,0.183134
1951-11-01,mercury,-0.122763,-0.449421
1951-12-01,mercury,0.358748,-0.039091
1952-01-01,mercury,-0.358007,0.08365
1952-02-01,mercury,-0.033917,-0.462793
1952-03-01,mercury,0.340899,0.049778
1952-04-01,mercury,-0.385617,0.002817
1952-05-01,mercury,0.011727,-0.461214
1952-06-01,mercury,0.282498,0.161576
1952-07-01,mercury,-0.395225,-0.078237
1952-08-01,mercury,0.101332,-0.441243
1952-09-01,mercury,0.185595,0.250823
1952-10-01,mercury,-0.383115,-0.180673
1952-11-01,mercury,0.185719,-0.398798
1952-12-01,mercury,0.09303,0.292887
1953-01-01,mercury,-0.346854,-0.271861
1953-02-01,mercury,0.259749,-0.334339
1953-03-01,mercury,0.025665,0.306111
1953-04-01,mercury,-0.320917,-0.312253
1953-05-01,mercury,0.276331,-0.314465
1953-06-01,mercury,-0.108544,0.295025
1953-07-01,mercury,-0.274265,-0.364564
1953-08-01,mercury,0.329037,-0.224536
1953-09-01,mercury,-0.226913,0.239748
1953-10-01,mercury,-0.200356,-0.41786
1953-11-01,mercury,0.357231,-0.118137
1953-12-01,mercury,-0.297235,0.176799
1954-01-01,mercury,-0.116779,-0.45104
1954-02-01,mercury,0.353859,-0.001627
1954-03-01,mercury,-0.333803,0.127871
1954-04-01,mercury,-0.072321,-0.459743
1954-05-01,mercury,0.347145,0.028639
1954-06-01,mercury,-0.380711,0.022272
1954-07-01,mercury,-0.004521,-0.462426
1954-08-01,mercury,0.295957,0.142651
1954-09-01,mercury,-0.395253,-0.085511
1954-10-01,mercury,0.085509,-0.446484
1954-11-01,mercury,0.205539,0.23724
1954-12-01,mercury,-0.387197,-0.162968
1955-01-01,mercury,0.171184,-0.408064
1955-02-01,mercury,0.084057,0.295418
1955-03-01,mercury,-0.373766,-0.211687
1955-04-01,mercury,0.211132,-0.38027
1955-05-01,mercury,0.049985,0.302841
1955-06-01,mercury,-0.330679,-0.298325
1955-07-01,mercury,0.264811,-0.328569
1955-08-01,mercury,-0.085053,0.300567
1955-09-01,mercury,-0.269581,-0.368825
1955-10-01,mercury,0.321186,-0.242037
1955-11-01,mercury,-0.207489,0.252422
1955-12-01,mercury,-0.21445,-0.409725
1956-01-01,mercury,0.354301,-0.138224
1956-02-01,mercury,-0.302695,0.170426
1956-03-01,mercury,-0.153433,-0.439392
1956-04-01,mercury,0.359609,-0.052142
1956-05-01,mercury,-0.338091,0.120936
1956-06-01,mercury,-0.066194,-0.4605
1956-07-01,mercury,0.344921,0.036717
1956-08-01,mercury,-0.382696,0.014856
1956-09-01,mercury,0.024177,-0.459805
1956-10-01,mercury,0.290986,0.149943
1956-11-01,mercury,-0.39515,-0.092755
1956-12-01,mercury,0.091586,-0.444566
1957-01-01,mercury,0.198055,0.242567
1957-02-01,mercury,-0.379451,-0.193947
1957-03-01,mercury,0.135404,-0.427233
1957-04-01,mercury,0.138859,0.275947
1957-05-01,mercury,-0.371476,-0.218084
1957-06-01,mercury,0.21636,-0.376042
1957-07-01,mercury,0.040714,0.304284
1957-08-01,mercury,-0.327011,-0.303713
1957-09-01,mercury,0.284769,-0.303255
1957-10-01,mercury,-0.094093,0.298622
1957-11-01,mercury,-0.264839,-0.373012
1957-12-01,mercury,0.324282,-0.235406
1958-01-01,mercury,-0.215035,0.247692
1958-02-01,mercury,-0.18935,-0.423639
1958-03-01,mercury,0.343442,-0.18441
1958-04-01,mercury,-0.265927,0.208656
1958-05-01,mercury,-0.168417,-0.433377
1958-06-01,mercury,0.360057,-0.07308
1958-07-01,mercury,-0.326502,0.13898
1958-08-01,mercury,-0.082179,-0.4583
1958-09-01,mercury,0.342491,0.044828
1958-10-01,mercury,-0.377163,0.034253
1958-11-01,mercury,0.007937,-0.461565
1958-12-01,mercury,0.303614,0.13066
1959-01-01,mercury,-0.395122,-0.073752
1959-02-01,mercury,0.097649,-0.442541
1959-03-01,mercury,0.264871,0.183122
1959-04-01,mercury,-0.392923,-0.12662
1959-05-01,mercury,0.119984,-0.434062
1959-06-01,mercury,0.160701,0.265286
1959-07-01,mercury,-0.377222,-0.201259
1959-08-01,mercury,0.202606,-0.386854
1959-09-01,mercury,0.031416,0.305484
1959-10-01,mercury,-0.336408,-0.28949
1959-11-01,mercury,0.273695,-0.317838
1959-12-01,mercury,-0.070376,0.303228
1960-01-01,mercury,-0.277083,-0.361905
1960-02-01,mercury,0.327277,-0.228705
1960-03-01,mercury,-0.166112,0.274329
1960-04-01,mercury,-0.222967,-0.404402
1960-05-01,mercury,0.345543,-0.177171
1960-06-01,mercury,-0.272222,0.202805
1960-07-01,mercury,-0.162702,-0.435764
1960-08-01,mercury,0.360026,-0.065106
1960-09-01,mercury,-0.346225,0.106814
1960-10-01,mercury,-0.076063,-0.459231
1960-11-01,mercury,0.339904,0.052852
1960-12-01,mercury,-0.37939,0.026846
1961-01-01,mercury,0.014168,-0.460982
1961-02-01,mercury,0.280465,0.164259
1961-03-01,mercury,-0.39122,-0.027767
1961-04-01,mercury,0.05964,-0.45343
1961-05-01,mercury,0.258872,0.18977
1961-06-01,mercury,-0.392074,-0.133644
1961-07-01,mercury,0.125917,-0.431539
1961-08-01,mercury,0.15248,0.269513
1961-09-01,mercury,-0.366573,-0.230703
1961-10-01,mercury,0.207918,-0.382807
1961-11-01,mercury,0.022147,0.306448
1961-12-01,mercury,-0.332877,-0.294982
1962-01-01,mercury,0.278003,-0.312349
1962-02-01,mercury,-0.111872,0.294101
1962-03-01,mercury,-0.304422,-0.333049
1962-04-01,mercury,0.306926,-0.269119
1962-05-01,mercury,-0.144204,0.283448
1962-06-01,mercury,-0.236503,-0.395243
1962-07-01,mercury,0.339803,-0.195986
1962-08-01,mercury,-0.255371,0.217882
1962-09-01,mercury,-0.156946,-0.438048
1962-10-01,mercury,0.359795,-0.085935
1962-11-01,mercury,-0.335457,0.125209
1962-12-01,mercury,-0.09199,-0.45659
1963-01-01,mercury,0.346324,0.031754
1963-02-01,mercury,-0.38148,0.019417
1963-03-01,mercury,-0.046983,-0.462212
1963-04-01,mercury,0.325037,0.090449
1963-05-01,mercury,-0.387931,-0.008328
1963-06-01,mercury,0.043503,-0.456771
1963-07-01,mercury,0.274272,0.172056
1963-08-01,mercury,-0.393995,-0.115146
1963-09-01,mercury,0.131823,-0.428903
1963-10-01,mercury,0.173812,0.258001
1963-11-01,mercury,-0.372872,-0.21419
1963-12-01,mercury,0.193933,-0.393172
1964-01-01,mercury,0.046409,0.303426
1964-02-01,mercury,-0.329247,-0.300435
1964-03-01,mercury,0.24988,-0.345032
1964-04-01,mercury,-0.055546,0.305313
1964-05-01,mercury,-0.300211,-0.337912
1964-06-01,mercury,0.310477,-0.262834
1964-07-01,mercury,-0.152688,0.280106
1964-08-01,mercury,-0.231358,-0.398828
1964-09-01,mercury,0.349343,-0.162466
1964-10-01,mercury,-0.261957,0.212194
1964-11-01,mercury,-0.151154,-0.440245
1964-12-01,mercury,0.360014,-0.077983
1965-01-01,mercury,-0.33972,0.118191
1965-02-01,mercury,-0.063769,-0.460777
1965-03-01,mercury,0.356588,-0.018855
1965-04-01,mercury,-0.365936,0.065437
1965-05-01,mercury,-0.040773,-0.462552
1965-06-01,mercury,0.321351,0.098273
1965-07-01,mercury,-0.389306,-0.015783
1965-08-01,mercury,0.049701,-0.455578
1965-09-01,mercury,0.246258,0.202742
1965-10-01,mercury,-0.393357,-0.122263
1965-11-01,mercury,0.137693,-0.426168
1965-12-01,mercury,0.16576,0.26256
1966-01-01,mercury,-0.370539,-0.220567
1966-02-01,mercury,0.218388,-0.37439
1966-03-01,mercury,0.103092,0.289755
1966-04-01,mercury,-0.350347,-0.265377
1966-05-01,mercury,0.237215,-0.35764
1966-06-01,mercury,-0.031283,0.30742
1966-07-01,mercury,-0.311028,-0.325061
1966-08-01,mercury,0.30101,-0.279047
1966-09-01,mercury,-0.160988,0.276598
1966-10-01,mercury,-0.24466,-0.389284
1966-11-01,mercury,0.344287,-0.181651
1966-12-01,mercury,-0.244447,0.226758
1967-01-01,mercury,-0.166188,-0.434314
1967-02-01,mercury,0.360085,-0.070035
1967-03-01,mercury,-0.290844,0.18388
1967-04-01,mercury,-0.123394,-0.449243
1967-05-01,mercury,0.358863,-0.040078
1967-06-01,mercury,-0.357566,0.08451
1967-07-01,mercury,-0.056931,-0.461456
1967-08-01,mercury,0.330615,0.077684
1967-09-01,mercury,-0.390523,-0.0232
1967-10-01,mercury,0.033518,-0.458478
1967-11-01,mercury,0.262632,0.185659
1967-12-01,mercury,-0.394731,-0.103571
1968-01-01,mercury,0.122302,-0.433104
1968-02-01,mercury,0.157598,0.266917
1968-03-01,mercury,-0.383275,-0.179886
1968-04-01,mercury,0.185124,-0.39923
1968-05-01,mercury,0.09418,0.292549
1968-06-01,mercury,-0.347188,-0.271191
1968-07-01,mercury,0.242125,-0.352894
1968-08-01,mercury,-0.04057,0.306804
1968-09-01,mercury,-0.291576,-0.347362
1968-10-01,mercury,0.304718,-0.272914
1968-11-01,mercury,-0.169232,0.272889
1968-12-01,mercury,-0.23961,-0.393009
1969-01-01,mercury,0.346332,-0.174365
1969-02-01,mercury,-0.274593,0.200517
1969-03-01,mercury,-0.200938,-0.417524
1969-04-01,mercury,0.357152,-0.119059
1969-05-01,mercury,-0.296534,0.177559
1969-06-01,mercury,-0.117417,-0.450868
1969-07-01,mercury,0.358133,-0.031952
1969-08-01,mercury,-0.360901,0.077228
1969-09-01,mercury,-0.028352,-0.462911
1969-10-01,mercury,0.327218,0.085624
1969-11-01,mercury,-0.391614,-0.030648
1969-12-01,mercury,0.039731,-0.45745
1970-01-01,mercury,0.256497,0.192317
1970-02-01,mercury,-0.391704,-0.136378
1970-03-01,mercury,0.084851,-0.446703
1970-04-01,mercury,0.206445,0.236584
1970-05-01,mercury,-0.387328,-0.162201
1970-06-01,mercury,0.170581,-0.408455
1970-07-01,mercury,0.117325,0.284772
1970-08-01,mercury,-0.355227,-0.255851
1970-09-01,mercury,0.246968,-0.348051
1970-10-01,mercury,-0.016253,0.307926
1970-11-01,mercury,-0.302776,-0.334959
1970-12-01,mercury,0.294846,-0.288723
1971-01-01,mercury,-0.147471,0.282182
1971-02-01,mercury,-0.234495,-0.396651
1971-03-01,mercury,0.320852,-0.242802
1971-04-01,mercury,-0.206573,0.252956
1971-05-01,mercury,-0.215015,-0.409374
1971-06-01,mercury,0.354174,-0.139119
1971-07-01,mercury,-0.281363,0.193821
1971-08-01,mercury,-0.132932,-0.446428
1971-09-01,mercury,0.35724,-0.023861
1971-10-01,mercury,-0.351869,0.096122
1971-11-01,mercury,-0.044555,-0.462365
1971-12-01,mercury,0.335676,0.064837
1972-01-01,mercury,-0.38846,-0.011205
1972-02-01,mercury,0.045926,-0.456331
1972-03-01,mercury,0.291629,0.149053
1972-04-01,mercury,-0.395134,-0.091925
1972-05-01,mercury,0.090934,-0.444805
1972-06-01,mercury,0.199011,0.24191
1972-07-01,mercury,-0.385862,-0.168999
1972-08-01,mercury,0.176186,-0.40502
1972-09-01,mercury,0.076128,0.297446
1972-10-01,mercury,-0.352221,-0.26177
1972-11-01,mercury,0.251728,-0.343132
1972-12-01,mercury,-0.02553,0.307683
1973-01-01,mercury,-0.298544,-0.339769
1973-02-01,mercury,0.311835,-0.260422
1973-03-01,mercury,-0.092941,0.298866
1973-04-01,mercury,-0.26534,-0.372547
1973-05-01,mercury,0.323963,-0.236215
1973-06-01,mercury,-0.21407,0.248278
1973-07-01,mercury,-0.209657,-0.412569
1973-08-01,mercury,0.355441,-0.131511
1973-09-01,mercury,-0.307369,0.164692
1973-10-01,mercury,-0.127006,-0.448208
1973-11-01,mercury,0.356178,-0.015746
1973-12-01,mercury,-0.355435,0.088942
1974-01-01,mercury,-0.038351,-0.462657
1974-02-01,mercury,0.319908,0.10125
1974-03-01,mercury,-0.376845,0.03514
1974-04-01,mercury,0.007267,-0.461635
1974-05-01,mercury,0.304215,0.129726
1974-06-01,mercury,-0.395058,-0.072886
1974-07-01,mercury,0.075015,-0.449562
1974-08-01,mercury,0.218243,0.227549
1974-09-01,mercury,-0.384281,-0.175776
1974-10-01,mercury,0.161463,-0.413799
1974-11-01,mercury,0.099679,0.290853
1974-12-01,mercury,-0.359855,-0.246127
1975-01-01,mercury,0.239153,-0.355804
1975-02-01,mercury,-0.034866,0.307208
1975-03-01,mercury,-0.336771,-0.288856
1975-04-01,mercury,0.273231,-0.318466
1975-05-01,mercury,-0.069247,0.303402
1975-06-01,mercury,-0.277573,-0.36141
1975-07-01,mercury,0.315618,-0.253295
1975-08-01,mercury,-0.19412,0.260193
1975-09-01,mercury,-0.204253,-0.415673
1975-10-01,mercury,0.351853,-0.151304
1975-11-01,mercury,-0.293059,0.181435
1975-12-01,mercury,-0.142389,-0.443348
1976-01-01,mercury,0.35861,-0.03693
1976-02-01,mercury,-0.358873,0.081675
1976-03-01,mercury,-0.076708,-0.459138
1976-04-01,mercury,0.340241,0.051915
1976-05-01,mercury,-0.379116,0.027693
1976-06-01,mercury,0.013507,-0.461058
1976-07-01,mercury,0.299546,0.137206
1976-08-01,mercury,-0.395195,-0.080204
1976-09-01,mercury,0.10304,-0.440667
1976-10-01,mercury,0.211005,0.233186
1976-11-01,mercury,-0.382592,-0.182492
1976-12-01,mercury,0.167136,-0.410524
1977-01-01,mercury,0.090723,0.293559
1977-02-01,mercury,-0.345921,-0.273447
1977-03-01,mercury,0.207349,-0.383282
1977-04-01,mercury,0.023271,0.306337
1977-05-01,mercury,-0.333245,-0.294382
1977-06-01,mercury,0.277548,-0.312992
1977-07-01,mercury,-0.078345,0.301844
1977-08-01,mercury,-0.272935,-0.365748
1977-09-01,mercury,0.329855,-0.222745
1977-10-01,mercury,-0.201832,0.255774
1977-11-01,mercury,-0.198804,-0.418681
1977-12-01,mercury,0.353346,-0.143801
1978-01-01,mercury,-0.298638,0.175119
1978-02-01,mercury,-0.115085,-0.451474
1978-03-01,mercury,0.35979,-0.086896
1978-04-01,mercury,-0.334912,0.126024
1978-05-01,mercury,-0.092641,-0.456473
1978-06-01,mercury,0.346623,0.03076
1978-07-01,mercury,-0.372857,0.047084
1978-08-01,mercury,-0.002766,-0.46235
1978-09-01,mercury,0.294729,0.144544
1978-10-01,mercury,-0.394536,-0.061037
1978-11-01,mercury,0.087223,-0.445992
1978-12-01,mercury,0.229632,0.218078
1979-01-01,mercury,-0.386751,-0.164825
1979-02-01,mercury,0.172771,-0.407151
1979-03-01,mercury,0.174849,0.257402
1979-04-01,mercury,-0.373096,-0.213449
1979-05-01,mercury,0.193343,-0.393629
1979-06-01,mercury,0.047596,0.303232
1979-07-01,mercury,-0.342262,-0.279789
1979-08-01,mercury,0.266092,-0.327144
1979-09-01,mercury,-0.08739,0.30007
1979-10-01,mercury,-0.284895,-0.354235
1979-11-01,mercury,0.322084,-0.240278
1979-12-01,mercury,-0.181304,0.267004
1980-01-01,mercury,-0.212925,-0.410625
1980-02-01,mercury,0.354696,-0.136204
1980-03-01,mercury,-0.261124,0.212891
1980-04-01,mercury,-0.151768,-0.440009
1980-05-01,mercury,0.360032,-0.078944
1980-06-01,mercury,-0.339183,0.119028
1980-07-01,mercury,-0.086537,-0.457577
1980-08-01,mercury,0.344334,0.038884
1980-09-01,mercury,-0.383167,0.012826
1980-10-01,mercury,0.003485,-0.461936
1980-11-01,mercury,0.289671,0.151866
1980-12-01,mercury,-0.394897,-0.068396
1981-01-01,mercury,0.093312,-0.444032
1981-02-01,mercury,0.196095,0.243932
1981-03-01,mercury,-0.393404,-0.121446
1981-04-01,mercury,0.137067,-0.426489
1981-05-01,mercury,0.166761,0.262015
1981-06-01,mercury,-0.370775,-0.219853
1981-07-01,mercury,0.198761,-0.389741
1981-08-01,mercury,0.038287,0.304614
1981-09-01,mercury,-0.325925,-0.305207
1981-10-01,mercury,0.270558,-0.321787
1981-11-01,mercury,-0.096426,0.298065
1981-12-01,mercury,-0.280357,-0.358722
1982-01-01,mercury,0.325161,-0.233611
1982-02-01,mercury,-0.216945,0.246419
1982-03-01,mercury,-0.245194,-0.388866
1982-04-01,mercury,0.344071,-0.182487
1982-05-01,mercury,-0.243618,0.227383
1982-06-01,mercury,-0.166797,-0.434053
1982-07-01,mercury,0.359076,-0.099605
1982-08-01,mercury,-0.327692,0.137144
1982-09-01,mercury,-0.080443,-0.45858
1982-10-01,mercury,0.349917,0.017682
1982-11-01,mercury,-0.377733,0.032251
1982-12-01,mercury,-0.012784,-0.462786
1983-01-01,mercury,0.302458,0.132605
1983-02-01,mercury,-0.395113,-0.075721
1983-03-01,mercury,0.032855,-0.458597
1983-04-01,mercury,0.263378,0.184847
1983-05-01,mercury,-0.394743,-0.102748
1983-06-01,mercury,0.121659,-0.433403
1983-07-01,mercury,0.187576,0.249577
1983-08-01,mercury,-0.376604,-0.203026
1983-09-01,mercury,0.204107,-0.385781
1983-10-01,mercury,0.062484,0.300504
1983-11-01,mercury,-0.335402,-0.291006
1983-12-01,mercury,0.258749,-0.335561
1984-01-01,mercury,-0.072712,0.302827
1984-02-01,mercury,-0.27577,-0.363104
1984-03-01,mercury,0.304324,-0.273657
1984-04-01,mercury,-0.168195,0.273344
1984-05-01,mercury,-0.24015,-0.392601
1984-06-01,mercury,0.346132,-0.175261
1984-07-01,mercury,-0.250395,0.221961
1984-08-01,mercury,-0.161068,-0.436415
1984-09-01,mercury,0.360039,-0.063004
1984-10-01,mercury,-0.33219,0.130284
1984-11-01,mercury,-0.074318,-0.45948
1984-12-01,mercury,0.347947,0.025774
1985-01-01,mercury,-0.379918,0.024844
1985-02-01,mercury,0.015935,-0.460814
1985-03-01,mercury,0.327681,0.084639
1985-04-01,mercury,-0.391453,-0.029771
1985-05-01,mercury,0.03906,-0.457587
1985-06-01,mercury,0.257307,0.191483
1985-07-01,mercury,-0.394324,-0.109924
1985-08-01,mercury,0.127587,-0.430849
1985-09-01,mercury,0.150338,0.270574
1985-10-01,mercury,-0.374448,-0.209514
1985-11-01,mercury,0.20942,-0.381694
1985-12-01,mercury,0.05328,0.302263
1986-01-01,mercury,-0.331828,-0.296508
1986-02-01,mercury,0.279228,-0.310831
1986-03-01,mercury,-0.015078,0.307934
1986-04-01,mercury,-0.303214,-0.334408
1986-05-01,mercury,0.294434,-0.289414
1986-06-01,mercury,-0.146411,0.282579
1986-07-01,mercury,-0.253194,-0.382649
1986-08-01,mercury,0.340489,-0.194078
1986-09-01,mercury,-0.257087,0.216377
1986-10-01,mercury,-0.17593,-0.430046
1986-11-01,mercury,0.359915,-0.083823
1986-12-01,mercury,-0.320027,0.148106
1987-01-01,mercury,-0.090246,-0.456919
1987-02-01,mercury,0.345767,0.033914
1987-03-01,mercury,-0.351413,0.09695
1987-04-01,mercury,-0.045201,-0.462329
1987-05-01,mercury,0.336049,0.063908
1987-06-01,mercury,-0.388271,-0.010353
1987-07-01,mercury,0.022864,-0.459999
1987-08-01,mercury,0.272822,0.173872
1987-09-01,mercury,-0.393784,-0.11708
1987-10-01,mercury,0.112068,-0.437294
1987-11-01,mercury,0.171757,0.259202
1987-12-01,mercury,-0.379825,-0.192454
1988-01-01,mercury,0.195464,-0.392137
1988-02-01,mercury,0.044017,0.303789
1988-03-01,mercury,-0.352532,-0.261116
1988-04-01,mercury,0.251225,-0.343698
1988-05-01,mercury,-0.024417,0.307718
1988-06-01,mercury,-0.298988,-0.339244
1988-07-01,mercury,0.298301,-0.283455
1988-08-01,mercury,-0.154834,0.279196
1988-09-01,mercury,-0.22988,-0.399804
1988-10-01,mercury,0.342757,-0.186938
1988-11-01,mercury,-0.263593,0.210687
1988-12-01,mercury,-0.170267,-0.432563
1989-01-01,mercury,0.360099,-0.075899
1989-02-01,mercury,-0.340761,0.116327
1989-03-01,mercury,-0.127645,-0.44802
1989-04-01,mercury,0.356342,-0.016724
1989-05-01,mercury,-0.354998,0.089777
1989-06-01,mercury,-0.039022,-0.46264
1989-07-01,mercury,0.333014,0.071845
1989-08-01,mercury,-0.3896,-0.017782
1989-09-01,mercury,0.051443,-0.455253
1989-10-01,mercury,0.267061,0.180676
1989-11-01,mercury,-0.393109,-0.124176
1989-12-01,mercury,0.118026,-0.434927
1990-01-01,mercury,0.163711,0.263687
1990-02-01,mercury,-0.369829,-0.222294
1990-03-01,mercury,0.160837,-0.41419
1990-04-01,mercury,0.100827,0.290486
1990-05-01,mercury,-0.360142,-0.245429
1990-06-01,mercury,0.238611,-0.356375
1990-07-01,mercury,4.2e-05,0.307776
1990-08-01,mercury,-0.309864,-0.326443
1990-09-01,mercury,0.302076,-0.277413
1990-10-01,mercury,-0.13256,0.28763
1990-11-01,mercury,-0.243229,-0.390324
1990-12-01,mercury,0.336571,-0.205508
1991-01-01,mercury,-0.246205,0.225323
1991-02-01,mercury,-0.164561,-0.434984
1991-03-01,mercury,0.351703,-0.15223
1991-04-01,mercury,-0.29232,0.182199
1991-05-01,mercury,-0.143011,-0.443131
1991-06-01,mercury,0.358732,-0.03793
1991-07-01,mercury,-0.345236,0.108476
1991-08-01,mercury,-0.055157,-0.461619
1991-09-01,mercury,0.329773,0.079795
1991-10-01,mercury,-0.385784,0.001677
1991-11-01,mercury,0.035295,-0.458216
1991-12-01,mercury,0.281822,0.162556
1992-01-01,mercury,-0.394581,-0.105527
1992-02-01,mercury,0.123986,-0.432422
1992-03-01,mercury,0.211931,0.232498
1992-04-01,mercury,-0.382755,-0.181724
1992-05-01,mercury,0.166532,-0.41091
1992-06-01,mercury,0.091847,0.293234
1992-07-01,mercury,-0.357297,-0.251499
1992-08-01,mercury,0.243511,-0.35159
1992-09-01,mercury,-0.042999,0.306587
1992-10-01,mercury,-0.305745,-0.331422
1992-11-01,mercury,0.30577,-0.271234
1992-12-01,mercury,-0.141179,0.284557
1993-01-01,mercury,-0.238145,-0.394034
1993-02-01,mercury,0.346919,-0.172399
1993-03-01,mercury,-0.200899,0.256305
1993-04-01,mercury,-0.199381,-0.418353
1993-05-01,mercury,0.353212,-0.14467
1993-06-01,mercury,-0.297966,0.175862
1993-07-01,mercury,-0.137145,-0.445082
1993-08-01,mercury,0.357956,-0.029807
1993-09-01,mercury,-0.361721,0.07526
1993-10-01,mercury,-0.048981,-0.462094
1993-11-01,mercury,0.326333,0.087698
1993-12-01,mercury,-0.387367,-0.005786
1994-01-01,mercury,0.041495,-0.457167
1994-02-01,mercury,0.254916,0.19402
1994-03-01,mercury,-0.394462,-0.060202
1994-04-01,mercury,0.086579,-0.446209
1994-05-01,mercury,0.230471,0.217365
1994-06-01,mercury,-0.386889,-0.164048
1994-07-01,mercury,0.151608,-0.419229
1994-08-01,mercury,0.115103,0.285596
1994-09-01,mercury,-0.354364,-0.257476
1994-10-01,mercury,0.230603,-0.363845
1994-11-01,mercury,-0.018645,0.307873
1994-12-01,mercury,-0.316312,-0.318276
1995-01-01,mercury,0.295948,-0.287138
1995-02-01,mercury,-0.149639,0.281299
1995-03-01,mercury,-0.285371,-0.353735
1995-04-01,mercury,0.32175,-0.241064
1995-05-01,mercury,-0.180307,0.267486
1995-06-01,mercury,-0.213498,-0.410271
1995-07-01,mercury,0.348991,-0.164265
1995-08-01,mercury,-0.282876,0.192212
1995-09-01,mercury,-0.131252,-0.446941
1995-10-01,mercury,0.359628,-0.050987
1995-11-01,mercury,-0.352783,0.094202
1995-12-01,mercury,-0.065092,-0.460642
1996-01-01,mercury,0.334927,0.066936
1996-02-01,mercury,-0.388781,-0.013215
1996-03-01,mercury,0.002804,-0.462004
1996-04-01,mercury,0.290337,0.150953
1996-05-01,mercury,-0.394826,-0.067538
1996-06-01,mercury,0.092647,-0.444282
1996-07-01,mercury,0.223543,0.223256
1996-08-01,mercury,-0.385391,-0.170849
1996-09-01,mercury,0.177759,-0.404084
1996-10-01,mercury,0.106314,0.288681
1996-11-01,mercury,-0.351322,-0.2634
1996-12-01,mercury,0.235603,-0.359249
1997-01-01,mercury,-0.027946,0.307565
1997-02-01,mercury,-0.297302,-0.341101
1997-03-01,mercury,0.270081,-0.322431
1997-04-01,mercury,-0.095284,0.298314
1997-05-01,mercury,-0.280837,-0.358223
1997-06-01,mercury,0.324845,-0.234411
1997-07-01,mercury,-0.188271,0.26335
1997-08-01,mercury,-0.20812,-0.413442
1997-09-01,mercury,0.355805,-0.129468
1997-10-01,mercury,-0.288769,0.186039
1997-11-01,mercury,-0.125314,-0.448695
1997-12-01,mercury,0.359132,-0.042894
1998-01-01,mercury,-0.356328,0.086978
1998-02-01,mercury,-0.036575,-0.462736
1998-03-01,mercury,0.350175,0.016711
1998-04-01,mercury,-0.37743,0.03311
1998-05-01,mercury,-0.013432,-0.462811
1998-06-01,mercury,0.303036,0.131717
1998-07-01,mercury,-0.393551,-0.048302
1998-08-01,mercury,0.076767,-0.449103
1998-09-01,mercury,0.2164,0.22904
1998-10-01,mercury,-0.38903,-0.152968
1998-11-01,mercury,0.163077,-0.412926
1998-12-01,mercury,0.129157,0.280129
1999-01-01,mercury,-0.359035,-0.24779
1999-02-01,mercury,0.240537,-0.354529
1999-03-01,mercury,0.063595,0.300276
1999-04-01,mercury,-0.33576,-0.290391
1999-05-01,mercury,0.258265,-0.336137
1999-06-01,mercury,-0.071619,0.303002
1999-07-01,mercury,-0.29249,-0.346333
1999-08-01,mercury,0.316573,-0.251569
1999-09-01,mercury,-0.196122,0.259039
1999-10-01,mercury,-0.222025,-0.404963
1999-11-01,mercury,0.352321,-0.149319
1999-12-01,mercury,-0.273043,0.201937
2000-01-01,mercury,-0.140726,-0.4439
2000-02-01,mercury,0.358469,-0.034813
2000-03-01,mercury,-0.331644,0.131089
2000-04-01,mercury,-0.074976,-0.459389
2000-05-01,mercury,0.348215,0.024814
2000-06-01,mercury,-0.379647,0.025696
2000-07-01,mercury,-0.007224,-0.462588
2000-08-01,mercury,0.298338,0.139136
2000-09-01,mercury,-0.395158,-0.082175
2000-10-01,mercury,0.082855,-0.447351
2000-11-01,mercury,0.209155,0.234602
2000-12-01,mercury,-0.387729,-0.159848
2001-01-01,mercury,0.168726,-0.40964
2001-02-01,mercury,0.088454,0.294203
2001-03-01,mercury,-0.374669,-0.208773
2001-04-01,mercury,0.20884,-0.382189
2001-05-01,mercury,0.054447,0.302048
2001-06-01,mercury,-0.332209,-0.295887
2001-07-01,mercury,0.262845,-0.33099
2001-08-01,mercury,-0.080685,0.301387
2001-09-01,mercury,-0.271598,-0.366933
2001-10-01,mercury,0.319824,-0.245095
2001-11-01,mercury,-0.203806,0.254572
2001-12-01,mercury,-0.216742,-0.408285
2002-01-01,mercury,0.353772,-0.141802
2002-02-01,mercury,-0.300046,0.173417
2002-03-01,mercury,-0.176537,-0.429765
2002-04-01,mercury,0.359919,-0.084814
2002-05-01,mercury,-0.319395,0.148917
2002-06-01,mercury,-0.090901,-0.456805
2002-07-01,mercury,0.35298,0.003549
2002-08-01,mercury,-0.373501,0.045074
2002-09-01,mercury,-0.000977,-0.46226
2002-10-01,mercury,0.310265,0.1195
2002-11-01,mercury,-0.394599,-0.063045
2002-12-01,mercury,0.066888,-0.451734
2003-01-01,mercury,0.227845,0.219645
2003-02-01,mercury,-0.386304,-0.166687
2003-03-01,mercury,0.111421,-0.437574
2003-04-01,mercury,0.172788,0.258616
2003-05-01,mercury,-0.380006,-0.191697
2003-06-01,mercury,0.194881,-0.392595
2003-07-01,mercury,0.078378,0.296886
2003-08-01,mercury,-0.341282,-0.281368
2003-09-01,mercury,0.267372,-0.325705
2003-10-01,mercury,-0.056779,0.305135
2003-11-01,mercury,-0.283589,-0.3555
2003-12-01,mercury,0.311115,-0.261876
2004-01-01,mercury,-0.183389,0.265909
2004-02-01,mercury,-0.211385,-0.411518
2004-03-01,mercury,0.342539,-0.187768
2004-04-01,mercury,-0.262796,0.21137
2004-05-01,mercury,-0.170864,-0.43229
2004-06-01,mercury,0.360119,-0.076831
2004-07-01,mercury,-0.324213,0.142152
2004-08-01,mercury,-0.084807,-0.457874
2004-09-01,mercury,0.343739,0.041016
2004-10-01,mercury,-0.37598,0.037664
2004-11-01,mercury,0.005255,-0.461819
2004-12-01,mercury,0.305848,0.127094
2005-01-01,mercury,-0.394923,-0.070396
2005-02-01,mercury,0.095035,-0.443493
2005-03-01,mercury,0.267774,0.179881
2005-04-01,mercury,-0.393162,-0.12337
2005-05-01,mercury,0.117402,-0.435198
2005-06-01,mercury,0.164703,0.263161
2005-07-01,mercury,-0.378049,-0.198275
2005-08-01,mercury,0.200275,-0.38869
2005-09-01,mercury,0.035928,0.304919
2005-10-01,mercury,-0.337881,-0.286978
2005-11-01,mercury,0.271797,-0.320347
2005-12-01,mercury,-0.065958,0.303883
2006-01-01,mercury,-0.279056,-0.359941
2006-02-01,mercury,0.326016,-0.231832
2006-03-01,mercury,-0.131514,0.287975
2006-04-01,mercury,-0.243765,-0.38991
2006-05-01,mercury,0.336308,-0.206326
2006-06-01,mercury,-0.245365,0.225964
2006-07-01,mercury,-0.185568,-0.425486
2006-08-01,mercury,0.359276,-0.097558
2006-09-01,mercury,-0.328843,0.13533
2006-10-01,mercury,-0.100668,-0.454857
2006-11-01,mercury,0.349464,0.019794
2006-12-01,mercury,-0.369172,0.056988
2007-01-01,mercury,-0.011017,-0.462746
2007-02-01,mercury,0.301276,0.134553
2007-03-01,mercury,-0.385559,0.002545
2007-04-01,mercury,0.034613,-0.458345
2007-05-01,mercury,0.28251,0.161673
2007-06-01,mercury,-0.394595,-0.104698
2007-07-01,mercury,0.101732,-0.441189
2007-08-01,mercury,0.185598,0.250855
2007-09-01,mercury,-0.375976,-0.204804
2007-10-01,mercury,0.186075,-0.398691
2007-11-01,mercury,0.060138,0.300966
2007-12-01,mercury,-0.346581,-0.272144
2008-01-01,mercury,0.260059,-0.334177
2008-02-01,mercury,-0.075075,0.3024
2008-03-01,mercury,-0.306181,-0.330869
2008-04-01,mercury,0.305376,-0.271984
2008-05-01,mercury,-0.140097,0.284932
2008-06-01,mercury,-0.238687,-0.393629
2008-07-01,mercury,0.338801,-0.199291
2008-08-01,mercury,-0.25214,0.220486
2008-09-01,mercury,-0.159427,-0.437059
2008-10-01,mercury,0.359735,-0.089668
2008-11-01,mercury,-0.333326,0.128423
2008-12-01,mercury,-0.094599,-0.4561
2009-01-01,mercury,0.347432,0.027918
2009-02-01,mercury,-0.38044,0.022812
2009-03-01,mercury,-0.049632,-0.462059
2009-04-01,mercury,0.326793,0.086734
2009-05-01,mercury,-0.387151,-0.004925
2009-06-01,mercury,0.040846,-0.457299
2009-07-01,mercury,0.277021,0.168741
2009-08-01,mercury,-0.39414,-0.111884
2009-09-01,mercury,0.129279,-0.430134
2009-10-01,mercury,0.177707,0.255728
2009-11-01,mercury,-0.373792,-0.211274
2009-12-01,mercury,0.191573,-0.394934
2010-01-01,mercury,0.050903,0.302674
2010-02-01,mercury,-0.330787,-0.298005
2010-03-01,mercury,0.230073,-0.364366
2010-04-01,mercury,-0.017499,0.307888
2010-05-01,mercury,-0.316713,-0.317706
2010-06-01,mercury,0.295546,-0.287815
2010-07-01,mercury,-0.117443,0.292452
2010-08-01,mercury,-0.251778,-0.383742
2010-09-01,mercury,0.341168,-0.192169
2010-10-01,mercury,-0.234109,0.234515
2010-11-01,mercury,-0.174318,-0.430758
2010-12-01,mercury,0.358237,-0.110169
2011-01-01,mercury,-0.321253,0.146327
2011-02-01,mercury,-0.088524,-0.457231
2011-03-01,mercury,0.359706,-0.051924
2011-04-01,mercury,-0.352331,0.095043
2011-05-01,mercury,-0.065748,-0.460565
2011-06-01,mercury,0.335308,0.065995
2011-07-01,mercury,-0.382662,0.01456
2011-08-01,mercury,0.024616,-0.459795
2011-09-01,mercury,0.271366,0.175662
2011-10-01,mercury,-0.395033,-0.093058
2011-11-01,mercury,0.113751,-0.436675
2011-12-01,mercury,0.198018,0.242632
2012-01-01,mercury,-0.379248,-0.194243
2012-02-01,mercury,0.196983,-0.391113
2012-03-01,mercury,0.107418,0.288312
2012-04-01,mercury,-0.351644,-0.262723
2012-05-01,mercury,0.23506,-0.359796
2012-06-01,mercury,-0.026785,0.307609
2012-07-01,mercury,-0.312746,-0.322801
2012-08-01,mercury,0.299381,-0.281848
2012-09-01,mercury,-0.156983,0.278265
2012-10-01,mercury,-0.246819,-0.387595
2012-11-01,mercury,0.343395,-0.185026
2012-12-01,mercury,-0.241107,0.229265
2013-01-01,mercury,-0.168654,-0.433249
2013-02-01,mercury,0.360171,-0.07381
2013-03-01,mercury,-0.288035,0.186783
2013-04-01,mercury,-0.125959,-0.448512
2013-05-01,mercury,0.359235,-0.043899
2013-06-01,mercury,-0.355878,0.087836
2013-07-01,mercury,-0.059585,-0.461228
2013-08-01,mercury,0.33222,0.073931
2013-09-01,mercury,-0.389884,-0.019812
2013-10-01,mercury,0.030843,-0.458931
2013-11-01,mercury,0.265536,0.182462
2013-12-01,mercury,-0.394788,-0.100295
2014-01-01,mercury,0.119727,-0.434261
2014-02-01,mercury,0.161596,0.264836
2014-03-01,mercury,-0.389138,-0.152177
2014-04-01,mercury,0.162455,-0.41332
2014-05-01,mercury,0.13026,0.27967
2014-06-01,mercury,-0.359319,-0.247106
2014-07-01,mercury,0.22188,-0.371575
2014-08-01,mercury,-0.002384,0.307828
2014-09-01,mercury,-0.308678,-0.327842
2014-10-01,mercury,0.289158,-0.297304
2014-11-01,mercury,-0.134821,0.286818
2014-12-01,mercury,-0.259643,-0.377344
2015-01-01,mercury,0.337312,-0.203601
2015-02-01,mercury,-0.247987,0.223861
2015-03-01,mercury,-0.22257,-0.404595
2015-04-01,mercury,0.35218,-0.150205
2015-05-01,mercury,-0.272268,0.202639
2015-06-01,mercury,-0.141339,-0.443688
2015-07-01,mercury,0.360136,-0.064894
2015-08-01,mercury,-0.346237,0.10657
2015-09-01,mercury,-0.053401,-0.461772
2015-10-01,mercury,0.339929,0.053056
2015-11-01,mercury,-0.386179,-0.000353
2015-12-01,mercury,0.014618,-0.460975
2016-01-01,mercury,0.280421,0.164421
2016-02-01,mercury,-0.394419,-0.107496
2016-03-01,mercury,0.082225,-0.447554
2016-04-01,mercury,0.210053,0.233948
2016-05-01,mercury,-0.387849,-0.159068
2016-06-01,mercury,0.168139,-0.410013
2016-07-01,mercury,0.121599,0.28316
2016-08-01,mercury,-0.356454,-0.253133
2016-09-01,mercury,0.244878,-0.3503
2016-10-01,mercury,-0.011717,0.307939
2016-11-01,mercury,-0.30456,-0.332766
2016-12-01,mercury,0.29315,-0.291456
2017-01-01,mercury,-0.143372,0.283709
2017-02-01,mercury,-0.236697,-0.395042
2017-03-01,mercury,0.319489,-0.245843
2017-04-01,mercury,-0.202875,0.255109
2017-05-01,mercury,-0.217305,-0.40792
2017-06-01,mercury,0.353643,-0.142681
2017-07-01,mercury,-0.278414,0.196671
2017-08-01,mercury,-0.135479,-0.445613
2017-09-01,mercury,0.35778,-0.027705
2017-10-01,mercury,-0.350043,0.099457
2017-11-01,mercury,-0.047233,-0.462221
2017-12-01,mercury,0.337144,0.061048
2018-01-01,mercury,-0.387708,-0.007782
2018-02-01,mercury,0.043243,-0.456876
2018-03-01,mercury,0.310808,0.118573
2018-04-01,mercury,-0.394526,-0.062189
2018-05-01,mercury,0.066211,-0.451921
2018-06-01,mercury,0.228714,0.218911
2018-07-01,mercury,-0.390954,-0.140954
2018-08-01,mercury,0.153227,-0.41842
2018-09-01,mercury,0.112874,0.286404
2018-10-01,mercury,-0.36373,-0.237216
2018-11-01,mercury,0.232013,-0.362636
2018-12-01,mercury,0.012742,0.307152
2019-01-01,mercury,-0.315168,-0.319695
2019-02-01,mercury,0.297048,-0.285545
2019-03-01,mercury,-0.055611,0.30526
2019-04-01,mercury,-0.284072,-0.354995
2019-05-01,mercury,0.310734,-0.262642
2019-06-01,mercury,-0.182388,0.266396
2019-07-01,mercury,-0.230976,-0.399028
2019-08-01,mercury,0.349524,-0.162277
2019-09-01,mercury,-0.284413,0.190574
2019-10-01,mercury,-0.150741,-0.440379
2019-11-01,mercury,0.359562,-0.048853
2019-12-01,mercury,-0.339714,0.117978
2020-01-01,mercury,-0.063337,-0.460845
2020-02-01,mercury,0.334161,0.069034
2020-03-01,mercury,-0.375658,0.038524
2020-04-01,mercury,0.004592,-0.461892
2020-05-01,mercury,0.306426,0.12616
2020-06-01,mercury,-0.394853,-0.069563
2020-07-01,mercury,0.072383,-0.450336
2020-08-01,mercury,0.221705,0.224797
2020-09-01,mercury,-0.384911,-0.172716
2020-10-01,mercury,0.158995,-0.41528
2020-11-01,mercury,0.104017,0.289456
2020-12-01,mercury,-0.36101,-0.243373
2021-01-01,mercury,0.237013,-0.357985
2021-02-01,mercury,-0.030353,0.307437
2021-03-01,mercury,-0.338228,-0.286358
2021-04-01,mercury,0.271335,-0.320977
2021-05-01,mercury,-0.064825,0.304036
2021-06-01,mercury,-0.279521,-0.359461
2021-07-01,mercury,0.314185,-0.256267
2021-08-01,mercury,-0.190333,0.262209
2021-09-01,mercury,-0.206566,-0.414317
2021-10-01,mercury,0.351226,-0.154805
2021-11-01,mercury,-0.290262,0.184378
2021-12-01,mercury,-0.144901,-0.442463
2022-01-01,mercury,0.359027,-0.040756
2022-02-01,mercury,-0.35719,0.085055
2022-03-01,mercury,-0.1013,-0.454715
2022-04-01,mercury,0.349724,0.01884
2022-05-01,mercury,-0.368811,0.057848
2022-06-01,mercury,-0.011674,-0.462771
2022-07-01,mercury,0.317484,0.106195
2022-08-01,mercury,-0.393679,-0.050301
2022-09-01,mercury,0.078491,-0.448646
2022-10-01,mercury,0.239669,0.209113
2022-11-01,mercury,-0.388641,-0.154845
2022-12-01,mercury,0.143927,-0.423227
2023-01-01,mercury,0.126967,0.281033
2023-02-01,mercury,-0.35821,-0.249438
2023-03-01,mercury,0.185489,-0.399111
2023-04-01,mercury,0.061283,0.300744
2023-05-01,mercury,-0.346919,-0.271473
2023-06-01,mercury,0.259562,-0.334777
2023-07-01,mercury,-0.040656,0.30676
2023-08-01,mercury,-0.29124,-0.34761
2023-09-01,mercury,0.317508,-0.24985
2023-10-01,mercury,-0.169315,0.272782
2023-11-01,mercury,-0.220531,-0.405892
2023-12-01,mercury,0.346519,-0.174163
2024-01-01,mercury,-0.274631,0.20036
2024-02-01,mercury,-0.139069,-0.444449
2024-03-01,mercury,0.35972,-0.090626
2024-04-01,mercury,-0.332767,0.129253
2024-05-01,mercury,-0.095265,-0.455971
2024-06-01,mercury,0.347721,0.026913
2024-07-01,mercury,-0.371546,0.05048
2024-08-01,mercury,-0.005455,-0.462527
2024-09-01,mercury,0.297116,0.141055
2024-10-01,mercury,-0.394233,-0.057685
2024-11-01,mercury,0.084592,-0.446861
2024-12-01,mercury,0.23295,0.215217
2025-01-01,mercury,-0.387303,-0.161726
2025-02-01,mercury,0.170329,-0.408728
2025-03-01,mercury,0.178712,0.255127
2025-04-01,mercury,-0.374017,-0.21054
2025-05-01,mercury,0.190968,-0.395395
2025-06-01,mercury,0.052077,0.302463
2025-07-01,mercury,-0.343657,-0.27724
2025-08-01,mercury,0.264131,-0.329588
2025-09-01,mercury,-0.083035,0.300907
2025-10-01,mercury,-0.286793,-0.352231
2025-11-01,mercury,0.320743,-0.243327
2025-12-01,mercury,-0.177449,0.268871
2026-01-01,mercury,-0.2152,-0.409208
2026-02-01,mercury,0.354194,-0.139749
2026-03-01,mercury,-0.233232,0.235121
2026-04-01,mercury,-0.174909,-0.430487
2026-05-01,mercury,0.358179,-0.111101
2026-06-01,mercury,-0.32065,0.147114
2026-07-01,mercury,-0.110991,-0.452493
2026-08-01,mercury,0.352601,0.005706
2026-09-01,mercury,-0.374133,0.043076
2026-10-01,mercury,-0.021685,-0.462969
2026-11-01,mercury,0.309156,0.121505
2026-12-01,mercury,-0.392463,-0.038379
2027-01-01,mercury,0.068643,-0.451317
2027-02-01,mercury,0.226037,0.221204
2027-03-01,mercury,-0.395014,-0.092247
2027-04-01,mercury,0.113137,-0.436941
2027-05-01,mercury,0.198948,0.242003
2027-06-01,mercury,-0.37943,-0.193505
2027-07-01,mercury,0.176582,-0.404886
2027-08-01,mercury,0.076052,0.297466
2027-09-01,mercury,-0.340307,-0.28291
2027-10-01,mercury,0.252063,-0.342941
2027-11-01,mercury,-0.059136,0.30482
2027-12-01,mercury,-0.298206,-0.340027
2028-01-01,mercury,0.312099,-0.260183
2028-02-01,mercury,-0.185447,0.264807
2028-03-01,mercury,-0.247337,-0.387174
2028-04-01,mercury,0.34318,-0.185851
2028-05-01,mercury,-0.240257,0.229892
2028-06-01,mercury,-0.169248,-0.43298
2028-07-01,mercury,0.358898,-0.103299
2028-08-01,mercury,-0.325407,0.140348
2028-09-01,mercury,-0.083079,-0.458165
2028-10-01,mercury,0.35089,0.01382
2028-11-01,mercury,-0.376553,0.035694
2028-12-01,mercury,-0.015475,-0.462882
2029-01-01,mercury,0.304718,0.129036
2029-02-01,mercury,-0.394931,-0.072367
2029-03-01,mercury,0.030167,-0.459039
2029-04-01,mercury,0.266276,0.181641
2029-05-01,mercury,-0.394795,-0.099451
2029-06-01,mercury,0.119076,-0.434549
2029-07-01,mercury,0.191341,0.247159
2029-08-01,mercury,-0.37745,-0.200056
2029-09-01,mercury,0.201779,-0.387639
2029-10-01,mercury,0.066952,0.299557
2029-11-01,mercury,-0.336883,-0.288505
2029-12-01,mercury,0.256732,-0.337932
2030-01-01,mercury,-0.068285,0.303504
2030-02-01,mercury,-0.277739,-0.36116
2030-03-01,mercury,0.288711,-0.298002
2030-04-01,mercury,-0.133732,0.28718
2030-05-01,mercury,-0.260173,-0.376883
2030-06-01,mercury,0.337042,-0.204452
2030-07-01,mercury,-0.221555,0.243285
2030-08-01,mercury,-0.183974,-0.426248
2030-09-01,mercury,0.359463,-0.095465
2030-10-01,mercury,-0.312596,0.157914
2030-11-01,mercury,-0.098951,-0.455223
2030-12-01,mercury,0.355008,-0.007453
2031-01-01,mercury,-0.369867,0.055004
2031-02-01,mercury,-0.009249,-0.462701
2031-03-01,mercury,0.340289,0.052049
2031-04-01,mercury,-0.385953,0.000512
2031-05-01,mercury,0.013943,-0.461067
2031-06-01,mercury,0.281116,0.163538
2031-07-01,mercury,-0.395078,-0.080519
2031-08-01,mercury,0.103465,-0.440601
2031-09-01,mercury,0.183563,0.252152
2031-10-01,mercury,-0.382392,-0.182799
2031-11-01,mercury,0.18765,-0.397681
2031-12-01,mercury,0.090681,0.293572
2032-01-01,mercury,-0.345643,-0.27373
2032-02-01,mercury,0.261366,-0.33278
2032-03-01,mercury,-0.010554,0.307925
2032-04-01,mercury,-0.304987,-0.332231
2032-05-01,mercury,0.292731,-0.292153
2032-06-01,mercury,-0.142321,0.284078
2032-07-01,mercury,-0.255284,-0.38091
2032-08-01,mercury,0.339505,-0.197382
2032-09-01,mercury,-0.253889,0.218987
2032-10-01,mercury,-0.178338,-0.428915
2032-11-01,mercury,0.359884,-0.087545
2032-12-01,mercury,-0.317628,0.151243
2033-01-01,mercury,-0.092859,-0.456434
2033-02-01,mercury,0.346914,0.030061
2033-03-01,mercury,-0.349571,0.100287
2033-04-01,mercury,-0.047873,-0.462184
2033-05-01,mercury,0.337518,0.060098
2033-06-01,mercury,-0.387502,-0.006926
2033-07-01,mercury,0.020176,-0.460371
2033-08-01,mercury,0.27559,0.170564
2033-09-01,mercury,-0.393948,-0.113831
2033-10-01,mercury,0.109477,-0.438364
2033-11-01,mercury,0.17566,0.25696
2033-12-01,mercury,-0.380583,-0.189446
2034-01-01,mercury,0.193114,-0.393915
2034-02-01,mercury,0.048547,0.303068
2034-03-01,mercury,-0.363994,-0.236511
2034-04-01,mercury,0.231491,-0.363153
2034-05-01,mercury,0.013904,0.307078
2034-06-01,mercury,-0.315583,-0.319107
2034-07-01,mercury,0.282086,-0.307209
2034-08-01,mercury,-0.119677,0.291755
2034-09-01,mercury,-0.250371,-0.384814
2034-10-01,mercury,0.332848,-0.215663
2034-11-01,mercury,-0.235927,0.233134
2034-12-01,mercury,-0.192913,-0.421757
2035-01-01,mercury,0.358487,-0.10811
2035-02-01,mercury,-0.322482,0.144526
2035-03-01,mercury,-0.151369,-0.440137
2035-04-01,mercury,0.359648,-0.049821
2035-05-01,mercury,-0.339182,0.118824
2035-06-01,mercury,-0.064009,-0.460773
2035-07-01,mercury,0.34439,0.039018
2035-08-01,mercury,-0.383111,0.012559
2035-09-01,mercury,0.026377,-0.459586
2035-10-01,mercury,0.289671,0.151971
2035-11-01,mercury,-0.394927,-0.09503
2035-12-01,mercury,0.09372,-0.443978
2036-01-01,mercury,0.196063,0.243991
2036-02-01,mercury,-0.378663,-0.196048
2036-03-01,mercury,0.158357,-0.415661
2036-04-01,mercury,0.105137,0.289084
2036-05-01,mercury,-0.361301,-0.242668
2036-06-01,mercury,0.236459,-0.358552
2036-07-01,mercury,0.004569,0.307587
2036-08-01,mercury,-0.311588,-0.3242
2036-09-01,mercury,0.300453,-0.280238
2036-10-01,mercury,-0.1284,0.288977
2036-11-01,mercury,-0.245374,-0.388664
2036-12-01,mercury,0.335494,-0.208746
2037-01-01,mercury,-0.242913,0.227822
2037-02-01,mercury,-0.167007,-0.43394
2037-03-01,mercury,0.351062,-0.155709
2037-04-01,mercury,-0.289547,0.185108
2037-05-01,mercury,-0.145526,-0.442246
2037-06-01,mercury,0.35913,-0.041738
2037-07-01,mercury,-0.343288,0.111761
2037-08-01,mercury,-0.057827,-0.461401
2037-09-01,mercury,0.331414,0.076024
2037-10-01,mercury,-0.38491,0.005088
2037-11-01,mercury,0.032608,-0.458688
2037-12-01,mercury,0.284437,0.159167
2038-01-01,mercury,-0.394649,-0.102276
2038-02-01,mercury,0.121425,-0.43359
2038-03-01,mercury,0.240494,0.208354
2038-04-01,mercury,-0.388746,-0.154084
2038-05-01,mercury,0.143321,-0.42356
2038-06-01,mercury,0.128029,0.280603
2038-07-01,mercury,-0.36811,-0.226469
2038-08-01,mercury,0.223346,-0.370384
2038-09-01,mercury,-0.004778,0.307872
2038-10-01,mercury,-0.321834,-0.31076
2038-11-01,mercury,0.290305,-0.295744
2038-12-01,mercury,-0.105414,0.295779
2039-01-01,mercury,-0.25826,-0.378456
2039-02-01,mercury,0.338029,-0.201723
2039-03-01,mercury,-0.168314,0.273225
2039-04-01,mercury,-0.22107,-0.405532
2039-05-01,mercury,0.346329,-0.175003
2039-06-01,mercury,-0.273875,0.201055
2039-07-01,mercury,-0.160643,-0.436556
2039-08-01,mercury,0.360151,-0.062778
2039-09-01,mercury,-0.347216,0.10468
2039-10-01,mercury,-0.073877,-0.459549
2039-11-01,mercury,0.339268,0.055144
2039-12-01,mercury,-0.379876,0.024573
2040-01-01,mercury,0.016377,-0.460808
2040-02-01,mercury,0.279041,0.166238
2040-03-01,mercury,-0.394141,-0.05682
2040-04-01,mercury,0.083943,-0.447071
2040-05-01,mercury,0.233798,0.214485
2040-06-01,mercury,-0.387432,-0.160932
2040-07-01,mercury,0.149104,-0.420623
2040-08-01,mercury,0.119366,0.28402
2040-09-01,mercury,-0.355608,-0.254771
2040-10-01,mercury,0.228411,-0.365945
2040-11-01,mercury,-0.014091,0.307915
2040-12-01,mercury,-0.31798,-0.315956
2041-01-01,mercury,0.29426,-0.289899
2041-02-01,mercury,-0.145534,0.282851
2041-03-01,mercury,-0.287277,-0.351702
2041-04-01,mercury,0.3204,-0.244108
2041-05-01,mercury,-0.176428,0.269357
2041-06-01,mercury,-0.215785,-0.408835
2041-07-01,mercury,0.348247,-0.167688
2041-08-01,mercury,-0.279982,0.195052
2041-09-01,mercury,-0.133801,-0.44614
2041-10-01,mercury,0.359896,-0.054766
2041-11-01,mercury,-0.35099,0.097535
2041-12-01,mercury,-0.067757,-0.460344
2042-01-01,mercury,0.336423,0.063139
2042-02-01,mercury,-0.388045,-0.009799
2042-03-01,mercury,-0.022373,-0.462986
2042-04-01,mercury,0.309719,0.120553
2042-05-01,mercury,-0.392328,-0.037512
2042-06-01,mercury,0.067965,-0.451514
2042-07-01,mercury,0.250998,0.198112
2042-08-01,mercury,-0.390613,-0.142885
2042-09-01,mercury,0.154876,-0.417579
2042-10-01,mercury,0.141858,0.274608
2042-11-01,mercury,-0.362943,-0.238924
2042-12-01,mercury,0.215019,-0.377367
2043-01-01,mercury,0.010324,0.307296
2043-02-01,mercury,-0.314023,-0.321105
2043-03-01,mercury,0.251544,-0.343541
2043-04-01,mercury,-0.05799,0.304949
2043-05-01,mercury,-0.298653,-0.339503
2043-06-01,mercury,0.311726,-0.260946
2043-07-01,mercury,-0.154928,0.279083
2043-08-01,mercury,-0.229483,-0.400018
2043-09-01,mercury,0.350045,-0.160281
2043-10-01,mercury,-0.263672,0.210499
2043-11-01,mercury,-0.149064,-0.440983
2043-12-01,mercury,0.360221,-0.075678
2044-01-01,mercury,-0.340776,0.116089
2044-02-01,mercury,-0.06157,-0.461035
2044-03-01,mercury,0.351135,0.012852
2044-04-01,mercury,-0.376245,0.036542
2044-05-01,mercury,-0.016125,-0.462909
2044-06-01,mercury,0.305291,0.128128
2044-07-01,mercury,-0.393128,-0.044917
2044-08-01,mercury,0.074115,-0.449896
2044-09-01,mercury,0.219882,0.2263
2044-10-01,mercury,-0.389482,-0.149835
2044-11-01,mercury,0.160612,-0.41442
2044-12-01,mercury,0.133342,0.278383
2045-01-01,mercury,-0.360202,-0.245049
2045-02-01,mercury,0.238412,-0.356724
2045-03-01,mercury,0.06808,0.299313
2045-04-01,mercury,-0.337231,-0.287883
2045-05-01,mercury,0.256253,-0.338509
2045-06-01,mercury,-0.067145,0.303674
2045-07-01,mercury,-0.294347,-0.344232
2045-08-01,mercury,0.315144,-0.254567
2045-09-01,mercury,-0.192332,0.261081
2045-10-01,mercury,-0.224277,-0.403457
2045-11-01,mercury,0.351702,-0.152823
2045-12-01,mercury,-0.270014,0.204701
2046-01-01,mercury,-0.143249,-0.443029
2046-02-01,mercury,0.358902,-0.038628
2046-03-01,mercury,-0.311955,0.158703
2046-04-01,mercury,-0.099593,-0.455082
2046-05-01,mercury,0.355202,-0.008422
2046-06-01,mercury,-0.369503,0.055886
2046-07-01,mercury,-0.032375,-0.462883
2046-08-01,mercury,0.316492,0.108183
2046-09-01,mercury,-0.393786,-0.052291
2046-10-01,mercury,0.058055,-0.453886
2046-11-01,mercury,0.237973,0.210706
2046-12-01,mercury,-0.392157,-0.131551
2047-01-01,mercury,0.145572,-0.422444
2047-02-01,mercury,0.124734,0.281933
2047-03-01,mercury,-0.382567,-0.182014
2047-04-01,mercury,0.187045,-0.398119
2047-05-01,mercury,0.091812,0.293247
2047-06-01,mercury,-0.345989,-0.273061
2047-07-01,mercury,0.243821,-0.351451
2047-08-01,mercury,-0.043036,0.306545
2047-09-01,mercury,-0.289976,-0.348896
2047-10-01,mercury,0.306013,-0.271069
2047-11-01,mercury,-0.171425,0.271754
2047-12-01,mercury,-0.237772,-0.394243
2048-01-01,mercury,0.347096,-0.172206
2048-02-01,mercury,-0.276235,0.198742
2048-03-01,mercury,-0.17895,-0.428625
2048-04-01,mercury,0.35987,-0.088502
2048-05-01,mercury,-0.317012,0.15203
2048-06-01,mercury,-0.093522,-0.456312
2048-07-01,mercury,0.353793,-0.000284
2048-08-01,mercury,-0.372211,0.048487
2048-09-01,mercury,-0.00368,-0.462451
2048-10-01,mercury,0.312363,0.115867
2048-11-01,mercury,-0.39431,-0.059692
2048-12-01,mercury,0.064221,-0.45245
2049-01-01,mercury,0.231185,0.216792
2049-02-01,mercury,-0.386864,-0.163619
2049-03-01,mercury,0.108832,-0.438639
2049-04-01,mercury,0.176646,0.256375
2049-05-01,mercury,-0.380758,-0.188716
2049-06-01,mercury,0.192534,-0.39436
2049-07-01,mercury,0.082778,0.295753
2049-08-01,mercury,-0.342691,-0.278815
2049-09-01,mercury,0.265428,-0.328162
2049-10-01,mercury,-0.052293,0.305629
2049-11-01,mercury,-0.285511,-0.353482
2049-12-01,mercury,0.309604,-0.264816
2050-01-01,mercury,-0.179515,0.267811
2050-02-01,mercury,-0.213682,-0.410105
2050-03-01,mercury,0.332569,-0.216473
2050-04-01,mercury,-0.235065,0.233737
2050-05-01,mercury,-0.193478,-0.421455
2050-06-01,mercury,0.358435,-0.109026
2050-07-01,mercury,-0.303466,0.169246
2050-08-01,mercury,-0.109278,-0.452905
2050-09-01,mercury,0.352216,0.007847
2050-10-01,mercury,-0.364803,0.067726
2050-11-01,mercury,-0.019918,-0.462969
2050-12-01,mercury,0.322758,0.095655
2051-01-01,mercury,-0.392631,-0.040355
2051-02-01,mercury,0.070375,-0.450899
2051-03-01,mercury,0.290321,0.151095
2051-04-01,mercury,-0.394914,-0.094191
2051-05-01,mercury,0.093081,-0.444207
2051-06-01,mercury,0.197014,0.243357
2051-07-01,mercury,-0.38521,-0.17115
2051-08-01,mercury,0.178149,-0.403946
2051-09-01,mercury,0.073721,0.298025
2051-10-01,mercury,-0.351068,-0.263669
2051-11-01,mercury,0.253389,-0.341613
2051-12-01,mercury,-0.028001,0.307538
2052-01-01,mercury,-0.296983,-0.341334
2052-02-01,mercury,0.313072,-0.258509
2052-03-01,mercury,-0.127296,0.289331
2052-04-01,mercury,-0.245911,-0.388227
2052-05-01,mercury,0.335226,-0.209569
2052-06-01,mercury,-0.242035,0.228478
2052-07-01,mercury,-0.187955,-0.424268
2052-08-01,mercury,0.359112,-0.101219
2052-09-01,mercury,-0.326605,0.138519
2052-10-01,mercury,-0.103274,-0.454287
2052-11-01,mercury,0.350449,0.015963
2052-12-01,mercury,-0.367758,0.060399
2053-01-01,mercury,-0.013716,-0.462857
2053-02-01,mercury,0.303565,0.130986
2053-03-01,mercury,-0.384673,0.005976
2053-04-01,mercury,0.031925,-0.458806
2053-05-01,mercury,0.285118,0.158278
2053-06-01,mercury,-0.394656,-0.10143
2053-07-01,mercury,0.099127,-0.442169
2053-08-01,mercury,0.189345,0.248476
2053-09-01,mercury,-0.376828,-0.20187
2053-10-01,mercury,0.183697,-0.400365
2053-11-01,mercury,0.064563,0.300064
2053-12-01,mercury,-0.347931,-0.269534
2054-01-01,mercury,0.258061,-0.336546
2054-02-01,mercury,-0.070661,0.303112
2054-03-01,mercury,-0.322243,-0.310168
2054-04-01,mercury,0.289862,-0.296442
2054-05-01,mercury,-0.104311,0.296047
2054-06-01,mercury,-0.25878,-0.378013
2054-07-01,mercury,0.328034,-0.227491
2054-08-01,mercury,-0.223463,0.241947
2054-09-01,mercury,-0.182361,-0.427013
2054-10-01,mercury,0.357028,-0.121554
2054-11-01,mercury,-0.313925,0.156111
2054-12-01,mercury,-0.118917,-0.450468
2055-01-01,mercury,0.354692,-0.005275
2055-02-01,mercury,-0.37056,0.053007
2055-03-01,mercury,-0.074524,-0.459469
2055-04-01,mercury,0.339621,0.05418
2055-05-01,mercury,-0.3796,0.025419
2055-06-01,mercury,0.015715,-0.460899
2055-07-01,mercury,0.298334,0.13927
2055-08-01,mercury,-0.395037,-0.082493
2055-09-01,mercury,0.10517,-0.440013
2055-10-01,mercury,0.209084,0.234698
2055-11-01,mercury,-0.381858,-0.184632
2055-12-01,mercury,0.169133,-0.409507
2056-01-01,mercury,0.088355,0.294234
2056-02-01,mercury,-0.344697,-0.275315
2056-03-01,mercury,0.227886,-0.366462
2056-04-01,mercury,-0.012943,0.307914
2056-05-01,mercury,-0.318374,-0.315388
2056-06-01,mercury,0.293856,-0.290581
2056-07-01,mercury,-0.113143,0.293652
2056-08-01,mercury,-0.253888,-0.381993
2056-09-01,mercury,0.340193,-0.195506
2056-10-01,mercury,-0.230653,0.236927
2056-11-01,mercury,-0.176745,-0.429632
2056-12-01,mercury,0.357958,-0.113818
2057-01-01,mercury,-0.318885,0.14946
2057-02-01,mercury,-0.091145,-0.456759
2057-03-01,mercury,0.359972,-0.05572
2057-04-01,mercury,-0.350516,0.098381
2057-05-01,mercury,-0.068401,-0.460266
2057-06-01,mercury,0.336812,0.062175
2057-07-01,mercury,-0.381649,0.018009
2057-08-01,mercury,0.021928,-0.460183
2057-09-01,mercury,0.274181,0.172341
2057-10-01,mercury,-0.394988,-0.089737
2057-11-01,mercury,0.111165,-0.437757
2057-12-01,mercury,0.201687,0.240095
2058-01-01,mercury,-0.380019,-0.191249
2058-02-01,mercury,0.194645,-0.392887
2058-03-01,mercury,0.142929,0.274127
2058-04-01,mercury,-0.36322,-0.238202
2058-05-01,mercury,0.214452,-0.377862
2058-06-01,mercury,0.011503,0.307226
2058-07-01,mercury,-0.328283,-0.30157
2058-08-01,mercury,0.283264,-0.305707
2058-09-01,mercury,-0.121921,0.291039
2058-10-01,mercury,-0.266521,-0.371381
2058-11-01,mercury,0.333618,-0.213839
2058-12-01,mercury,-0.211467,0.249793
2059-01-01,mercury,-0.191328,-0.422561
2059-02-01,mercury,0.358726,-0.106036
2059-03-01,mercury,-0.262861,0.211193
2059-04-01,mercury,-0.149697,-0.440744
2059-05-01,mercury,0.360237,-0.076634
2059-06-01,mercury,-0.340259,0.116922
2059-07-01,mercury,-0.084379,-0.457958
2059-08-01,mercury,0.343795,0.041167
2059-09-01,mercury,-0.383565,0.01054
2059-10-01,mercury,0.005677,-0.461834
2059-11-01,mercury,0.288353,0.153864
2059-12-01,mercury,-0.394811,-0.070697
2060-01-01,mercury,0.095442,-0.44344
2060-02-01,mercury,0.194089,0.245339
2060-03-01,mercury,-0.389585,-0.149055
2060-04-01,mercury,0.159991,-0.4148
2060-05-01,mercury,0.134394,0.277928
2060-06-01,mercury,-0.360482,-0.244376
2060-07-01,mercury,0.219658,-0.373577
2060-08-01,mercury,0.002133,0.307677
2060-09-01,mercury,-0.310413,-0.325601
2060-10-01,mercury,0.287404,-0.299984
2060-11-01,mercury,-0.130638,0.288209
2060-12-01,mercury,-0.261718,-0.375529
2061-01-01,mercury,0.336242,-0.206877
2061-02-01,mercury,-0.244688,0.22639
2061-03-01,mercury,-0.224824,-0.403092
2061-04-01,mercury,0.351547,-0.153713
2061-05-01,mercury,-0.269251,0.205372
2061-06-01,mercury,-0.143854,-0.442822
2061-07-01,mercury,0.360273,-0.068654
2061-08-01,mercury,-0.344315,0.109852
2061-09-01,mercury,-0.056061,-0.461569
2061-10-01,mercury,0.341282,0.049227
2061-11-01,mercury,-0.385314,0.003087
2061-12-01,mercury,0.011925,-0.461288
2062-01-01,mercury,0.283095,0.161013
2062-02-01,mercury,-0.394498,-0.104207
2062-03-01,mercury,0.057407,-0.45405
2062-04-01,mercury,0.238813,0.209951
2062-05-01,mercury,-0.392219,-0.130748
2062-06-01,mercury,0.144957,-0.422783
2062-07-01,mercury,0.156448,0.267549
2062-08-01,mercury,-0.367383,-0.228179
2062-09-01,mercury,0.224783,-0.369201
2062-10-01,mercury,0.026581,0.305988
2062-11-01,mercury,-0.320738,-0.312194
2062-12-01,mercury,0.276451,-0.314716
2063-01-01,mercury,-0.107668,0.295161
2063-02-01,mercury,-0.256877,-0.379558
2063-03-01,mercury,0.305635,-0.271794
2063-04-01,mercury,-0.170381,0.272229
2063-05-01,mercury,-0.238313,-0.393825
2063-06-01,mercury,0.346906,-0.173079
2063-07-01,mercury,-0.252197,0.220334
2063-08-01,mercury,-0.159012,-0.437194
2063-09-01,mercury,0.360147,-0.060662
2063-10-01,mercury,-0.333344,0.128217
2063-11-01,mercury,-0.072145,-0.459788
2063-12-01,mercury,0.347493,0.028088
2064-01-01,mercury,-0.380392,0.022578
2064-02-01,mercury,0.018128,-0.460637
2064-03-01,mercury,0.312912,0.114924
2064-04-01,mercury,-0.39422,-0.05881
2064-05-01,mercury,0.063551,-0.452628
2064-06-01,mercury,0.232067,0.216039
2064-07-01,mercury,-0.391306,-0.137778
2064-08-01,mercury,0.15074,-0.419818
2064-09-01,mercury,0.11711,0.284866
2064-10-01,mercury,-0.36482,-0.234427
2064-11-01,mercury,0.22985,-0.364719
2064-12-01,mercury,0.017244,0.306824
2065-01-01,mercury,-0.316848,-0.317389
2065-02-01,mercury,0.29538,-0.288296
2065-03-01,mercury,-0.051144,0.305747
2065-04-01,mercury,-0.285997,-0.352966
2065-05-01,mercury,0.309219,-0.265563
2065-06-01,mercury,-0.178517,0.26829
2065-07-01,mercury,-0.23319,-0.397454
2065-08-01,mercury,0.34879,-0.165723
2065-09-01,mercury,-0.28155,0.193406
2065-10-01,mercury,-0.153226,-0.439439
2065-11-01,mercury,0.359846,-0.052614
2065-12-01,mercury,-0.337683,0.121209
2066-01-01,mercury,-0.06598,-0.460561
2066-02-01,mercury,0.335674,0.065273
2066-03-01,mercury,-0.364427,0.068559
2066-04-01,mercury,-0.020583,-0.462988
2066-05-01,mercury,0.32322,0.094721
2066-06-01,mercury,-0.39251,-0.03952
2066-07-01,mercury,0.04746,-0.456134
2066-08-01,mercury,0.249365,0.199791
2066-09-01,mercury,-0.390266,-0.144789
2066-10-01,mercury,0.135559,-0.427357
2066-11-01,mercury,0.139664,0.275608
2066-12-01,mercury,-0.37128,-0.218006
2067-01-01,mercury,0.216501,-0.376215
2067-02-01,mercury,0.007897,0.307421
2067-03-01,mercury,-0.351373,-0.263035
2067-04-01,mercury,0.252896,-0.342191
2067-05-01,mercury,-0.026871,0.307576
2067-06-01,mercury,-0.29742,-0.340821
2067-07-01,mercury,0.299663,-0.281645
2067-08-01,mercury,-0.157055,0.278164
2067-09-01,mercury,-0.228001,-0.400979
2067-10-01,mercury,0.343596,-0.1848
2067-11-01,mercury,-0.265307,0.208975
2067-12-01,mercury,-0.168221,-0.433404
2068-01-01,mercury,0.360289,-0.073574
2068-02-01,mercury,-0.341818,0.114208
2068-03-01,mercury,-0.103902,-0.45415
2068-04-01,mercury,0.350704,0.014988
2068-05-01,mercury,-0.367385,0.061252
2068-06-01,mercury,-0.014365,-0.462885
2068-07-01,mercury,0.319451,0.10248
2068-08-01,mercury,-0.393265,-0.046898
2068-09-01,mercury,0.075841,-0.449457
2068-10-01,mercury,0.242922,0.206101
2068-11-01,mercury,-0.3891,-0.1517
2068-12-01,mercury,0.141405,-0.424561
2069-01-01,mercury,0.131165,0.279309
2069-02-01,mercury,-0.359388,-0.246706
2069-03-01,mercury,0.183102,-0.40079
2069-04-01,mercury,0.065732,0.29982
2069-05-01,mercury,-0.34826,-0.268858
2069-06-01,mercury,0.257563,-0.337147
2069-07-01,mercury,-0.03614,0.307068
2069-08-01,mercury,-0.29311,-0.345521
2069-09-01,mercury,0.316091,-0.252866
2069-10-01,mercury,-0.165321,0.27455
2069-11-01,mercury,-0.222787,-0.4044
2069-12-01,mercury,0.345692,-0.177575
2070-01-01,mercury,-0.271619,0.20313
2070-02-01,mercury,-0.141579,-0.443594
2070-03-01,mercury,0.356944,-0.122487
2070-04-01,mercury,-0.313272,0.156921
2070-05-01,mercury,-0.119568,-0.450285
2070-06-01,mercury,0.354889,-0.006259
2070-07-01,mercury,-0.359269,0.080353
2070-08-01,mercury,-0.030604,-0.462931
2070-09-01,mercury,0.315461,0.110217
2070-10-01,mercury,-0.390955,-0.027519
2070-11-01,mercury,0.059801,-0.453517
2070-12-01,mercury,0.259493,0.189253
2071-01-01,mercury,-0.391866,-0.133478
2071-02-01,mercury,0.147213,-0.421657
2071-03-01,mercury,0.210006,0.234016
2071-04-01,mercury,-0.382031,-0.183869
2071-05-01,mercury,0.168518,-0.409902
2071-06-01,mercury,0.089464,0.293918
2071-07-01,mercury,-0.356196,-0.253446
2071-08-01,mercury,0.245212,-0.350133
2071-09-01,mercury,-0.045455,0.306316
2071-10-01,mercury,-0.30423,-0.333034
2071-11-01,mercury,0.307057,-0.269387
2071-12-01,mercury,-0.14345,0.283612
2072-01-01,mercury,-0.236308,-0.395255
2072-02-01,mercury,0.347667,-0.170246
2072-03-01,mercury,-0.229789,0.237515
2072-04-01,mercury,-0.177341,-0.429356
2072-05-01,mercury,0.357884,-0.114738
2072-06-01,mercury,-0.318294,0.15022
2072-07-01,mercury,-0.113573,-0.451855
2072-08-01,mercury,0.353433,0.001879
2072-09-01,mercury,-0.372867,0.046477
2072-10-01,mercury,-0.024368,-0.463003
2072-11-01,mercury,0.311289,0.117879
2072-12-01,mercury,-0.391951,-0.034968
2073-01-01,mercury,0.065978,-0.452049
2073-02-01,mercury,0.22944,0.218344
2073-03-01,mercury,-0.394968,-0.088923
2073-04-01,mercury,0.110531,-0.438027
2073-05-01,mercury,0.202614,0.239444
2073-06-01,mercury,-0.380197,-0.190514
2073-07-01,mercury,0.174148,-0.4065
2073-08-01,mercury,0.080453,0.296357
2073-09-01,mercury,-0.341728,-0.280374
2073-10-01,mercury,0.250004,-0.345246
2073-11-01,mercury,-0.054664,0.305342
2073-12-01,mercury,-0.300022,-0.337883
2074-01-01,mercury,0.310605,-0.263143
2074-02-01,mercury,-0.181556,0.266747
2074-03-01,mercury,-0.267012,-0.370919
2074-04-01,mercury,0.333348,-0.214657
2074-05-01,mercury,-0.210512,0.250366
2074-06-01,mercury,-0.19191,-0.422245
2074-07-01,mercury,0.355133,-0.134876
2074-08-01,mercury,-0.304827,0.167531
2074-09-01,mercury,-0.107575,-0.453306
2074-10-01,mercury,0.356879,-0.01939
2074-11-01,mercury,-0.36556,0.065765
2074-12-01,mercury,-0.040592,-0.462608
2075-01-01,mercury,0.321818,0.097696
2075-02-01,mercury,-0.392799,-0.04235
2075-03-01,mercury,0.005009,-0.461896
2075-04-01,mercury,0.289029,0.152965
2075-05-01,mercury,-0.394742,-0.069819
2075-06-01,mercury,0.094787,-0.443681
2075-07-01,mercury,0.221693,0.224857
2075-08-01,mercury,-0.384726,-0.173
2075-09-01,mercury,0.179721,-0.402997
2075-10-01,mercury,0.103961,0.289478
2075-11-01,mercury,-0.350163,-0.265292
2075-12-01,mercury,0.237344,-0.357823
2076-01-01,mercury,-0.03042,0.307407
2076-02-01,mercury,-0.295746,-0.342649
2076-03-01,mercury,0.28696,-0.300662
2076-04-01,mercury,-0.129545,0.288565
2076-05-01,mercury,-0.262242,-0.375058
2076-06-01,mercury,0.335971,-0.207712
2076-07-01,mercury,-0.217992,0.245575
2076-08-01,mercury,-0.186369,-0.425045
2076-09-01,mercury,0.359313,-0.099143
2076-10-01,mercury,-0.310111,0.160968
2076-11-01,mercury,-0.101542,-0.454671
2076-12-01,mercury,0.355702,-0.011254
2077-01-01,mercury,-0.368487,0.058387
2077-02-01,mercury,-0.011923,-0.462821
2077-03-01,mercury,0.341614,0.048268
2077-04-01,mercury,-0.385093,0.003945
2077-05-01,mercury,0.011253,-0.461363
2077-06-01,mercury,0.283754,0.16016
2077-07-01,mercury,-0.394939,-0.077169
2077-08-01,mercury,0.100843,-0.441602
2077-09-01,mercury,0.187351,0.249779
2077-10-01,mercury,-0.383081,-0.179765
2077-11-01,mercury,0.185258,-0.399383
2077-12-01,mercury,0.095008,0.292294
2078-01-01,mercury,-0.346999,-0.271146
2078-02-01,mercury,0.259378,-0.335159
2078-03-01,mercury,0.027697,0.305861
2078-04-01,mercury,-0.32113,-0.311631
2078-05-01,mercury,0.275997,-0.315349
2078-06-01,mercury,-0.106606,0.295427
2078-07-01,mercury,-0.274563,-0.36407
2078-08-01,mercury,0.328875,-0.225681
2078-09-01,mercury,-0.225319,0.240635
2078-10-01,mercury,-0.200741,-0.417545
2078-11-01,mercury,0.357343,-0.119512
2078-12-01,mercury,-0.295992,0.177881
2079-01-01,mercury,-0.117223,-0.450913
2079-02-01,mercury,0.354365,-0.003135
2079-03-01,mercury,-0.332804,0.129006
2079-04-01,mercury,-0.072784,-0.459713
2079-05-01,mercury,0.347773,0.027121
2079-06-01,mercury,-0.380119,0.023419
2079-07-01,mercury,-0.005004,-0.462543
2079-08-01,mercury,0.297123,0.141185
2079-09-01,mercury,-0.394984,-0.084452
2079-10-01,mercury,0.085019,-0.446809
2079-11-01,mercury,0.207232,0.236098
2079-12-01,mercury,-0.387118,-0.162024
2080-01-01,mercury,0.170722,-0.408607
2080-02-01,mercury,0.086067,0.294868
2080-03-01,mercury,-0.365079,-0.233716
2080-04-01,mercury,0.229311,-0.365253
2080-05-01,mercury,0.018427,0.306726
2080-06-01,mercury,-0.317256,-0.316806
2080-07-01,mercury,0.280265,-0.309816
2080-08-01,mercury,-0.115408,0.292979
2080-09-01,mercury,-0.252491,-0.383078
2080-10-01,mercury,0.33169,-0.218886
2080-11-01,mercury,-0.232475,0.235571
2080-12-01,mercury,-0.195274,-0.420487
2081-01-01,mercury,0.358228,-0.111781
2081-02-01,mercury,-0.320126,0.147666
2081-03-01,mercury,-0.153848,-0.439191
2081-04-01,mercury,0.35993,-0.053599
2081-05-01,mercury,-0.337125,0.122065
2081-06-01,mercury,-0.066645,-0.460482
2081-07-01,mercury,0.345578,0.035215
2081-08-01,mercury,-0.382133,0.015992
2081-09-01,mercury,0.023697,-0.459979
2081-10-01,mercury,0.292171,0.148516
2081-11-01,mercury,-0.394907,-0.091709
2081-12-01,mercury,0.091092,-0.444902
2082-01-01,mercury,0.199757,0.241471
2082-02-01,mercury,-0.379446,-0.193064
2082-03-01,mercury,0.134917,-0.427683
2082-04-01,mercury,0.140744,0.275127
2082-05-01,mercury,-0.371515,-0.217264
2082-06-01,mercury,0.215935,-0.376715
2082-07-01,mercury,0.04273,0.303959
2082-08-01,mercury,-0.327204,-0.303076
2082-09-01,mercury,0.284459,-0.304162
2082-10-01,mercury,-0.092152,0.298954
2082-11-01,mercury,-0.265147,-0.372545
2082-12-01,mercury,0.324099,-0.236509
2083-01-01,mercury,-0.213412,0.24853
2083-02-01,mercury,-0.189747,-0.423348
2083-03-01,mercury,0.343371,-0.185649
2083-04-01,mercury,-0.264526,0.209652
2083-05-01,mercury,-0.168832,-0.433137
2083-06-01,mercury,0.360307,-0.07452
2083-07-01,mercury,-0.325458,0.140093
2083-08-01,mercury,-0.082633,-0.458252
2083-09-01,mercury,0.343185,0.043308
2083-10-01,mercury,-0.376534,0.035387
2083-11-01,mercury,0.007464,-0.461708
2083-12-01,mercury,0.304712,0.129187
2084-01-01,mercury,-0.394821,-0.072687
2084-02-01,mercury,0.097169,-0.44289
2084-03-01,mercury,0.24372,0.205352
2084-04-01,mercury,-0.389209,-0.150929
2084-05-01,mercury,0.140781,-0.424893
2084-06-01,mercury,0.132212,0.278867
2084-07-01,mercury,-0.369128,-0.223621
2084-08-01,mercury,0.22111,-0.372412
2084-09-01,mercury,-0.000269,0.307744
2084-10-01,mercury,-0.323453,-0.308404
2084-11-01,mercury,0.288558,-0.298439
2084-12-01,mercury,-0.101101,0.296837
2085-01-01,mercury,-0.260339,-0.376658
2085-02-01,mercury,0.336979,-0.205021
2085-03-01,mercury,-0.16431,0.274984
2085-04-01,mercury,-0.22333,-0.404035
2085-05-01,mercury,0.345492,-0.178436
2085-06-01,mercury,-0.270837,0.203831
2085-07-01,mercury,-0.163113,-0.435535
2085-08-01,mercury,0.360308,-0.066561
2085-09-01,mercury,-0.345306,0.107971
2085-10-01,mercury,-0.076519,-0.459188
2085-11-01,mercury,0.340633,0.051335
2085-12-01,mercury,-0.378785,0.027995
2086-01-01,mercury,0.013683,-0.461133
2086-02-01,mercury,0.281726,0.16286
2086-03-01,mercury,-0.390791,-0.026649
2086-04-01,mercury,0.059145,-0.453688
2086-05-01,mercury,0.260285,0.188424
2086-06-01,mercury,-0.39193,-0.132654
2086-07-01,mercury,0.125429,-0.431963
2086-08-01,mercury,0.154348,0.268622
2086-09-01,mercury,-0.366637,-0.229895
2086-10-01,mercury,0.207483,-0.383453
2086-11-01,mercury,0.024187,0.306215
2086-12-01,mercury,-0.333058,-0.294316
2087-01-01,mercury,0.277674,-0.313224
2087-02-01,mercury,-0.10997,0.294514
2087-03-01,mercury,-0.304674,-0.332468
2087-04-01,mercury,0.306671,-0.270124
2087-05-01,mercury,-0.142364,0.284007
2087-06-01,mercury,-0.23686,-0.394839
2087-07-01,mercury,0.3397,-0.197195
2087-08-01,mercury,-0.253924,0.218848
2087-09-01,mercury,-0.15737,-0.437834
2087-10-01,mercury,0.360001,-0.087359
2087-11-01,mercury,-0.334473,0.126336
2087-12-01,mercury,-0.092437,-0.456522
2088-01-01,mercury,0.346959,0.03024
2088-02-01,mercury,-0.380905,0.020537
2088-03-01,mercury,-0.025037,-0.463006
2088-04-01,mercury,0.311825,0.11696
2088-05-01,mercury,-0.391813,-0.0341
2088-06-01,mercury,0.065313,-0.452226
2088-07-01,mercury,0.254078,0.195023
2088-08-01,mercury,-0.390987,-0.139691
2088-09-01,mercury,0.152377,-0.418999
2088-10-01,mercury,0.145954,0.272718
2088-11-01,mercury,-0.36405,-0.236135
2088-12-01,mercury,0.21275,-0.379307
2089-01-01,mercury,0.014819,0.30699
2089-02-01,mercury,-0.315706,-0.318825
2089-03-01,mercury,0.249492,-0.345816
2089-04-01,mercury,-0.053554,0.30546
2089-05-01,mercury,-0.300464,-0.337357
2089-06-01,mercury,0.310236,-0.263865
2089-07-01,mercury,-0.150864,0.280699
2089-08-01,mercury,-0.231708,-0.398446
2089-09-01,mercury,0.349333,-0.163751
2089-10-01,mercury,-0.260525,0.213191
2089-11-01,mercury,-0.151577,-0.440043
2089-12-01,mercury,0.360252,-0.079424
2090-01-01,mercury,-0.33875,0.119346
2090-02-01,mercury,-0.064238,-0.460765
2090-03-01,mercury,0.357029,-0.020353
2090-04-01,mercury,-0.36519,0.066591
2090-05-01,mercury,-0.041247,-0.46259
2090-06-01,mercury,0.322285,0.096767
2090-07-01,mercury,-0.38884,-0.014665
2090-08-01,mercury,0.049214,-0.455817
2090-09-01,mercury,0.247744,0.201442
2090-10-01,mercury,-0.393184,-0.121256
2090-11-01,mercury,0.137215,-0.426624
2090-12-01,mercury,0.167605,0.261599
2091-01-01,mercury,-0.370584,-0.219727
2091-02-01,mercury,0.217962,-0.375076
2091-03-01,mercury,0.105076,0.289107
2091-04-01,mercury,-0.350479,-0.264634
2091-05-01,mercury,0.236813,-0.358377
2091-06-01,mercury,-0.029255,0.307453
2091-07-01,mercury,-0.311269,-0.324458
2091-08-01,mercury,0.300734,-0.280031
2091-09-01,mercury,-0.159191,0.277226
2091-10-01,mercury,-0.245007,-0.388863
2091-11-01,mercury,0.344223,-0.182897
2091-12-01,mercury,-0.242939,0.227696
2092-01-01,mercury,-0.166603,-0.43408
2092-02-01,mercury,0.36035,-0.071492
2092-03-01,mercury,-0.309434,0.161769
2092-04-01,mercury,-0.102185,-0.45453
2092-05-01,mercury,0.355895,-0.012257
2092-06-01,mercury,-0.368102,0.059273
2092-07-01,mercury,-0.03504,-0.462833
2092-08-01,mercury,0.318457,0.104523
2092-09-01,mercury,-0.3934,-0.048906
2092-10-01,mercury,0.055392,-0.454527
2092-11-01,mercury,0.241226,0.207738
2092-12-01,mercury,-0.392437,-0.128329
2093-01-01,mercury,0.143051,-0.423793
2093-02-01,mercury,0.128953,0.280233
2093-03-01,mercury,-0.383239,-0.178976
2093-04-01,mercury,0.184662,-0.399817
2093-05-01,mercury,0.09616,0.291949
2093-06-01,mercury,-0.347328,-0.270474
2093-07-01,mercury,0.24173,-0.353649
2093-08-01,mercury,-0.038567,0.306878
2093-09-01,mercury,-0.291839,-0.346832
2093-10-01,mercury,0.304461,-0.273905
2093-11-01,mercury,-0.167476,0.273542
2093-12-01,mercury,-0.23995,-0.392606
2094-01-01,mercury,0.346293,-0.175606
2094-02-01,mercury,-0.273238,0.201542
2094-03-01,mercury,-0.201328,-0.417206
2094-04-01,mercury,0.35726,-0.120427
2094-05-01,mercury,-0.295296,0.178633
2094-06-01,mercury,-0.117865,-0.45074
2094-07-01,mercury,0.358525,-0.033439
2094-08-01,mercury,-0.360113,0.078371
2094-09-01,mercury,-0.028825,-0.462976
2094-10-01,mercury,0.328088,0.084116
2094-11-01,mercury,-0.391195,-0.029561
2094-12-01,mercury,0.039254,-0.457663
2095-01-01,mercury,0.257911,0.190995
2095-02-01,mercury,-0.391566,-0.135403
2095-03-01,mercury,0.08437,-0.447021
2095-04-01,mercury,0.208126,0.235447
2095-05-01,mercury,-0.387249,-0.161252
2095-06-01,mercury,0.170115,-0.408998
2095-07-01,mercury,0.119283,0.284054
2095-08-01,mercury,-0.355344,-0.255084
2095-09-01,mercury,0.246571,-0.348831
2095-10-01,mercury,-0.014215,0.307884
2095-11-01,mercury,-0.303031,-0.334385
2095-12-01,mercury,0.294549,-0.289686
2096-01-01,mercury,-0.145643,0.282748
2096-02-01,mercury,-0.234845,-0.39626
2096-03-01,mercury,0.331404,-0.219683
2096-04-01,mercury,-0.231612,0.236169
2096-05-01,mercury,-0.195851,-0.420173
2096-06-01,mercury,0.358166,-0.112703
2096-07-01,mercury,-0.300818,0.172262
2096-08-01,mercury,-0.111875,-0.452275
2096-09-01,mercury,0.353074,0.003993
2096-10-01,mercury,-0.363283,0.071102
2096-11-01,mercury,-0.022613,-0.463015
2096-12-01,mercury,0.324576,0.091941
2097-01-01,mercury,-0.392145,-0.036962
2097-02-01,mercury,0.067709,-0.451643
2097-03-01,mercury,0.292814,0.147618
2097-04-01,mercury,-0.394888,-0.090879
2097-05-01,mercury,0.090442,-0.445138
2097-06-01,mercury,0.200722,0.240807
2097-07-01,mercury,-0.3858,-0.168066
2097-08-01,mercury,0.175721,-0.405581
2097-09-01,mercury,0.078161,0.296934
2097-10-01,mercury,-0.352343,-0.261022
2097-11-01,mercury,0.251344,-0.343924
2097-12-01,mercury,-0.023493,0.307687
2098-01-01,mercury,-0.298799,-0.33921
2098-02-01,mercury,0.3116,-0.261447
2098-03-01,mercury,-0.091,0.299195
2098-04-01,mercury,-0.265653,-0.372075
2098-05-01,mercury,0.323776,-0.237306
2098-06-01,mercury,-0.212454,0.249112
2098-07-01,mercury,-0.21004,-0.41223
2098-08-01,mercury,0.355512,-0.132854
2098-09-01,mercury,-0.306194,0.165793
2098-10-01,mercury,-0.127447,-0.448059
2098-11-01,mercury,0.356632,-0.017254
2098-12-01,mercury,-0.354599,0.090089
2099-01-01,mercury,-0.038817,-0.4627
2099-02-01,mercury,0.320849,0.099754
2099-03-01,mercury,-0.376216,0.036271
2099-04-01,mercury,0.0068,-0.461771
2099-05-01,mercury,0.305292,0.128274
2099-06-01,mercury,-0.394762,-0.071829
2099-07-01,mercury,0.074537,-0.449849
2099-08-01,mercury,0.219852,0.226379
2099-09-01,mercury,-0.38424,-0.174853
2099-10-01,mercury,0.160991,-0.414312
2099-11-01,mercury,0.10166,0.290228
2099-12-01,mercury,-0.359958,-0.245342
2100-01-01,mercury,0.238741,-0.356557
2100-02-01,mercury,-0.032846,0.307254
2100-03-01,mercury,-0.336946,-0.288179
2100-04-01,mercury,0.272883,-0.319335
2100-05-01,mercury,-0.067276,0.303614
2100-06-01,mercury,-0.277862,-0.360918
2100-07-01,mercury,0.315396,-0.254348
2100-08-01,mercury,-0.192432,0.260949
2100-09-01,mercury,-0.20463,-0.415355
2100-10-01,mercury,0.351873,-0.152607
2100-11-01,mercury,-0.291792,0.182513
2100-12-01,mercury,-0.142819,-0.443164
1900-01-01,venus,0.699854,-0.193679
1900-02-01,venus,0.600326,0.403517
1900-03-01,venus,0.139026,0.706759
1900-04-01,venus,-0.452386,0.557074
1900-05-01,venus,-0.718171,0.027533
1900-06-01,venus,-0.486867,-0.535214
1900-07-01,venus,0.06822,-0.723971
1900-08-01,venus,0.591204,-0.423186
1900-09-01,venus,0.704209,0.170744
1900-10-01,venus,0.342774,0.634909
1900-11-01,venus,-0.265561,0.667376
1900-12-01,venus,-0.676318,0.240306
1901-01-01,venus,-0.621422,-0.366923
1901-02-01,venus,-0.12587,-0.715369
1901-03-01,venus,0.410205,-0.600862
1901-04-01,venus,0.720976,-0.083096
1901-05-01,venus,0.543394,0.47679
1901-06-01,venus,-0.014235,0.719351
1901-07-01,venus,-0.547956,0.463105
1901-08-01,venus,-0.708497,-0.126146
1901-09-01,venus,-0.364155,-0.626577
1901-10-01,venus,0.217623,-0.694174
1901-11-01,venus,0.666037,-0.290341
1901-12-01,venus,0.660573,0.296309
1902-01-01,venus,0.20023,0.692299
1902-02-01,venus,-0.401743,0.594795
1902-03-01,venus,-0.706215,0.1305
1902-04-01,venus,-0.557292,-0.460077
1902-05-01,venus,-0.034193,-0.72602
1902-06-01,venus,0.526064,-0.502222
1902-07-01,venus,0.723457,0.049442
1902-08-01,venus,0.430073,0.580003
1902-09-01,venus,-0.166962,0.69903
1902-10-01,venus,-0.634442,0.335139
1902-11-01,venus,-0.666669,-0.274176
1902-12-01,venus,-0.244261,-0.683346
1903-01-01,venus,0.357278,-0.633828
1903-02-01,venus,0.711387,-0.144858
1903-03-01,venus,0.606028,0.395015
1903-04-01,venus,0.08907,0.714481
1903-05-01,venus,-0.47553,0.537335
1903-06-01,venus,-0.718598,-0.02317
1903-07-01,venus,-0.464269,-0.555259
1903-08-01,venus,0.117953,-0.717699
1903-09-01,venus,0.618844,-0.381353
1903-10-01,venus,0.696353,0.199861
1903-11-01,venus,0.297383,0.657093
1903-12-01,venus,-0.293524,0.655448
1904-01-01,venus,-0.691769,0.191996
1904-02-01,venus,-0.594659,-0.409639
1904-03-01,venus,-0.116125,-0.71706
1904-04-01,venus,0.46607,-0.558509
1904-05-01,venus,0.724762,-0.033016
1904-06-01,venus,0.493993,0.527291
1904-07-01,venus,-0.064825,0.716319
1904-08-01,venus,-0.591126,0.406599
1904-09-01,venus,-0.693187,-0.195292
1904-10-01,venus,-0.320091,-0.650601
1904-11-01,venus,0.283432,-0.670058
1904-12-01,venus,0.684291,-0.243633
1905-01-01,venus,0.628293,0.35901
1905-02-01,venus,0.131201,0.708239
1905-03-01,venus,-0.410053,0.589084
1905-04-01,venus,-0.715984,0.060149
1905-05-01,venus,-0.52417,-0.498076
1905-06-01,venus,0.036027,-0.726185
1905-07-01,venus,0.559341,-0.464717
1905-08-01,venus,0.714965,0.11933
1905-09-01,venus,0.371118,0.618962
1905-10-01,venus,-0.215723,0.685323
1905-11-01,venus,-0.664595,0.270791
1905-12-01,venus,-0.64617,-0.320365
1906-01-01,venus,-0.177066,-0.704169
1906-02-01,venus,0.416681,-0.596405
1906-03-01,venus,0.713305,-0.135022
1906-04-01,venus,0.564393,0.451988
1906-05-01,venus,0.038666,0.718717
1906-06-01,venus,-0.526296,0.48759
1906-07-01,venus,-0.715486,-0.073723
1906-08-01,venus,-0.40838,-0.598215
1906-09-01,venus,0.186607,-0.703112
1906-10-01,venus,0.643541,-0.33768
1906-11-01,venus,0.673323,0.266485
1906-12-01,venus,0.250501,0.676052
1907-01-01,venus,-0.356791,0.622993
1907-02-01,venus,-0.707661,0.122705
1907-03-01,venus,-0.589012,-0.417911
1907-04-01,venus,-0.066444,-0.723607
1907-05-01,venus,0.488637,-0.538795
1907-06-01,venus,0.725071,0.017179
1907-07-01,venus,0.471373,0.547363
1907-08-01,venus,-0.115119,0.709705
1907-09-01,venus,-0.618482,0.363739
1907-10-01,venus,-0.684599,-0.224394
1907-11-01,venus,-0.274455,-0.671532
1907-12-01,venus,0.310775,-0.657835
1908-01-01,venus,0.699263,-0.195806
1908-02-01,venus,0.601575,0.401686
1908-03-01,venus,0.121271,0.709932
1908-04-01,venus,-0.466261,0.545476
1908-05-01,venus,-0.71874,0.009499
1908-06-01,venus,-0.473559,-0.54722
1908-07-01,venus,0.085971,-0.722122
1908-08-01,venus,0.601375,-0.408491
1908-09-01,venus,0.699682,0.188106
1908-10-01,venus,0.326775,0.643188
1908-11-01,venus,-0.282252,0.660423
1908-12-01,venus,-0.68221,0.223216
1909-01-01,venus,-0.612226,-0.382362
1909-02-01,venus,-0.108258,-0.718336
1909-03-01,venus,0.424805,-0.590597
1909-04-01,venus,0.722721,-0.065273
1909-05-01,venus,0.531296,0.490097
1909-06-01,venus,-0.032285,0.718683
1909-07-01,venus,-0.559465,0.449137
1909-08-01,venus,-0.705244,-0.143877
1909-09-01,venus,-0.34864,-0.635494
1909-10-01,venus,0.234583,-0.688645
1909-11-01,venus,0.67291,-0.273836
1909-12-01,venus,0.652933,0.31256
1910-01-01,venus,0.182812,0.697001
1910-02-01,venus,-0.416597,0.584446
1910-03-01,venus,-0.709364,0.112702
1910-04-01,venus,-0.545814,-0.473875
1910-05-01,venus,-0.016361,-0.726712
1910-06-01,venus,0.538195,-0.489128
1910-07-01,venus,0.72192,0.067299
1910-08-01,venus,0.415411,0.590465
1910-09-01,venus,-0.184488,0.694534
1910-10-01,venus,-0.642736,0.319044
1910-11-01,venus,-0.659757,-0.2908
1910-12-01,venus,-0.227395,-0.689262
1911-01-01,venus,0.3727,-0.62487
1911-02-01,venus,0.714659,-0.127266
1911-03-01,venus,0.595941,0.409892
1911-04-01,venus,0.071105,0.71639
1911-05-01,venus,-0.488936,0.525143
1911-06-01,venus,-0.717915,-0.041225
1911-07-01,venus,-0.450467,-0.566708
1911-08-01,venus,0.135528,-0.714628
1911-09-01,venus,0.627975,-0.366001
1911-10-01,venus,0.691101,0.217014
1911-11-01,venus,0.28082,0.664221
1911-12-01,venus,-0.309931,0.647779
1912-01-01,venus,-0.696466,0.174507
1912-02-01,venus,-0.584404,-0.424419
1912-03-01,venus,-0.098462,-0.719789
1912-04-01,venus,0.479613,-0.546882
1912-05-01,venus,0.725275,-0.015117
1912-06-01,venus,0.480641,0.53935
1912-07-01,venus,-0.082803,0.714365
1912-08-01,venus,-0.601221,0.391543
1912-09-01,venus,-0.688219,-0.212645
1912-10-01,venus,-0.303977,-0.658431
1912-11-01,venus,0.299787,-0.662908
1912-12-01,venus,0.690015,-0.226693
1913-01-01,venus,0.619111,0.374442
1913-02-01,venus,0.113392,0.711198
1913-03-01,venus,-0.424766,0.578503
1913-04-01,venus,-0.717375,0.042101
1913-05-01,venus,-0.511745,-0.511066
1913-06-01,venus,0.053862,-0.725143
1913-07-01,venus,0.570546,-0.450811
1913-08-01,venus,0.711713,0.136952
1913-09-01,venus,0.355506,0.627939
1913-10-01,venus,-0.232893,0.679589
1913-11-01,venus,-0.671265,0.253935
1913-12-01,venus,-0.638103,-0.336491
1914-01-01,venus,-0.159681,-0.708428
1914-02-01,venus,0.43118,-0.585986
1914-03-01,venus,0.71634,-0.117391
1914-04-01,venus,0.552916,0.46581
1914-05-01,venus,0.020618,0.719358
1914-06-01,venus,-0.538431,0.474124
1914-07-01,venus,-0.713527,-0.091699
1914-08-01,venus,-0.393513,-0.608277
1914-09-01,venus,0.203826,-0.698351
1914-10-01,venus,0.651597,-0.321723
1914-11-01,venus,0.666435,0.283047
1914-12-01,venus,0.233495,0.682006
1915-01-01,venus,-0.372355,0.613747
1915-02-01,venus,-0.710604,0.104842
1915-03-01,venus,-0.578535,-0.432555
1915-04-01,venus,-0.048614,-0.725109
1915-05-01,venus,0.501706,-0.526607
1915-06-01,venus,0.724346,0.035079
1915-07-01,venus,0.457542,0.558854
1915-08-01,venus,-0.1329,0.706504
1915-09-01,venus,-0.62748,0.348022
1915-10-01,venus,-0.678892,-0.241512
1915-11-01,venus,-0.257824,-0.678218
1915-12-01,venus,0.326843,-0.65001
1916-01-01,venus,0.703812,-0.178495
1916-02-01,venus,0.591345,0.416445
1916-03-01,venus,0.103446,0.712651
1916-04-01,venus,-0.47985,0.53352
1916-05-01,venus,-0.718851,-0.008578
1916-06-01,venus,-0.45992,-0.558912
1916-07-01,venus,0.103706,-0.719839
1916-08-01,venus,0.611202,-0.39355
1916-09-01,venus,0.694735,0.205343
1916-10-01,venus,0.310584,0.651052
1916-11-01,venus,-0.298757,0.65305
1916-12-01,venus,-0.687672,0.205967
1917-01-01,venus,-0.602621,-0.397589
1917-02-01,venus,-0.09054,-0.720866
1917-03-01,venus,0.439176,-0.57997
1917-04-01,venus,0.724044,-0.047411
1917-05-01,venus,0.518885,0.50309
1917-06-01,venus,-0.050293,0.717556
1917-07-01,venus,-0.570612,0.434887
1917-08-01,venus,-0.70154,-0.161534
1917-09-01,venus,-0.332874,-0.644027
1917-10-01,venus,0.251431,-0.682687
1917-11-01,venus,0.679397,-0.257156
1917-12-01,venus,0.644912,0.328619
1918-01-01,venus,0.165305,0.701261
1918-02-01,venus,-0.431162,0.573737
1918-03-01,venus,-0.71206,0.094839
1918-04-01,venus,-0.533981,-0.487386
1918-05-01,venus,0.001512,-0.726949
1918-06-01,venus,0.55002,-0.47572
1918-07-01,venus,0.719962,0.085122
1918-08-01,venus,0.400515,0.600562
1918-09-01,venus,-0.201865,0.689607
1918-10-01,venus,-0.650605,0.302768
1918-11-01,venus,-0.652429,-0.307233
1918-12-01,venus,-0.210371,-0.694749
1919-01-01,venus,0.387913,-0.615513
1919-02-01,venus,0.717508,-0.109582
1919-03-01,venus,0.585507,0.424525
1919-04-01,venus,0.053125,0.717859
1919-05-01,venus,-0.502002,0.512642
1919-06-01,venus,-0.716774,-0.059224
1919-07-01,venus,-0.436387,-0.577795
1919-08-01,venus,0.153031,-0.711108
1919-09-01,venus,0.63673,-0.350407
1919-10-01,venus,0.685437,0.234045
1919-11-01,venus,0.264106,0.670949
1919-12-01,venus,-0.326113,0.639723
1920-01-01,venus,-0.700707,0.156948
1920-02-01,venus,-0.573795,-0.438906
1920-03-01,venus,-0.080743,-0.722067
1920-04-01,venus,0.492867,-0.534907
1920-05-01,venus,0.725345,0.002806
1920-06-01,venus,0.467004,0.55109
1920-07-01,venus,-0.100707,0.711984
1920-08-01,venus,-0.610916,0.376276
1920-09-01,venus,-0.682824,-0.229821
1920-10-01,venus,-0.287694,-0.665836
1920-11-01,venus,0.315953,-0.655348
1920-12-01,venus,0.695314,-0.2096
1921-01-01,venus,0.609545,0.389657
1921-02-01,venus,0.095523,0.713731
1921-03-01,venus,-0.439198,0.567588
1921-04-01,venus,-0.71831,0.024072
1921-05-01,venus,-0.499024,-0.523702
1921-06-01,venus,0.071642,-0.723652
1921-07-01,venus,0.581399,-0.436626
1921-08-01,venus,0.708014,0.154504
1921-09-01,venus,0.339667,0.636536
1921-10-01,venus,-0.249912,0.673451
1921-11-01,venus,-0.677511,0.236956
1921-12-01,venus,-0.629654,-0.352364
1922-01-01,venus,-0.142232,-0.712234
1922-02-01,venus,0.4454,-0.575214
1922-03-01,venus,0.71893,-0.099682
1922-04-01,venus,0.541082,0.479354
1922-05-01,venus,0.002549,0.719558
1922-06-01,venus,-0.550232,0.460382
1922-07-01,venus,-0.711134,-0.109585
1922-08-01,venus,-0.378434,-0.617932
1922-09-01,venus,0.220889,-0.693164
1922-10-01,venus,0.659248,-0.305574
1922-11-01,venus,0.659124,0.299443
1922-12-01,venus,0.216322,0.687538
1923-01-01,venus,-0.387699,0.604123
1923-02-01,venus,-0.713116,0.086933
1923-03-01,venus,-0.567722,-0.446905
1923-04-01,venus,-0.03079,-0.726155
1923-05-01,venus,0.514449,-0.514109
1923-06-01,venus,0.723173,0.052958
1923-07-01,venus,0.443405,0.570005
1923-08-01,venus,-0.150621,0.702854
1923-09-01,venus,-0.6361,0.332086
1923-10-01,venus,-0.672782,-0.258471
1923-11-01,venus,-0.241064,-0.684475
1923-12-01,venus,0.34268,-0.641794
1924-01-01,venus,0.707923,-0.161085
1924-02-01,venus,0.580736,0.430955
1924-03-01,venus,0.085526,0.714918
1924-04-01,venus,-0.493158,0.521212
1924-05-01,venus,-0.718527,-0.026659
1924-06-01,venus,-0.446018,-0.57026
1924-07-01,venus,0.121349,-0.717118
1924-08-01,venus,0.62064,-0.378385
1924-09-01,venus,0.689357,0.222452
1924-10-01,venus,0.294176,0.658512
1924-11-01,venus,-0.315102,0.645242
1924-12-01,venus,-0.692716,0.188562
1925-01-01,venus,-0.592652,-0.412586
1925-02-01,venus,-0.072782,-0.722963
1925-03-01,venus,0.453259,-0.569
1925-04-01,venus,0.724917,-0.029533
1925-05-01,venus,0.506143,0.515774
1925-06-01,venus,-0.068301,0.715966
1925-07-01,venus,-0.581417,0.420325
1925-08-01,venus,-0.6974,-0.179122
1925-09-01,venus,-0.316906,-0.652184
1925-10-01,venus,0.268117,-0.676325
1925-11-01,venus,0.685458,-0.240335
1925-12-01,venus,0.636489,0.344467
1926-01-01,venus,0.147674,0.705079
1926-02-01,venus,-0.445481,0.562631
1926-03-01,venus,-0.714308,0.076873
1926-04-01,venus,-0.521807,-0.500626
1926-05-01,venus,0.01939,-0.726763
1926-06-01,venus,0.561507,-0.462036
1926-07-01,venus,0.717557,0.102879
1926-08-01,venus,0.385365,0.610281
1926-09-01,venus,-0.219138,0.684229
1926-10-01,venus,-0.658071,0.286257
1926-11-01,venus,-0.644676,-0.323514
1926-12-01,venus,-0.193197,-0.699836
1927-01-01,venus,0.402904,-0.605795
1927-02-01,venus,0.719919,-0.091844
1927-03-01,venus,0.574712,0.438881
1927-04-01,venus,0.035104,0.71887
1927-05-01,venus,-0.514766,0.499788
1927-06-01,venus,-0.715169,-0.077231
1927-07-01,venus,-0.422007,-0.588554
1927-08-01,venus,0.170468,-0.707172
1927-09-01,venus,0.645113,-0.334609
1927-10-01,venus,0.679354,0.250918
1927-11-01,venus,0.247231,0.677245
1927-12-01,venus,-0.342096,0.631251
1928-01-01,venus,-0.704503,0.139253
1928-02-01,venus,-0.562795,-0.453152
1928-03-01,venus,-0.062938,-0.723919
1928-04-01,venus,0.505849,-0.522614
1928-05-01,venus,0.724984,0.02072
1928-06-01,venus,0.453085,0.562471
1928-07-01,venus,-0.118538,0.709147
1928-08-01,venus,-0.620225,0.360754
1928-09-01,venus,-0.676979,-0.246884
1928-10-01,venus,-0.271196,-0.672844
1928-11-01,venus,0.331961,-0.647391
1928-12-01,venus,0.700214,-0.19238
1929-01-01,venus,0.599617,0.404621
1929-02-01,venus,0.077613,0.715804
1929-03-01,venus,-0.453339,0.556311
1929-04-01,venus,-0.718785,0.006013
1929-05-01,venus,-0.485963,-0.536029
1929-06-01,venus,0.089414,-0.721716
1929-07-01,venus,0.591926,-0.42217
1929-08-01,venus,0.703902,0.171961
1929-09-01,venus,0.323638,0.644727
1929-10-01,venus,-0.266748,0.666885
1929-11-01,venus,-0.683317,0.219832
1929-12-01,venus,-0.620797,-0.368027
1930-01-01,venus,-0.124665,-0.715602
1930-02-01,venus,0.459376,-0.564081
1930-03-01,venus,0.721106,-0.081903
1930-04-01,venus,0.528935,0.492602
1930-05-01,venus,-0.015492,0.719304
1930-06-01,venus,-0.561659,0.446364
1930-07-01,venus,-0.708288,-0.127391
1930-08-01,venus,-0.363107,-0.627207
1930-09-01,venus,0.237841,-0.687541
1930-10-01,venus,0.666516,-0.289224
1930-11-01,venus,0.651427,0.315664
1930-12-01,venus,0.199041,0.692644
1931-01-01,venus,-0.402762,0.594131
1931-02-01,venus,-0.715164,0.068996
1931-03-01,venus,-0.556558,-0.460965
1931-04-01,venus,-0.012936,-0.72675
1931-05-01,venus,0.526891,-0.501281
1931-06-01,venus,0.721568,0.070819
1931-07-01,venus,0.429013,0.580812
1931-08-01,venus,-0.168217,0.698775
1931-09-01,venus,-0.644291,0.315973
1931-10-01,venus,-0.666254,-0.275236
1931-11-01,venus,-0.224162,-0.690305
1931-12-01,venus,0.358317,-0.633175
1932-01-01,venus,0.711605,-0.143559
1932-02-01,venus,0.569778,0.445209
1932-03-01,venus,0.067574,0.716753
1932-04-01,venus,-0.506127,0.508603
1932-05-01,venus,-0.717745,-0.044678
1932-06-01,venus,-0.431858,-0.581232
1932-07-01,venus,0.138912,-0.713956
1932-08-01,venus,0.629699,-0.362974
1932-09-01,venus,0.683552,0.239437
1932-10-01,venus,0.277593,0.665575
1932-11-01,venus,-0.331231,0.637052
1932-12-01,venus,-0.69731,0.17108
1933-01-01,venus,-0.582333,-0.427286
1933-02-01,venus,-0.055003,-0.724611
1933-03-01,venus,0.467062,-0.557682
1933-04-01,venus,0.725339,-0.011623
1933-05-01,venus,0.49308,0.528148
1933-06-01,venus,-0.08626,0.713943
1933-07-01,venus,-0.591847,0.405531
1933-08-01,venus,-0.692832,-0.196553
1933-09-01,venus,-0.300775,-0.659916
1933-10-01,venus,0.284621,-0.669556
1933-11-01,venus,0.691095,-0.223361
1933-12-01,venus,0.627659,0.360112
1934-01-01,venus,0.129943,0.708464
1934-02-01,venus,-0.459519,0.551193
1934-03-01,venus,-0.716115,0.058892
1934-04-01,venus,-0.509336,-0.513522
1934-05-01,venus,0.037222,-0.726127
1934-06-01,venus,0.572642,-0.448078
1934-07-01,venus,0.714702,0.120581
1934-08-01,venus,0.369954,0.619623
1934-09-01,venus,-0.236285,0.678426
1934-10-01,venus,-0.665135,0.269585
1934-11-01,venus,-0.636544,-0.339567
1934-12-01,venus,-0.175942,-0.704478
1935-01-01,venus,0.417624,-0.595719
1935-02-01,venus,0.721883,-0.07405
1935-03-01,venus,0.56354,0.452973
1935-04-01,venus,0.017037,0.719424
1935-05-01,venus,-0.527221,0.48662
1935-06-01,venus,-0.713137,-0.095178
1935-07-01,venus,-0.407395,-0.598936
1935-08-01,venus,0.187768,-0.702806
1935-09-01,venus,0.653089,-0.318619
1935-10-01,venus,0.672843,0.267641
1935-11-01,venus,0.230173,0.683115
1935-12-01,venus,-0.357886,0.622366
1936-01-01,venus,-0.707875,0.121464
1936-02-01,venus,-0.55147,-0.467118
1936-03-01,venus,-0.045123,-0.725327
1936-04-01,venus,0.518499,-0.510015
1936-05-01,venus,0.724172,0.038615
1936-06-01,venus,0.438865,0.573505
1936-07-01,venus,-0.136325,0.705845
1936-08-01,venus,-0.629162,0.34498
1936-09-01,venus,-0.67073,-0.26381
1936-10-01,venus,-0.254547,-0.679451
1936-11-01,venus,0.347745,-0.639049
1936-12-01,venus,0.704672,-0.175057
1937-01-01,venus,0.589309,0.419334
1937-02-01,venus,0.059625,0.717418
1937-03-01,venus,-0.467218,0.544651
1937-04-01,venus,-0.718819,-0.012082
1937-05-01,venus,-0.472609,-0.54805
1937-06-01,venus,0.107122,-0.719355
1937-07-01,venus,0.602078,-0.40747
1937-08-01,venus,0.69935,0.189302
1937-09-01,venus,0.30739,0.652513
1937-10-01,venus,-0.283443,0.659875
1937-11-01,venus,-0.688702,0.202527
1937-12-01,venus,-0.611553,-0.383497
1938-01-01,venus,-0.107016,-0.718557
1938-02-01,venus,0.473069,-0.552617
1938-03-01,venus,0.72283,-0.064089
1938-04-01,venus,0.516453,0.505536
1938-05-01,venus,-0.033545,0.718587
1938-06-01,venus,-0.572748,0.432024
1938-07-01,venus,-0.70499,-0.145161
1938-08-01,venus,-0.347539,-0.636128
1938-09-01,venus,0.254661,-0.681518
1938-10-01,venus,0.673375,-0.272709
1938-11-01,venus,0.643324,0.331675
1938-12-01,venus,0.181629,0.697308
1939-01-01,venus,-0.41759,0.58374
1939-02-01,venus,-0.716759,0.050971
1939-03-01,venus,-0.545024,-0.474778
1939-04-01,venus,0.004953,-0.726924
1939-05-01,venus,0.539029,-0.488158
1939-06-01,venus,0.719519,0.088624
1939-07-01,venus,0.414356,0.591241
1939-08-01,venus,-0.185712,0.694244
1939-09-01,venus,-0.652083,0.299628
1939-10-01,venus,-0.659288,-0.291869
1939-11-01,venus,-0.207087,-0.695732
1939-12-01,venus,0.373764,-0.624182
1940-01-01,venus,0.714864,-0.125951
1940-02-01,venus,0.558472,0.459171
1940-03-01,venus,0.049589,0.718125
1940-04-01,venus,-0.51878,0.49566
1940-05-01,venus,-0.716503,-0.062703
1940-06-01,venus,-0.417395,-0.591869
1940-07-01,venus,0.156426,-0.710365
1940-08-01,venus,0.6384,-0.347344
1940-09-01,venus,0.677337,0.256266
1940-10-01,venus,0.260851,0.672205
1940-11-01,venus,-0.347138,0.628457
1940-12-01,venus,-0.701463,0.153477
1941-01-01,venus,-0.571626,-0.441744
1941-02-01,venus,-0.037153,-0.725817
1941-03-01,venus,0.480609,-0.54602
1941-04-01,venus,0.725336,0.006294
1941-05-01,venus,0.479727,0.540183
1941-06-01,venus,-0.10414,0.711465
1941-07-01,venus,-0.601892,0.390485
1941-08-01,venus,-0.687823,-0.213872
1941-09-01,venus,-0.284428,-0.667248
1941-10-01,venus,0.30098,-0.662367
1941-11-01,venus,0.696332,-0.206242
1941-12-01,venus,0.618461,0.375536
1942-01-01,venus,0.112157,0.711399
1942-02-01,venus,-0.473241,0.539418
1942-03-01,venus,-0.717466,0.040886
1942-04-01,venus,-0.496539,-0.526105
1942-05-01,venus,0.055058,-0.725039
1942-06-01,venus,0.583445,-0.433829
1942-07-01,venus,0.711425,0.138217
1942-08-01,venus,0.354337,0.628581
1942-09-01,venus,-0.253248,0.672204
1942-10-01,venus,-0.671761,0.252769
1942-11-01,venus,-0.628017,-0.355397
1942-12-01,venus,-0.158566,-0.708684
1943-01-01,venus,0.432105,-0.58526
1943-02-01,venus,0.723415,-0.056197
1943-03-01,venus,0.552038,0.466793
1943-04-01,venus,-0.001011,0.719538
1943-05-01,venus,-0.539313,0.473172
1943-06-01,venus,-0.710655,-0.113032
1943-07-01,venus,-0.392538,-0.608939
1943-08-01,venus,0.204961,-0.698
1943-09-01,venus,0.660669,-0.302415
1943-10-01,venus,0.665924,0.28421
1943-11-01,venus,0.212992,0.688573
1943-12-01,venus,-0.373422,0.613114
1944-01-01,venus,-0.710789,0.10364
1944-02-01,venus,-0.539817,-0.480767
1944-03-01,venus,-0.027289,-0.726285
1944-04-01,venus,0.530834,-0.497089
1944-05-01,venus,0.72291,0.0565
1944-06-01,venus,0.424379,0.584195
1944-07-01,venus,-0.154008,0.702123
1944-08-01,venus,-0.637686,0.329029
1944-09-01,venus,-0.664071,-0.280528
1944-10-01,venus,-0.237767,-0.685623
1944-11-01,venus,0.363309,-0.630313
1944-12-01,venus,0.708693,-0.157612
1945-01-01,venus,0.578629,0.433797
1945-02-01,venus,0.041606,0.718601
1945-03-01,venus,-0.480793,0.53268
1945-04-01,venus,-0.718404,-0.030125
1945-05-01,venus,-0.45899,-0.559698
1945-06-01,venus,0.12474,-0.716551
1945-07-01,venus,0.611855,-0.392516
1945-08-01,venus,0.694353,0.206537
1945-09-01,venus,0.290942,0.659902
1945-10-01,venus,-0.29996,0.652471
1945-11-01,venus,-0.693659,0.18513
1945-12-01,venus,-0.601948,-0.398689
1946-01-01,venus,-0.089338,-0.721056
1946-02-01,venus,0.486457,-0.540821
1946-03-01,venus,0.724102,-0.046228
1946-04-01,venus,0.503632,0.518163
1946-05-01,venus,-0.051588,0.717428
1946-06-01,venus,-0.583488,0.417434
1946-07-01,venus,-0.701271,-0.162812
1946-08-01,venus,-0.33179,-0.644632
1946-09-01,venus,0.271294,-0.67508
1946-10-01,venus,0.679813,-0.256032
1946-11-01,venus,0.634807,0.347489
1946-12-01,venus,0.16408,0.701536
1947-01-01,venus,-0.432172,0.572987
1947-02-01,venus,-0.717926,0.032927
1947-03-01,venus,-0.533177,-0.488277
1947-04-01,venus,0.022804,-0.726645
1947-05-01,venus,0.550815,-0.474747
1947-06-01,venus,0.717021,0.106375
1947-07-01,venus,0.399417,0.601306
1947-08-01,venus,-0.203116,0.689269
1947-09-01,venus,-0.659486,0.283092
1947-10-01,venus,-0.651933,-0.308319
1947-11-01,venus,-0.189912,-0.700726
1947-12-01,venus,0.388953,-0.614813
1948-01-01,venus,0.717675,-0.108277
1948-02-01,venus,0.546805,0.472853
1948-03-01,venus,0.031541,0.719039
1948-04-01,venus,-0.531129,0.482385
1948-05-01,venus,-0.714831,-0.080703
1948-06-01,venus,-0.402693,-0.602147
1948-07-01,venus,0.17382,-0.706344
1948-08-01,venus,0.646691,-0.331515
1948-09-01,venus,0.670698,0.272934
1948-10-01,venus,0.243921,0.678416
1948-11-01,venus,-0.362856,0.61944
1948-12-01,venus,-0.70519,0.135746
1949-01-01,venus,-0.560574,-0.45595
1949-02-01,venus,-0.019291,-0.72659
1949-03-01,venus,0.493845,-0.534035
1949-04-01,venus,0.72488,0.024195
1949-05-01,venus,0.466066,0.551884
1949-06-01,venus,-0.121985,0.708525
1949-07-01,venus,-0.611576,0.375154
1949-08-01,venus,-0.682385,-0.231093
1949-09-01,venus,-0.267904,-0.674193
1949-10-01,venus,0.317151,-0.654785
1949-11-01,venus,0.701131,-0.189012
1949-12-01,venus,0.608876,0.390718
1950-01-01,venus,0.094282,0.713885
1950-02-01,venus,-0.486688,0.527269
1950-03-01,venus,-0.718366,0.022809
1950-04-01,venus,-0.483419,-0.538394
1950-05-01,venus,0.072871,-0.723526
1950-06-01,venus,0.593891,-0.419327
1950-07-01,venus,0.707706,0.155754
1950-08-01,venus,0.338496,0.637141
1950-09-01,venus,-0.270073,0.665544
1950-10-01,venus,-0.677969,0.23575
1950-11-01,venus,-0.619077,-0.371045
1950-12-01,venus,-0.141067,-0.712478
1951-01-01,venus,0.446338,-0.574456
1951-02-01,venus,0.724504,-0.038321
1951-03-01,venus,0.540196,0.480309
1951-04-01,venus,-0.019063,0.719194
1951-05-01,venus,-0.551078,0.459399
1951-06-01,venus,-0.707712,-0.130859
1951-07-01,venus,-0.377404,-0.618591
1951-08-01,venus,0.222057,-0.69278
1951-09-01,venus,0.667861,-0.286034
1951-10-01,venus,0.658599,0.300591
1951-11-01,venus,0.195686,0.693588
1951-12-01,venus,-0.388727,0.603466
1952-01-01,venus,-0.713252,0.085718
1952-02-01,venus,-0.527794,-0.494145
1952-03-01,venus,-0.009401,-0.726806
1952-04-01,venus,0.542872,-0.483865
1952-05-01,venus,0.72122,0.074345
1952-06-01,venus,0.409643,0.594508
1952-07-01,venus,-0.171581,0.697955
1952-08-01,venus,-0.645807,0.312857
1952-09-01,venus,-0.656975,-0.297097
1952-10-01,venus,-0.2208,-0.69138
1952-11-01,venus,0.378683,-0.62119
1952-12-01,venus,0.712303,-0.140071
1953-01-01,venus,0.567608,0.447985
1953-02-01,venus,0.023584,0.719325
1953-03-01,venus,-0.494051,0.520375
1953-04-01,venus,-0.717531,-0.04816
1953-05-01,venus,-0.445056,-0.571011
1953-06-01,venus,0.142316,-0.713299
1953-07-01,venus,0.621284,-0.377315
1953-08-01,venus,0.688953,0.223648
1953-09-01,venus,0.274337,0.666873
1953-10-01,venus,-0.31626,0.64466
1953-11-01,venus,-0.698169,0.167625
1953-12-01,venus,-0.591957,-0.413637
1954-01-01,venus,-0.071576,-0.723106
1954-02-01,venus,0.49957,-0.528679
1954-03-01,venus,0.724952,-0.02833
1954-04-01,venus,0.490523,0.530473
1954-05-01,venus,-0.069567,0.715821
1954-06-01,venus,-0.593833,0.4026
1954-07-01,venus,-0.697107,-0.180345
1954-08-01,venus,-0.315823,-0.652735
1954-09-01,venus,0.287781,-0.668214
1954-10-01,venus,0.685849,-0.239183
1954-11-01,venus,0.62592,0.363098
1954-12-01,venus,0.146457,0.705335
1955-01-01,venus,-0.446448,0.561892
1955-02-01,venus,-0.718629,0.014895
1955-03-01,venus,-0.521003,-0.501458
1955-04-01,venus,0.040649,-0.725911
1955-05-01,venus,0.562275,-0.461028
1955-06-01,venus,0.714092,0.124074
1955-07-01,venus,0.384251,0.611011
1955-08-01,venus,-0.220363,0.68388
1955-09-01,venus,-0.666449,0.266413
1955-10-01,venus,-0.644177,-0.324541
1955-11-01,venus,-0.172629,-0.705279
1955-12-01,venus,0.403909,-0.605058
1956-01-01,venus,0.720048,-0.090519
1956-02-01,venus,0.534808,0.486256
1956-03-01,venus,0.013493,0.719524
1956-04-01,venus,-0.543119,0.468839
1956-05-01,venus,-0.712705,-0.098607
1956-06-01,venus,-0.387763,-0.612028
1956-07-01,venus,0.191098,-0.701886
1956-08-01,venus,0.654587,-0.315472
1956-09-01,venus,0.663641,0.289448
1956-10-01,venus,0.226847,0.68422
1956-11-01,venus,-0.378332,0.610061
1956-12-01,venus,-0.708465,0.117973
1957-01-01,venus,-0.549193,-0.469831
1957-02-01,venus,-0.001444,-0.72691
1957-03-01,venus,0.506773,-0.521723
1957-04-01,venus,0.723971,0.042093
1957-05-01,venus,0.452108,0.563252
1957-06-01,venus,-0.139751,0.70516
1957-07-01,venus,-0.620872,0.359619
1957-08-01,venus,-0.67653,-0.248127
1957-09-01,venus,-0.251249,-0.680697
1957-10-01,venus,0.333107,-0.646809
1957-11-01,venus,0.705498,-0.171661
1957-12-01,venus,0.598901,0.405669
1958-01-01,venus,0.076338,0.715932
1958-02-01,venus,-0.499834,0.514808
1958-03-01,venus,-0.718824,0.004748
1958-04-01,venus,-0.470027,-0.550318
1958-05-01,venus,0.090605,-0.721565
1958-06-01,venus,0.603965,-0.404578
1958-07-01,venus,0.703544,0.173203
1958-08-01,venus,0.322422,0.645308
1958-09-01,venus,-0.286742,0.658468
1958-10-01,venus,-0.683766,0.218597
1958-11-01,venus,-0.609773,-0.386439
1958-12-01,venus,-0.123517,-0.71582
1959-01-01,venus,0.460274,-0.563312
1959-02-01,venus,0.725145,-0.020423
1959-03-01,venus,0.528,0.493535
1959-04-01,venus,-0.037129,0.718392
1959-05-01,venus,-0.562513,0.445332
1959-06-01,venus,-0.704345,-0.148598
1959-07-01,venus,-0.362064,-0.627851
1959-08-01,venus,0.238986,-0.687141
1959-09-01,venus,0.674634,-0.269491
1959-10-01,venus,0.650861,0.316791
1959-11-01,venus,0.178228,0.698167
1959-12-01,venus,-0.403811,0.593418
1960-01-01,venus,-0.715283,0.06773
1960-02-01,venus,-0.515462,-0.507221
1960-03-01,venus,0.008467,-0.726885
1960-04-01,venus,0.554557,-0.470359
1960-05-01,venus,0.719083,0.092136
1960-06-01,venus,0.394632,0.604454
1960-07-01,venus,-0.189078,0.693327
1960-08-01,venus,-0.653536,0.296459
1960-09-01,venus,-0.649481,-0.313502
1960-10-01,venus,-0.20371,-0.696725
1960-11-01,venus,0.393808,-0.611699
1960-12-01,venus,0.715469,-0.122458
1961-01-01,venus,0.556228,0.461896
1961-02-01,venus,0.005518,0.719588
1961-03-01,venus,-0.507019,0.507705
1961-04-01,venus,-0.716211,-0.0662
1961-05-01,venus,-0.430848,-0.581996
1961-06-01,venus,0.159799,-0.709629
1961-07-01,venus,0.630323,-0.361898
1961-08-01,venus,0.683124,0.24061
1961-09-01,venus,0.257546,0.673426
1961-10-01,venus,-0.332387,0.636416
1961-11-01,venus,-0.702241,0.149971
1961-12-01,venus,-0.581587,-0.428363
1962-01-01,venus,-0.053761,-0.724737
1962-02-01,venus,0.51238,-0.516229
1962-03-01,venus,0.725353,-0.010429
1962-04-01,venus,0.477107,0.542446
1962-05-01,venus,-0.087522,0.713753
1962-06-01,venus,-0.603816,0.387471
1962-07-01,venus,-0.692491,-0.197808
1962-08-01,venus,-0.29964,-0.660465
1962-09-01,venus,0.304109,-0.660958
1962-10-01,venus,0.691471,-0.2222
1962-11-01,venus,0.616646,0.378469
1962-12-01,venus,0.128738,0.708684
1963-01-01,venus,-0.460456,0.550418
1963-02-01,venus,-0.71887,-0.00319
1963-03-01,venus,-0.508476,-0.514361
1963-04-01,venus,0.058499,-0.724753
1963-05-01,venus,0.573412,-0.447039
1963-06-01,venus,0.710729,0.141685
1963-07-01,venus,0.36885,0.62032
1963-08-01,venus,-0.237473,0.678049
1963-09-01,venus,-0.672993,0.249536
1963-10-01,venus,-0.635991,-0.340596
1963-11-01,venus,-0.155203,-0.709416
1963-12-01,venus,0.418649,-0.594942
1964-01-01,venus,0.721997,-0.072713
1964-02-01,venus,0.522489,0.499342
1964-03-01,venus,-0.004551,0.719544
1964-04-01,venus,-0.554765,0.454984
1964-05-01,venus,-0.710119,-0.116477
1964-06-01,venus,-0.372555,-0.621549
1964-07-01,venus,0.208295,-0.697005
1964-08-01,venus,0.66211,-0.299236
1964-09-01,venus,0.656192,0.305775
1964-10-01,venus,0.209649,0.689581
1964-11-01,venus,-0.393552,0.600294
1964-12-01,venus,-0.711287,0.100116
1965-01-01,venus,-0.537444,-0.483437
1965-02-01,venus,0.01644,-0.726785
1965-03-01,venus,0.519422,-0.509089
1965-04-01,venus,0.722643,0.059968
1965-05-01,venus,0.437889,0.574263
1965-06-01,venus,-0.1574,0.701345
1965-07-01,venus,-0.629758,0.343864
1965-08-01,venus,-0.670244,-0.265011
1965-09-01,venus,-0.234411,-0.686786
1965-10-01,venus,0.348888,-0.638426
1965-11-01,venus,0.709456,-0.154196
1965-12-01,venus,0.588577,0.420372
1966-01-01,venus,0.058374,0.717526
1966-02-01,venus,-0.512634,0.502035
1966-03-01,venus,-0.718823,-0.013299
1966-04-01,venus,-0.456335,-0.561902
1966-05-01,venus,0.108306,-0.719154
1966-06-01,venus,0.613688,-0.389566
1966-07-01,venus,0.698967,0.190555
1966-08-01,venus,0.306171,0.653077
1966-09-01,venus,-0.303196,0.650987
1966-10-01,venus,-0.68911,0.201336
1966-11-01,venus,-0.600093,-0.401576
1966-12-01,venus,-0.105883,-0.71872
1967-01-01,venus,0.473943,-0.551809
1967-02-01,venus,0.725352,-0.002498
1967-03-01,venus,0.515495,0.506465
1967-04-01,venus,-0.055143,0.717151
1967-05-01,venus,-0.573562,0.431014
1967-06-01,venus,-0.700536,-0.166207
1967-07-01,venus,-0.346511,-0.636712
1967-08-01,venus,0.255774,-0.681074
1967-09-01,venus,0.680998,-0.252766
1967-10-01,venus,0.642726,0.332807
1967-11-01,venus,0.160678,0.702324
1967-12-01,venus,-0.418613,0.583022
1968-01-01,venus,-0.716853,0.049743
1968-02-01,venus,-0.502829,-0.519954
1968-03-01,venus,0.026319,-0.726515
1968-04-01,venus,0.565906,-0.456555
1968-05-01,venus,0.716499,0.109886
1968-06-01,venus,0.379381,0.614036
1968-07-01,venus,-0.206439,0.688285
1968-08-01,venus,-0.66084,0.279913
1968-09-01,venus,-0.641594,-0.329666
1968-10-01,venus,-0.186524,-0.701628
1968-11-01,venus,0.408685,-0.601835
1968-12-01,venus,0.71819,-0.104758
1969-01-01,venus,0.544494,0.475529
1969-02-01,venus,-0.012548,0.719414
1969-03-01,venus,-0.51966,0.494745
1969-04-01,venus,-0.714448,-0.084156
1969-05-01,venus,-0.416405,-0.59259
1969-06-01,venus,0.17716,-0.705526
1969-07-01,venus,0.638972,-0.346259
1969-08-01,venus,0.67686,0.257434
1969-09-01,venus,0.240581,0.679564
1969-10-01,venus,-0.348308,0.627787
1969-11-01,venus,-0.70588,0.132253
1969-12-01,venus,-0.570881,-0.442787
1970-01-01,venus,-0.035949,-0.725915
1970-02-01,venus,0.524864,-0.503473
1970-03-01,venus,0.725301,0.007484
1970-04-01,venus,0.463372,0.554086
1970-05-01,venus,-0.105435,0.711238
1970-06-01,venus,-0.613431,0.372114
1970-07-01,venus,-0.687464,-0.215124
1970-08-01,venus,-0.283308,-0.667769
1970-09-01,venus,0.320222,-0.653306
1970-10-01,venus,0.696662,-0.205086
1970-11-01,venus,0.606972,0.393612
1970-12-01,venus,0.110913,0.711584
1971-01-01,venus,-0.474191,0.538595
1971-02-01,venus,-0.718682,-0.021266
1971-03-01,venus,-0.495661,-0.526934
1971-04-01,venus,0.076279,-0.72315
1971-05-01,venus,0.58418,-0.43279
1971-06-01,venus,0.706921,0.159209
1971-07-01,venus,0.353194,0.629242
1971-08-01,venus,-0.254459,0.671776
1971-09-01,venus,-0.679133,0.232491
1971-10-01,venus,-0.627432,-0.356443
1971-11-01,venus,-0.137708,-0.713119
1971-12-01,venus,0.433108,-0.584474
1972-01-01,venus,0.723494,-0.054872
1972-02-01,venus,0.509829,0.512121
1972-03-01,venus,-0.022623,0.719098
1972-04-01,venus,-0.566082,0.440817
1972-05-01,venus,-0.707106,-0.134295
1972-06-01,venus,-0.357135,-0.6307
1972-07-01,venus,0.225345,-0.691706
1972-08-01,venus,0.669213,-0.282833
1972-09-01,venus,0.648329,0.32191
1972-10-01,venus,0.192294,0.694507
1972-11-01,venus,-0.40855,0.590118
1972-12-01,venus,-0.713674,0.082161
1973-01-01,venus,-0.525369,-0.496772
1973-02-01,venus,0.034307,-0.726231
1973-03-01,venus,0.531739,-0.496156
1973-04-01,venus,0.720861,0.077792
1973-05-01,venus,0.423386,0.584914
1973-06-01,venus,-0.174979,0.69707
1973-07-01,venus,-0.638263,0.327851
1973-08-01,venus,-0.663537,-0.281768
1973-09-01,venus,-0.217422,-0.692481
1973-10-01,venus,0.364456,-0.629669
1973-11-01,venus,0.71297,-0.136651
1973-12-01,venus,0.577883,0.434803
1974-01-01,venus,0.040357,0.718663
1974-02-01,venus,-0.52513,0.48891
1974-03-01,venus,-0.718366,-0.031384
1974-04-01,venus,-0.442343,-0.573172
1974-05-01,venus,0.125957,-0.716326
1974-06-01,venus,0.623038,-0.374327
1974-07-01,venus,0.693955,0.207774
1974-08-01,venus,0.289726,0.660429
1974-09-01,venus,-0.319475,0.64308
1974-10-01,venus,-0.694024,0.183906
1974-11-01,venus,-0.590016,-0.416503
1974-12-01,venus,-0.088157,-0.721203
1975-01-01,venus,0.487342,-0.53998
1975-02-01,venus,0.725114,0.015417
1975-03-01,venus,0.502671,0.519064
1975-04-01,venus,-0.073124,0.71545
1975-05-01,venus,-0.584259,0.416398
1975-06-01,venus,-0.696271,-0.183752
1975-07-01,venus,-0.330709,-0.645205
1975-08-01,venus,0.272437,-0.674602
1975-09-01,venus,0.686962,-0.235892
1975-10-01,venus,0.634199,0.348603
1975-11-01,venus,0.143037,0.706027
1975-12-01,venus,-0.433151,0.57225
1976-01-01,venus,-0.717968,0.031696
1976-02-01,venus,-0.489851,-0.532389
1976-03-01,venus,0.044191,-0.725708
1976-04-01,venus,0.576935,-0.442474
1976-05-01,venus,0.713489,0.127562
1976-06-01,venus,0.363908,0.623219
1976-07-01,venus,-0.223654,0.682804
1976-08-01,venus,-0.667725,0.263182
1976-09-01,venus,-0.633288,-0.345649
1976-10-01,venus,-0.169184,-0.706106
1976-11-01,venus,0.423342,-0.591598
1976-12-01,venus,0.720493,-0.086992
1977-01-01,venus,0.53244,0.488859
1977-02-01,venus,-0.03058,0.71878
1977-03-01,venus,-0.531956,0.481479
1977-04-01,venus,-0.712232,-0.102064
1977-05-01,venus,-0.401679,-0.602827
1977-06-01,venus,0.194443,-0.700981
1977-07-01,venus,0.647253,-0.330398
1977-08-01,venus,0.670198,0.274102
1977-09-01,venus,0.223492,0.685272
1977-10-01,venus,-0.363978,0.618771
1977-11-01,venus,-0.709067,0.114469
1977-12-01,venus,-0.559812,-0.456939
1978-01-01,venus,-0.018091,-0.726641
1978-02-01,venus,0.537044,-0.490392
1978-03-01,venus,0.724821,0.025403
1978-04-01,venus,0.449372,0.565386
1978-05-01,venus,-0.12325,0.708283
1978-06-01,venus,-0.622635,0.356548
1978-07-01,venus,-0.682008,-0.232287
1978-08-01,venus,-0.266793,-0.674659
1978-09-01,venus,0.336154,-0.645238
1978-10-01,venus,0.701435,-0.18783
1978-11-01,venus,0.596941,0.408521
1978-12-01,venus,0.093046,0.71405
1979-01-01,venus,-0.487596,0.526458
1979-02-01,venus,-0.718036,-0.039292
1979-03-01,venus,-0.482548,-0.539164
1979-04-01,venus,0.094017,-0.721096
1979-05-01,venus,0.594596,-0.418257
1979-06-01,venus,0.702682,0.176648
1979-07-01,venus,0.337335,0.637787
1979-08-01,venus,-0.271258,0.665104
1979-09-01,venus,-0.684828,0.215341
1979-10-01,venus,-0.618493,-0.372033
1979-11-01,venus,-0.120142,-0.716375
1979-12-01,venus,0.447302,-0.573637
1980-01-01,venus,0.724543,-0.036981
1980-02-01,venus,0.496858,0.524594
1980-03-01,venus,-0.040664,0.718224
1980-04-01,venus,-0.577025,0.426409
1980-05-01,venus,-0.703652,-0.151982
1980-06-01,venus,-0.341519,-0.639439
1980-07-01,venus,0.242244,-0.685982
1980-08-01,venus,0.675901,-0.266243
1980-09-01,venus,0.640057,0.337858
1980-10-01,venus,0.174823,0.699013
1980-11-01,venus,-0.423283,0.579601
1980-12-01,venus,-0.715611,0.064197
1981-01-01,venus,-0.512993,-0.50976
1981-02-01,venus,0.052125,-0.725226
1981-03-01,venus,0.543723,-0.482919
1981-04-01,venus,0.718625,0.09558
1981-05-01,venus,0.408608,0.59521
1981-06-01,venus,-0.192451,0.692377
1981-07-01,venus,-0.64637,0.311664
1981-08-01,venus,-0.656433,-0.29831
1981-09-01,venus,-0.200336,-0.697728
1981-10-01,venus,0.379779,-0.620532
1981-11-01,venus,0.71604,-0.119019
1981-12-01,venus,0.566815,0.448973
1982-01-01,venus,0.022301,0.719355
1982-02-01,venus,-0.537308,0.475496
1982-03-01,venus,-0.717476,-0.049423
1982-04-01,venus,-0.428107,-0.584061
1982-05-01,venus,0.143496,-0.713054
1982-06-01,venus,0.631995,-0.358867
1982-07-01,venus,0.688504,0.224872
1982-08-01,venus,0.273077,0.66737
1982-09-01,venus,-0.335571,0.634769
1982-10-01,venus,-0.698521,0.166371
1982-11-01,venus,-0.579597,-0.431154
1982-12-01,venus,-0.070411,-0.723231
1983-01-01,venus,0.500418,-0.527832
1983-02-01,venus,0.724425,0.03332
1983-03-01,venus,0.489516,0.531347
1983-04-01,venus,-0.091086,0.713292
1983-05-01,venus,-0.594609,0.401513
1983-06-01,venus,-0.691593,-0.201183
1983-07-01,venus,-0.314729,-0.653295
1983-08-01,venus,0.288903,-0.667722
1983-09-01,venus,0.692493,-0.218887
1983-10-01,venus,0.625272,0.364187
1983-11-01,venus,0.125277,0.709284
1983-12-01,venus,-0.447441,0.561096
1984-01-01,venus,-0.718649,0.013611
1984-02-01,venus,-0.476586,-0.544505
1984-03-01,venus,0.062015,-0.724459
1984-04-01,venus,0.587591,-0.428136
1984-05-01,venus,0.710034,0.145152
1984-06-01,venus,0.348189,0.632017
1984-07-01,venus,-0.240759,0.676874
1984-08-01,venus,-0.674205,0.246253
1984-09-01,venus,-0.624595,-0.361441
1984-10-01,venus,-0.151749,-0.710164
1984-11-01,venus,0.437724,-0.58101
1984-12-01,venus,0.722343,-0.069187
1985-01-01,venus,0.520049,0.501886
1985-02-01,venus,-0.048621,0.717687
1985-03-01,venus,-0.543939,0.467872
1985-04-01,venus,-0.70957,-0.119947
1985-05-01,venus,-0.386699,-0.612718
1985-06-01,venus,0.211606,-0.696023
1985-07-01,venus,0.655128,-0.314348
1985-08-01,venus,0.66312,0.29059
1985-09-01,venus,0.20625,0.690551
1985-10-01,venus,-0.379444,0.60934
1985-11-01,venus,-0.711807,0.096566
1985-12-01,venus,-0.54838,-0.470841
1986-01-01,venus,-0.000208,-0.726943
1986-02-01,venus,0.5489,-0.477024
1986-03-01,venus,0.723891,0.043292
1986-04-01,venus,0.435093,0.576327
1986-05-01,venus,-0.141004,0.704874
1986-06-01,venus,-0.631457,0.340718
1986-07-01,venus,-0.676105,-0.249346
1986-08-01,venus,-0.250087,-0.681158
1986-09-01,venus,0.351901,-0.63679
1986-10-01,venus,0.705784,-0.170471
1986-11-01,venus,0.586543,0.423163
1986-12-01,venus,0.07512,0.716062
1987-01-01,venus,-0.500707,0.513968
1987-02-01,venus,-0.716926,-0.057335
1987-03-01,venus,-0.469101,-0.551088
1987-04-01,venus,0.111728,-0.718614
1987-05-01,venus,0.604668,-0.403478
1987-06-01,venus,0.698018,0.193967
1987-07-01,venus,0.321276,0.64592
1987-08-01,venus,-0.287886,0.658006
1987-09-01,venus,-0.690091,0.198028
1987-10-01,venus,-0.609138,-0.387421
1987-11-01,venus,-0.102463,-0.719201
1987-12-01,venus,0.461253,-0.562455
1988-01-01,venus,0.725167,-0.019073
1988-02-01,venus,0.483592,0.536728
1988-03-01,venus,-0.058664,0.716891
1988-04-01,venus,-0.5876,0.411723
1988-05-01,venus,-0.699743,-0.169597
1988-06-01,venus,-0.325654,-0.647793
1988-07-01,venus,0.259029,-0.679836
1988-08-01,venus,0.682202,-0.249491
1988-09-01,venus,0.63141,0.353592
1988-10-01,venus,0.157264,0.703073
1988-11-01,venus,-0.43773,0.56872
1988-12-01,venus,-0.717091,0.046188
1989-01-01,venus,-0.500272,-0.522442
1989-02-01,venus,0.069944,-0.723769
1989-03-01,venus,0.555401,-0.469379
1989-04-01,venus,0.715972,0.113313
1989-05-01,venus,0.3936,0.605132
1989-06-01,venus,-0.20977,0.687247
1989-07-01,venus,-0.654052,0.295292
1989-08-01,venus,-0.64891,-0.314666
1989-09-01,venus,-0.183101,-0.702542
1989-10-01,venus,0.394893,-0.611001
1989-11-01,venus,0.718692,-0.101303
1989-12-01,venus,0.55542,0.462871
1990-01-01,venus,0.004261,0.7196
1990-02-01,venus,-0.549115,0.461801
1990-03-01,venus,-0.716128,-0.06741
1990-04-01,venus,-0.4136,-0.594583
1990-05-01,venus,0.160965,-0.709335
1990-06-01,venus,0.64058,-0.343172
1990-07-01,venus,0.682648,0.241842
1990-08-01,venus,0.256284,0.673905
1990-09-01,venus,-0.351421,0.626074
1990-10-01,venus,-0.702558,0.148765
1990-11-01,venus,-0.568822,-0.445516
1990-12-01,venus,-0.052617,-0.724809
1991-01-01,venus,0.513198,-0.515344
1991-02-01,venus,0.7233,0.051217
1991-03-01,venus,0.476074,0.543313
1991-04-01,venus,-0.108964,0.710704
1991-05-01,venus,-0.604555,0.386408
1991-06-01,venus,-0.686481,-0.218448
1991-07-01,venus,-0.298567,-0.660967
1991-08-01,venus,0.305193,-0.660426
1991-09-01,venus,0.697602,-0.201732
1991-10-01,venus,0.615963,0.379559
1991-11-01,venus,0.107457,0.712116
1991-12-01,venus,-0.461427,0.549618
1992-01-01,venus,-0.718869,-0.004436
1992-02-01,venus,-0.463046,-0.556252
1992-03-01,venus,0.079785,-0.722763
1992-04-01,venus,0.597888,-0.413527
1992-05-01,venus,0.706138,0.162666
1992-06-01,venus,0.332256,0.640435
1992-07-01,venus,-0.257701,0.670542
1992-08-01,venus,-0.680249,0.229208
1992-09-01,venus,-0.615527,-0.376962
1992-10-01,venus,-0.134251,-0.713772
1992-11-01,venus,0.45183,-0.570069
1992-12-01,venus,0.723746,-0.051329
1993-01-01,venus,0.507326,0.514611
1993-02-01,venus,-0.066632,0.716157
1993-03-01,venus,-0.555576,0.454
1993-04-01,venus,-0.706471,-0.137713
1993-05-01,venus,-0.371513,-0.6222
1993-06-01,venus,0.228613,-0.690642
1993-07-01,venus,0.662598,-0.298107
1993-08-01,venus,0.65562,0.306908
1993-09-01,venus,0.188865,0.695403
1993-10-01,venus,-0.394678,0.599539
1993-11-01,venus,-0.71411,0.07863
1993-12-01,venus,-0.536632,-0.484418
1994-01-01,venus,0.017638,-0.726792
1994-02-01,venus,0.560407,-0.463375
1994-03-01,venus,0.722512,0.061159
1994-04-01,venus,0.420521,0.586914
1994-05-01,venus,-0.158686,0.70102
1994-06-01,venus,-0.639894,0.324683
1994-07-01,venus,-0.669801,-0.26623
1994-08-01,venus,-0.233261,-0.687222
1994-09-01,venus,0.367403,-0.627963
1994-10-01,venus,0.709697,-0.153014
1994-11-01,venus,0.575766,0.437551
1994-12-01,venus,0.057119,0.717619
1995-01-01,venus,-0.513519,0.501145
1995-02-01,venus,-0.715387,-0.07534
1995-03-01,venus,-0.455389,-0.562664
1995-04-01,venus,0.129339,-0.715694
1995-05-01,venus,0.614356,-0.388466
1995-06-01,venus,0.69292,0.211166
1995-07-01,venus,0.30499,0.65365
1995-08-01,venus,-0.304358,0.650473
1995-09-01,venus,-0.694935,0.180574
1995-10-01,venus,-0.599423,-0.402577
1995-11-01,venus,-0.084744,-0.72159
1995-12-01,venus,0.4749,-0.550942
1996-01-01,venus,0.72534,-0.001164
1996-02-01,venus,0.47001,0.548533
1996-03-01,venus,-0.076659,0.715091
1996-04-01,venus,-0.597821,0.396747
1996-05-01,venus,-0.695406,-0.187131
1996-06-01,venus,-0.3096,-0.655766
1996-07-01,venus,0.275639,-0.673287
1996-08-01,venus,0.688075,-0.232601
1996-09-01,venus,0.622367,0.369103
1996-10-01,venus,0.139583,0.706687
1996-11-01,venus,-0.451925,0.557445
1996-12-01,venus,-0.718125,0.028111
1997-01-01,venus,-0.487241,-0.53483
1997-02-01,venus,0.087717,-0.72189
1997-03-01,venus,0.566731,-0.455567
1997-04-01,venus,0.712874,0.130962
1997-05-01,venus,0.378337,0.614674
1997-06-01,venus,-0.226983,0.681665
1997-07-01,venus,-0.66133,0.278689
1997-08-01,venus,-0.640972,-0.330864
1997-09-01,venus,-0.165743,-0.706953
1997-10-01,venus,0.409772,-0.601114
1997-11-01,venus,0.7209,-0.083541
1997-12-01,venus,0.543677,0.476471
1998-01-01,venus,-0.013796,0.719383
1998-02-01,venus,-0.560591,0.447776
1998-03-01,venus,-0.714318,-0.0854
1998-04-01,venus,-0.398814,-0.604771
1998-05-01,venus,0.178356,-0.705204
1998-06-01,venus,0.648782,-0.327279
1998-07-01,venus,0.67637,0.258648
1998-08-01,venus,0.23933,0.680008
1998-09-01,venus,-0.367062,0.616966
1998-10-01,venus,-0.70615,0.131024
1998-11-01,venus,-0.557664,-0.459636
1998-12-01,venus,-0.03476,-0.725965
1999-01-01,venus,0.525688,-0.502555
1999-02-01,venus,0.721738,0.069072
1999-03-01,venus,0.462342,0.554924
1999-04-01,venus,-0.12677,0.707658
1999-05-01,venus,-0.614123,0.371035
1999-06-01,venus,-0.680919,-0.235612
1999-07-01,venus,-0.282185,-0.668253
1999-08-01,venus,0.32133,-0.652737
1999-09-01,venus,0.702305,-0.184459
1999-10-01,venus,0.606283,0.394683
1999-11-01,venus,0.089582,0.714487
1999-12-01,venus,-0.475115,0.537784
2000-01-01,venus,-0.71863,-0.022506
2000-02-01,venus,-0.449185,-0.567675
2000-03-01,venus,0.097543,-0.720629
2000-04-01,venus,0.607849,-0.398666
2000-05-01,venus,0.701826,0.180076
2000-06-01,venus,0.316134,0.648438
2000-07-01,venus,-0.274459,0.663782
2000-08-01,venus,-0.685859,0.212014
2000-09-01,venus,-0.606057,-0.392267
2000-10-01,venus,-0.116635,-0.716944
2000-11-01,venus,0.46569,-0.558775
2000-12-01,venus,0.724729,-0.033436
2001-01-01,venus,0.494307,0.52701
2001-02-01,venus,-0.084571,0.714171
2001-03-01,venus,-0.56684,0.439849
2001-04-01,venus,-0.702924,-0.155393
2001-05-01,venus,-0.356075,-0.631304
2001-06-01,venus,0.245508,-0.684828
2001-07-01,venus,0.669685,-0.281673
2001-08-01,venus,0.647736,0.323042
2001-09-01,venus,0.171389,0.699817
2001-10-01,venus,-0.409628,0.589369
2001-11-01,venus,-0.715954,0.060666
2001-12-01,venus,-0.524547,-0.497693
2002-01-01,venus,0.035494,-0.726189
2002-02-01,venus,0.571589,-0.449427
2002-03-01,venus,0.720705,0.078999
2002-04-01,venus,0.40571,0.597141
2002-05-01,venus,-0.176235,0.696734
2002-06-01,venus,-0.647902,0.308474
2002-07-01,venus,-0.663081,-0.282924
2002-08-01,venus,-0.216289,-0.69286
2002-09-01,venus,0.382694,-0.618738
2002-10-01,venus,0.713182,-0.135448
2002-11-01,venus,0.564648,0.451677
2002-12-01,venus,0.03911,0.718738
2003-01-01,venus,-0.525975,0.488035
2003-02-01,venus,-0.713394,-0.093258
2003-03-01,venus,-0.44141,-0.573875
2003-04-01,venus,0.146872,-0.712331
2003-05-01,venus,0.623671,-0.373201
2003-06-01,venus,0.687396,0.228248
2003-07-01,venus,0.288529,0.660986
2003-08-01,venus,-0.320613,0.642555
2003-09-01,venus,-0.699327,0.163049
2003-10-01,venus,-0.589351,-0.417446
2003-11-01,venus,-0.06699,-0.723531
2003-12-01,venus,0.488256,-0.539085
2004-01-01,venus,0.725062,0.016761
2004-02-01,venus,0.456137,0.560006
2004-03-01,venus,-0.094591,0.712862
2004-04-01,venus,-0.607652,0.381557
2004-05-01,venus,-0.690641,-0.204501
2004-06-01,venus,-0.293386,-0.663313
2004-07-01,venus,0.292068,-0.666329
2004-08-01,venus,0.69352,-0.215559
2004-09-01,venus,0.612927,0.384396
2004-10-01,venus,0.121814,0.70987
2004-11-01,venus,-0.465829,0.545847
2004-12-01,venus,-0.718712,0.010059
2005-01-01,venus,-0.473938,-0.546851
2005-02-01,venus,0.105407,-0.719567
2005-03-01,venus,0.577706,-0.44148
2005-04-01,venus,0.709324,0.148541
2005-05-01,venus,0.362822,0.623838
2005-06-01,venus,-0.244059,0.675667
2005-07-01,venus,-0.6682,0.26194
2005-08-01,venus,-0.632657,-0.346821
2005-09-01,venus,-0.14832,-0.710913
2005-10-01,venus,0.424378,-0.590869
2005-11-01,venus,0.722659,-0.065724
2005-12-01,venus,0.531578,0.489781
2006-01-01,venus,-0.031861,0.718715
2006-02-01,venus,-0.571728,0.433484
2006-03-01,venus,-0.712083,-0.103315
2006-04-01,venus,-0.383814,-0.614564
2006-05-01,venus,0.195603,-0.700642
2006-06-01,venus,0.656575,-0.311195
2006-07-01,venus,0.669662,0.2753
2006-08-01,venus,0.2222,0.685683
2006-09-01,venus,-0.382491,0.607465
2006-10-01,venus,-0.70932,0.113205
2006-11-01,venus,-0.546187,-0.473462
2006-12-01,venus,-0.016916,-0.726671
2007-01-01,venus,0.537834,-0.48947
2007-02-01,venus,0.719724,0.086881
2007-03-01,venus,0.4483,0.566194
2007-04-01,venus,-0.144525,0.704153
2007-05-01,venus,-0.623325,0.355415
2007-06-01,venus,-0.674954,-0.252637
2007-07-01,venus,-0.265654,-0.675129
2007-08-01,venus,0.337243,-0.644656
2007-09-01,venus,0.706566,-0.167086
2007-10-01,venus,0.596216,0.409564
2007-11-01,venus,0.071621,0.716401
2007-12-01,venus,-0.488528,0.525585
2008-01-01,venus,-0.717956,-0.040584
2008-02-01,venus,-0.435061,-0.578764
2008-03-01,venus,0.115224,-0.718063
2008-04-01,venus,0.617419,-0.383576
2008-05-01,venus,0.697073,0.197366
2008-06-01,venus,0.299795,0.656036
2008-07-01,venus,-0.291074,0.65658
2008-08-01,venus,-0.691049,0.194651
2008-09-01,venus,-0.596216,-0.407358
2008-10-01,venus,-0.098952,-0.719696
2008-11-01,venus,0.479253,-0.547151
2008-12-01,venus,0.725256,-0.015537
2009-01-01,venus,0.480973,0.539078
2009-02-01,venus,-0.102484,0.711723
2009-03-01,venus,-0.577767,0.425383
2009-04-01,venus,-0.698935,-0.173017
2009-05-01,venus,-0.34041,-0.640048
2009-06-01,venus,0.262257,-0.678613
2009-07-01,venus,0.676354,-0.26508
2009-08-01,venus,0.639447,0.338962
2009-09-01,venus,0.153794,0.703788
2009-10-01,venus,-0.424344,0.578802
2009-11-01,venus,-0.717346,0.042617
2009-12-01,venus,-0.512119,-0.510695
2010-01-01,venus,0.053346,-0.725164
2010-02-01,venus,0.582427,-0.435215
2010-03-01,venus,0.718451,0.096776
2010-04-01,venus,0.390645,0.606985
2010-05-01,venus,-0.193686,0.691998
2010-06-01,venus,-0.655511,0.292032
2010-07-01,venus,-0.655927,-0.299484
2010-08-01,venus,-0.199155,-0.698096
2010-09-01,venus,0.397774,-0.609148
2010-10-01,venus,0.716235,-0.117808
2010-11-01,venus,0.553182,0.465506
2010-12-01,venus,0.021078,0.719397
2011-01-01,venus,-0.53811,0.474597
2011-02-01,venus,-0.710941,-0.111157
2011-03-01,venus,-0.427122,-0.584757
2011-04-01,venus,0.164348,-0.708543
2011-05-01,venus,0.632626,-0.357713
2011-06-01,venus,0.681455,0.245177
2011-07-01,venus,0.271899,0.667893
2011-08-01,venus,-0.336662,0.634226
2011-09-01,venus,-0.703279,0.145399
2011-10-01,venus,-0.578883,-0.432084
2011-11-01,venus,-0.049157,-0.725035
2011-12-01,venus,0.501343,-0.526899
2012-01-01,venus,0.724355,0.034671
2012-02-01,venus,0.441995,0.571117
2012-03-01,venus,-0.112444,0.710178
2012-04-01,venus,-0.617095,0.366124
2012-05-01,venus,-0.685433,-0.221764
2012-06-01,venus,-0.276954,-0.67046
2012-07-01,venus,0.308349,-0.658956
2012-08-01,venus,0.698565,-0.198381
2012-09-01,venus,0.603127,0.399447
2012-10-01,venus,0.103994,0.7126
2012-11-01,venus,-0.479419,0.533912
2012-12-01,venus,-0.718843,-0.008
2013-01-01,venus,-0.46032,-0.558543
2013-02-01,venus,0.123063,-0.716793
2013-03-01,venus,0.588351,-0.427111
2013-04-01,venus,0.705359,0.166033
2013-05-01,venus,0.347107,0.632611
2013-06-01,venus,-0.260948,0.669249
2013-07-01,venus,-0.674633,0.245045
2013-08-01,venus,-0.623944,-0.362558
2013-09-01,venus,-0.130785,-0.714432
2013-10-01,venus,0.438744,-0.580245
2013-11-01,venus,0.72399,-0.047856
2013-12-01,venus,0.519171,0.502793
2014-01-01,venus,-0.049874,0.717604
2014-02-01,venus,-0.582475,0.418943
2014-03-01,venus,-0.709398,-0.121139
2014-04-01,venus,-0.368574,-0.623972
2014-05-01,venus,0.212744,-0.695638
2014-06-01,venus,0.663975,-0.294903
2014-07-01,venus,0.662556,0.291792
2014-08-01,venus,0.204957,0.690942
2014-09-01,venus,-0.397646,0.597604
2014-10-01,venus,-0.712029,0.095354
2014-11-01,venus,-0.534381,-0.486972
2014-12-01,venus,0.00094,-0.726923
2015-01-01,venus,0.549656,-0.476069
2015-02-01,venus,0.717271,0.104651
2015-03-01,venus,0.433996,0.577124
2015-04-01,venus,-0.162164,0.700228
2015-05-01,venus,-0.632112,0.339609
2015-06-01,venus,-0.668573,-0.269462
2015-07-01,venus,-0.248976,-0.681575
2015-08-01,venus,0.352948,-0.636174
2015-09-01,venus,0.710389,-0.149594
2015-10-01,venus,0.585782,0.424204
2015-11-01,venus,0.05363,0.717887
2015-12-01,venus,-0.501616,0.513088
2016-01-01,venus,-0.716829,-0.05859
2016-02-01,venus,-0.420693,-0.589464
2016-03-01,venus,0.132815,-0.715054
2016-04-01,venus,0.626606,-0.368242
2016-05-01,venus,0.691883,0.214546
2016-06-01,venus,0.283269,0.663238
2016-07-01,venus,-0.307498,0.648992
2016-08-01,venus,-0.695803,0.177205
2016-09-01,venus,-0.586022,-0.422152
2016-10-01,venus,-0.081241,-0.721991
2016-11-01,venus,0.49251,-0.535195
2016-12-01,venus,0.72533,0.002381
2017-01-01,venus,0.467328,0.550819
2017-02-01,venus,-0.120336,0.708844
2017-03-01,venus,-0.588334,0.410677
2017-04-01,venus,-0.694522,-0.190494
2017-05-01,venus,-0.324567,-0.648369
2017-06-01,venus,0.278817,-0.671985
2017-07-01,venus,0.682602,-0.248326
2017-08-01,venus,0.630748,0.354682
2017-09-01,venus,0.136086,0.707323
2017-10-01,venus,-0.438803,0.567883
2017-11-01,venus,-0.718304,0.024565
2017-12-01,venus,-0.499399,-0.523352
2018-01-01,venus,0.071128,-0.723687
2018-02-01,venus,0.592894,-0.420748
2018-03-01,venus,0.715747,0.114497
2018-04-01,venus,0.375315,0.616456
2018-05-01,venus,-0.211036,0.686826
2018-06-01,venus,-0.662725,0.275413
2018-07-01,venus,-0.648386,-0.315842
2018-08-01,venus,-0.18193,-0.702889
2018-09-01,venus,0.412581,-0.599193
2018-10-01,venus,0.718844,-0.100104
2018-11-01,venus,0.541357,0.479054
2018-12-01,venus,0.003005,0.719598
2019-01-01,venus,-0.549927,0.460849
2019-02-01,venus,-0.708064,-0.128989
2019-03-01,venus,-0.412593,-0.595275
2019-04-01,venus,0.181693,-0.704323
2019-05-01,venus,0.641177,-0.34202
2019-06-01,venus,0.67509,0.261955
2019-07-01,venus,0.255075,0.674384
2019-08-01,venus,-0.352525,0.625477
2019-09-01,venus,-0.706804,0.127636
2019-10-01,venus,-0.568071,-0.446466
2019-11-01,venus,-0.031313,-0.726099
2019-12-01,venus,0.514102,-0.514403
2020-01-01,venus,0.723198,0.05255
2020-02-01,venus,0.427565,0.581877
2020-03-01,venus,-0.130257,0.707032
2020-04-01,venus,-0.626165,0.350426
2020-05-01,venus,-0.679802,-0.238915
2020-06-01,venus,-0.260358,-0.677212
2020-07-01,venus,0.324429,-0.651192
2020-08-01,venus,0.703171,-0.181097
2020-09-01,venus,0.59295,0.414246
2020-10-01,venus,0.086086,0.71488
2020-11-01,venus,-0.49273,0.521605
2020-12-01,venus,-0.718523,-0.026094
2021-01-01,venus,-0.44641,-0.569916
2021-02-01,venus,0.140645,-0.713598
2021-03-01,venus,0.598629,-0.412494
2021-04-01,venus,0.700957,0.183409
2021-05-01,venus,0.331168,0.640988
2021-06-01,venus,-0.277698,0.662391
2021-07-01,venus,-0.680647,0.22795
2021-08-01,venus,-0.614825,-0.378107
2021-09-01,venus,-0.113154,-0.717536
2021-10-01,venus,0.45285,-0.569281
2021-11-01,venus,0.724875,-0.029973
2021-12-01,venus,0.506444,0.515483
2022-01-01,venus,-0.067869,0.716034
2022-02-01,venus,-0.592868,0.404103
2022-03-01,venus,-0.706251,-0.138932
2022-04-01,venus,-0.353079,-0.633022
2022-05-01,venus,0.229779,-0.690226
2022-06-01,venus,0.670979,-0.278442
2022-07-01,venus,0.655044,0.30809
2022-08-01,venus,0.187589,0.695759
2022-09-01,venus,-0.412561,0.587351
2022-10-01,venus,-0.714284,0.077404
2022-11-01,venus,-0.522209,-0.50021
2022-12-01,venus,0.018827,-0.726745
2023-01-01,venus,0.561166,-0.462386
2023-02-01,venus,0.714388,0.122346
2023-03-01,venus,0.41943,0.587681
2023-04-01,venus,-0.179695,0.695855
2023-05-01,venus,-0.640501,0.323568
2023-06-01,venus,-0.661749,-0.28615
2023-07-01,venus,-0.232106,-0.687613
2023-08-01,venus,0.368469,-0.627308
2023-09-01,venus,0.713801,-0.132016
2023-10-01,venus,0.575,0.438569
2023-11-01,venus,0.035624,0.718912
2023-12-01,venus,-0.514379,0.500263
2024-01-01,venus,-0.715241,-0.07658
2024-02-01,venus,-0.406028,-0.599813
2024-03-01,venus,0.15036,-0.711605
2024-04-01,venus,0.63544,-0.352682
2024-05-01,venus,0.686288,0.231592
2024-06-01,venus,0.266588,0.670015
2024-07-01,venus,-0.323705,0.640994
2024-08-01,venus,-0.700109,0.159647
2024-09-01,venus,-0.575444,-0.436695
2024-10-01,venus,-0.063447,-0.723841
2024-11-01,venus,0.505495,-0.522903
2024-12-01,venus,0.724984,0.020302
2025-01-01,venus,0.453416,0.562217
2025-02-01,venus,-0.138081,0.705518
2025-03-01,venus,-0.598506,0.395725
2025-04-01,venus,-0.689668,-0.207847
2025-05-01,venus,-0.308505,-0.65629
2025-06-01,venus,0.295231,-0.664933
2025-07-01,venus,0.688453,-0.231408
2025-08-01,venus,0.621684,0.37019
2025-09-01,venus,0.118323,0.710418
2025-10-01,venus,-0.45295,0.556621
2025-11-01,venus,-0.718799,0.006524
2025-12-01,venus,-0.486368,-0.535678
2026-01-01,venus,0.088883,-0.721758
2026-02-01,venus,0.603013,-0.406008
2026-03-01,venus,0.712621,0.13216
2026-04-01,venus,0.359776,0.625552
2026-05-01,venus,-0.228219,0.681235
2026-06-01,venus,-0.669496,0.258653
2026-07-01,venus,-0.640443,-0.331975
2026-08-01,venus,-0.164595,-0.707244
2026-09-01,venus,0.427145,-0.58886
2026-10-01,venus,0.721018,-0.082323
2026-11-01,venus,0.529213,0.492318
2026-12-01,venus,-0.015045,0.719365
2027-01-01,venus,-0.561366,0.446842
2027-02-01,venus,-0.704738,-0.146698
2027-03-01,venus,-0.397825,-0.605404
2027-04-01,venus,0.198925,-0.699667
2027-05-01,venus,0.649338,-0.326104
2027-06-01,venus,0.66831,0.278584
2027-07-01,venus,0.238105,0.68047
2027-08-01,venus,-0.368145,0.61636
2027-09-01,venus,-0.709871,0.109838
2027-10-01,venus,-0.556922,-0.460532
2027-11-01,venus,-0.01347,-0.726713
2027-12-01,venus,0.526545,-0.501589
2028-01-01,venus,0.721592,0.070409
2028-02-01,venus,0.412868,0.592285
2028-03-01,venus,-0.147978,0.703463
2028-04-01,venus,-0.63483,0.334543
2028-05-01,venus,-0.673755,-0.255871
2028-06-01,venus,-0.243634,-0.683526
2028-07-01,venus,0.340295,-0.643036
2028-08-01,venus,0.707342,-0.163695
2028-09-01,venus,0.582395,0.428799
2028-10-01,venus,0.06812,0.716723
2028-11-01,venus,-0.505728,0.508995
2028-12-01,venus,-0.717758,-0.044133
2029-01-01,venus,-0.432255,-0.580904
2029-02-01,venus,0.15811,-0.709968
2029-03-01,venus,0.608534,-0.397632
2029-04-01,venus,0.696112,0.200682
2029-05-01,venus,0.315005,0.648969
2029-06-01,venus,-0.294281,0.655125
2029-07-01,venus,-0.686242,0.210736
2029-08-01,venus,-0.605346,-0.393388
2029-09-01,venus,-0.095491,-0.720187
2029-10-01,venus,0.466659,-0.557981
2029-11-01,venus,0.725311,-0.01207
2029-12-01,venus,0.493381,0.527859
2030-01-01,venus,-0.085839,0.714011
2030-02-01,venus,-0.602901,0.389015
2030-03-01,venus,-0.702683,-0.156621
2030-04-01,venus,-0.337397,-0.641664
2030-05-01,venus,0.246639,-0.684398
2030-06-01,venus,0.677565,-0.261822
2030-07-01,venus,0.647116,0.324203
2030-08-01,venus,0.170076,0.700137
2030-09-01,venus,-0.427235,0.576715
2030-10-01,venus,-0.716109,0.059404
2030-11-01,venus,-0.509739,-0.513133
2030-12-01,venus,0.036672,-0.726122
2031-01-01,venus,0.572314,-0.448436
2031-02-01,venus,0.71106,0.139963
2031-03-01,venus,0.404582,0.597875
2031-04-01,venus,-0.197141,0.691025
2031-05-01,venus,-0.648503,0.307304
2031-06-01,venus,-0.654531,-0.302671
2031-07-01,venus,-0.215114,-0.693237
2031-08-01,venus,0.383741,-0.618071
2031-09-01,venus,0.716767,-0.11437
2031-10-01,venus,0.563851,0.452664
2031-11-01,venus,0.017564,0.719474
2031-12-01,venus,-0.526838,0.48709
2032-01-01,venus,-0.713215,-0.094548
2032-02-01,venus,-0.391124,-0.609811
2032-03-01,venus,0.1678,-0.707734
2032-04-01,venus,0.643871,-0.336922
2032-05-01,venus,0.680265,0.248487
2032-06-01,venus,0.249721,0.676372
2032-07-01,venus,-0.339734,0.632563
2032-08-01,venus,-0.703981,0.141948
2032-09-01,venus,-0.564508,-0.450999
2032-10-01,venus,-0.045614,-0.725269
2032-11-01,venus,0.518163,-0.510306
2032-12-01,venus,0.724185,0.038196
2033-01-01,venus,0.439214,0.573259
2033-02-01,venus,-0.155763,0.701732
2033-03-01,venus,-0.608314,0.380481
2033-04-01,venus,-0.684373,-0.225111
2033-05-01,venus,-0.29224,-0.663837
2033-06-01,venus,0.311473,-0.657495
2033-07-01,venus,0.69388,-0.214363
2033-08-01,venus,0.612231,0.385454
2033-09-01,venus,0.100474,0.71306
2033-10-01,venus,-0.46683,0.544979
2033-11-01,venus,-0.718835,-0.011568
2033-12-01,venus,-0.473012,-0.547706
2034-01-01,venus,0.106605,-0.719411
2034-02-01,venus,0.612775,-0.391031
2034-03-01,venus,0.709055,0.149727
2034-04-01,venus,0.344013,0.634245
2034-05-01,venus,-0.245267,0.675202
2034-06-01,venus,-0.675848,0.241694
2034-07-01,venus,-0.632076,-0.34794
2034-08-01,venus,-0.147127,-0.711187
2034-09-01,venus,0.441475,-0.57818
2034-10-01,venus,0.722761,-0.0645
2034-11-01,venus,0.516744,0.505258
2034-12-01,venus,-0.033079,0.718668
2035-01-01,venus,-0.572456,0.432533
2035-02-01,venus,-0.700955,-0.16435
2035-03-01,venus,-0.382775,-0.615183
2035-04-01,venus,0.21607,-0.694595
2035-05-01,venus,0.657127,-0.309994
2035-06-01,venus,0.661127,0.29503
2035-07-01,venus,0.221,0.686113
2035-08-01,venus,-0.383523,0.606849
2035-09-01,venus,-0.712488,0.09195
2035-10-01,venus,-0.5454,-0.474335
2035-11-01,venus,0.004418,-0.726887
2035-12-01,venus,0.538697,-0.488468
2036-01-01,venus,0.719562,0.088223
2036-02-01,venus,0.397932,0.602311
2036-03-01,venus,-0.165583,0.699444
2036-04-01,venus,-0.643085,0.31845
2036-05-01,venus,-0.667276,-0.272682
2036-06-01,venus,-0.226727,-0.689426
2036-07-01,venus,0.355985,-0.634479
2036-08-01,venus,0.711104,-0.146187
2036-09-01,venus,0.571498,0.443082
2036-10-01,venus,0.05014,0.718107
2036-11-01,venus,-0.518382,0.496073
2036-12-01,venus,-0.716538,-0.062139
2037-01-01,venus,-0.417815,-0.591539
2037-02-01,venus,0.175506,-0.705894
2037-03-01,venus,0.618089,-0.382513
2037-04-01,venus,0.690859,0.217836
2037-05-01,venus,0.298671,0.656543
2037-06-01,venus,-0.310643,0.647454
2037-07-01,venus,-0.691389,0.193412
2037-08-01,venus,-0.595491,-0.408419
2037-09-01,venus,-0.077753,-0.722392
2037-10-01,venus,0.4802,-0.546324
2037-11-01,venus,0.725315,0.005852
2037-12-01,venus,0.480033,0.539913
2038-01-01,venus,-0.103724,0.711549
2038-02-01,venus,-0.612525,0.373711
2038-03-01,venus,-0.698675,-0.174183
2038-04-01,venus,-0.321511,-0.649906
2038-05-01,venus,0.26336,-0.67814
2038-06-01,venus,0.683742,-0.245024
2038-07-01,venus,0.6388,0.340127
2038-08-01,venus,0.152481,0.704088
2038-09-01,venus,-0.441608,0.565742
2038-10-01,venus,-0.717473,0.041409
2038-11-01,venus,-0.496967,-0.525715
2038-12-01,venus,0.054491,-0.725051
2039-01-01,venus,0.583115,-0.434196
2039-02-01,venus,0.707294,0.157507
2039-03-01,venus,0.389494,0.607707
2039-04-01,venus,-0.21444,0.685784
2039-05-01,venus,-0.656078,0.290887
2039-06-01,venus,-0.646916,-0.318961
2039-07-01,venus,-0.198013,-0.698422
2039-08-01,venus,0.398776,-0.608451
2039-09-01,venus,0.719287,-0.09664
2039-10-01,venus,0.552349,0.466489
2039-11-01,venus,-0.000495,0.719603
2039-12-01,venus,-0.538951,0.473645
2040-01-01,venus,-0.710746,-0.112411
2040-02-01,venus,-0.376008,-0.619406
2040-03-01,venus,0.185116,-0.703431
2040-04-01,venus,0.651902,-0.320949
2040-05-01,venus,0.67381,0.265238
2040-06-01,venus,0.232695,0.682315
2040-07-01,venus,-0.355547,0.623758
2040-08-01,venus,-0.707414,0.1242
2040-09-01,venus,-0.553247,-0.464983
2040-10-01,venus,-0.027787,-0.726244
2040-11-01,venus,0.530502,-0.497403
2040-12-01,venus,0.72293,0.056075
2041-01-01,venus,0.424723,0.58395
2041-02-01,venus,-0.173354,0.697516
2041-03-01,venus,-0.617748,0.365024
2041-04-01,venus,-0.678671,-0.242201
2041-05-01,venus,-0.27583,-0.670953
2041-06-01,venus,0.327497,-0.64966
2041-07-01,venus,0.698873,-0.197188
2041-08-01,venus,0.602382,0.400488
2041-09-01,venus,0.082543,0.715254
2041-10-01,venus,-0.48043,0.533003
2041-11-01,venus,-0.718441,-0.029633
2041-12-01,venus,-0.459394,-0.559374
2042-01-01,venus,0.124226,-0.71662
2042-02-01,venus,0.622147,-0.375827
2042-03-01,venus,0.705042,0.167204
2042-04-01,venus,0.32801,0.642542
2042-05-01,venus,-0.262183,0.668736
2042-06-01,venus,-0.681795,0.224584
2042-07-01,venus,-0.623341,-0.363682
2042-08-01,venus,-0.1296,-0.714687
2042-09-01,venus,0.455507,-0.567156
2042-10-01,venus,0.724052,-0.046646
2042-11-01,venus,0.503937,0.517889
2042-12-01,venus,-0.051122,0.71751
2043-01-01,venus,-0.583207,0.417937
2043-02-01,venus,-0.696756,-0.181909
2043-03-01,venus,-0.367511,-0.624586
2043-04-01,venus,0.233055,-0.689102
2043-05-01,venus,0.664496,-0.293708
2043-06-01,venus,0.653528,0.311292
2043-07-01,venus,0.20373,0.691325
2043-08-01,venus,-0.398686,0.59693
2043-09-01,venus,-0.714673,0.07398
2043-10-01,venus,-0.533553,-0.487864
2043-11-01,venus,0.022289,-0.726626
2043-12-01,venus,0.550499,-0.47506
2044-01-01,venus,0.71708,0.105971
2044-02-01,venus,0.382732,0.611963
2044-03-01,venus,-0.183113,0.694967
2044-04-01,venus,-0.650952,0.302119
2044-05-01,venus,-0.660385,-0.289356
2044-06-01,venus,-0.209683,-0.694924
2044-07-01,venus,0.371447,-0.625546
2044-08-01,venus,0.714418,-0.128605
2044-09-01,venus,0.560241,0.457084
2044-10-01,venus,0.032106,0.719036
2044-11-01,venus,-0.530731,0.482803
2044-12-01,venus,-0.714868,-0.080148
2045-01-01,venus,-0.403107,-0.601839
2045-02-01,venus,0.192801,-0.701406
2045-03-01,venus,0.627259,-0.367174
2045-04-01,venus,0.685174,0.234841
2045-05-01,venus,0.282143,0.663703
2045-06-01,venus,-0.326832,0.639356
2045-07-01,venus,-0.696105,0.175922
2045-08-01,venus,-0.585246,-0.423233
2045-09-01,venus,-0.059947,-0.724177
2045-10-01,venus,0.493458,-0.534345
2045-11-01,venus,0.724871,0.023756
2045-12-01,venus,0.466388,0.551618
2046-01-01,venus,-0.121553,0.708631
2046-02-01,venus,-0.621775,0.358138
2046-03-01,venus,-0.694213,-0.191678
2046-04-01,venus,-0.305395,-0.657772
2046-05-01,venus,0.279946,-0.671481
2046-06-01,venus,0.689511,-0.228085
2046-07-01,venus,0.630091,0.355823
2046-08-01,venus,0.134796,0.707589
2046-09-01,venus,-0.45571,0.554399
2046-10-01,venus,-0.718381,0.023352
2046-11-01,venus,-0.483853,-0.538
2046-12-01,venus,0.07231,-0.723545
2047-01-01,venus,0.593583,-0.419696
2047-02-01,venus,0.703102,0.174943
2047-03-01,venus,0.374175,0.617146
2047-04-01,venus,-0.231595,0.680106
2047-05-01,venus,-0.663241,0.27427
2047-06-01,venus,-0.638874,-0.33508
2047-07-01,venus,-0.18075,-0.703186
2047-08-01,venus,0.413597,-0.598459
2047-09-01,venus,0.721387,-0.078852
2047-10-01,venus,0.540521,0.480013
2047-11-01,venus,-0.018532,0.719273
2047-12-01,venus,-0.550716,0.459902
2048-01-01,venus,-0.707823,-0.130219
2048-02-01,venus,-0.360626,-0.628627
2048-03-01,venus,0.202352,-0.69869
2048-04-01,venus,0.659559,-0.304775
2048-05-01,venus,0.66696,0.281825
2048-06-01,venus,0.215547,0.687824
2048-07-01,venus,-0.371109,0.614565
2048-08-01,venus,-0.710395,0.106378
2048-09-01,venus,-0.541624,-0.478687
2048-10-01,venus,-0.009913,-0.726765
2048-11-01,venus,0.54254,-0.484181
2048-12-01,venus,0.721253,0.073925
2049-01-01,venus,0.409993,0.594278
2049-02-01,venus,-0.190803,0.692866
2049-03-01,venus,-0.626771,0.349357
2049-04-01,venus,-0.672542,-0.259131
2049-05-01,venus,-0.259234,-0.677652
2049-06-01,venus,0.343341,-0.64141
2049-07-01,venus,0.703454,-0.179879
2049-08-01,venus,0.592183,0.415281
2049-09-01,venus,0.064591,0.717009
2049-10-01,venus,-0.493694,0.520712
2049-11-01,venus,-0.717588,-0.04765
2049-12-01,venus,-0.445492,-0.570686
2050-01-01,venus,0.141784,-0.713379
2050-02-01,venus,0.631146,-0.360374
2050-03-01,venus,0.700609,0.184591
2050-04-01,venus,0.311827,0.650453
2050-05-01,venus,-0.278903,0.661871
2050-06-01,venus,-0.687293,0.207371
2050-07-01,venus,-0.614225,-0.379167
2050-08-01,venus,-0.111998,-0.717739
2050-09-01,venus,0.469266,-0.555771
2050-10-01,venus,0.7249,-0.028748
2050-11-01,venus,0.490831,0.530212
2050-12-01,venus,-0.06911,0.715923
2051-01-01,venus,-0.593566,0.403114
2051-02-01,venus,-0.692121,-0.19931
2051-03-01,venus,-0.352039,-0.633582
2051-04-01,venus,0.249891,-0.683182
2051-05-01,venus,0.671456,-0.277227
2051-06-01,venus,0.645525,0.327375
2051-07-01,venus,0.186345,0.696123
2051-08-01,venus,-0.413582,0.586667
2051-09-01,venus,-0.716402,0.056008
2051-10-01,venus,-0.521394,-0.501052
2051-11-01,venus,0.040122,-0.725912
2051-12-01,venus,0.56196,-0.461357
2052-01-01,venus,0.71415,0.123666
2052-02-01,venus,0.367291,0.621245
2052-03-01,venus,-0.200523,0.690076
2052-04-01,venus,-0.658405,0.285635
2052-05-01,venus,-0.653095,-0.305804
2052-06-01,venus,-0.192543,-0.699973
2052-07-01,venus,0.386664,-0.616235
2052-08-01,venus,0.717289,-0.110937
2052-09-01,venus,0.548624,0.470813
2052-10-01,venus,0.014046,0.719525
2052-11-01,venus,-0.54275,0.469253
2052-12-01,venus,-0.71276,-0.098071
2053-01-01,venus,-0.388181,-0.611736
2053-02-01,venus,0.209945,-0.696489
2053-03-01,venus,0.636038,-0.351615
2053-04-01,venus,0.679057,0.251711
2053-05-01,venus,0.265421,0.670454
2053-06-01,venus,-0.342828,0.630865
2053-07-01,venus,-0.700397,0.158342
2053-08-01,venus,-0.57466,-0.437757
2053-09-01,venus,-0.042142,-0.725506
2053-10-01,venus,0.506393,-0.522051
2053-11-01,venus,0.723978,0.041647
2053-12-01,venus,0.452433,0.562987
2054-01-01,venus,-0.139327,0.705265
2054-02-01,venus,-0.63065,0.342343
2054-03-01,venus,-0.689337,-0.209043
2054-04-01,venus,-0.28912,-0.665219
2054-05-01,venus,0.296327,-0.664416
2054-06-01,venus,0.694849,-0.211018
2054-07-01,venus,0.620984,0.371307
2054-08-01,venus,0.116999,0.710643
2054-09-01,venus,-0.469547,0.542693
2054-10-01,venus,-0.718856,0.005273
2054-11-01,venus,-0.470461,-0.54995
2054-12-01,venus,0.090057,-0.721597
2055-01-01,venus,0.60367,-0.404954
2055-02-01,venus,0.698474,0.19227
2055-03-01,venus,0.358601,0.626204
2055-04-01,venus,-0.248634,0.67398
2055-05-01,venus,-0.670002,0.257455
2055-06-01,venus,-0.630447,-0.351007
2055-07-01,venus,-0.163393,-0.707527
2055-08-01,venus,0.428144,-0.588113
2055-09-01,venus,0.723038,-0.06103
2055-10-01,venus,0.528349,0.493242
2055-11-01,venus,-0.036588,0.71848
2055-12-01,venus,-0.562153,0.445833
2056-01-01,venus,-0.704461,-0.147977
2056-02-01,venus,-0.345025,-0.637482
2056-03-01,venus,0.219455,-0.693536
2056-04-01,venus,0.666801,-0.28843
2056-05-01,venus,0.659697,0.298229
2056-06-01,venus,0.198247,0.692902
2056-07-01,venus,-0.386463,0.604955
2056-08-01,venus,-0.712931,0.088447
2056-09-01,venus,-0.529658,-0.492124
2056-10-01,venus,0.007972,-0.726862
2056-11-01,venus,0.554242,-0.470679
2056-12-01,venus,0.719129,0.091714
2057-01-01,venus,0.395003,0.604231
2057-02-01,venus,-0.208155,0.687765
2057-03-01,venus,-0.635409,0.333426
2057-04-01,venus,-0.665976,-0.275939
2057-05-01,venus,-0.242461,-0.683962
2057-06-01,venus,0.358986,-0.632787
2057-07-01,venus,0.707605,-0.162474
2057-08-01,venus,0.581617,0.429804
2057-09-01,venus,0.046591,0.718307
2057-10-01,venus,-0.506662,0.508064
2057-11-01,venus,-0.716271,-0.065682
2057-12-01,venus,-0.431285,-0.581675
2058-01-01,venus,0.159279,-0.709721
2058-02-01,venus,0.639775,-0.344712
2058-03-01,venus,0.695747,0.20185
2058-04-01,venus,0.295453,0.657945
2058-05-01,venus,-0.295453,0.654576
2058-06-01,venus,-0.692356,0.189992
2058-07-01,venus,-0.604696,-0.394449
2058-08-01,venus,-0.094292,-0.720367
2058-09-01,venus,0.482766,-0.544057
2058-10-01,venus,0.725319,-0.010841
2058-11-01,venus,0.477429,0.54219
2058-12-01,venus,-0.087045,0.713876
2059-01-01,venus,-0.603552,0.388019
2059-02-01,venus,-0.687034,-0.216617
2059-03-01,venus,-0.336311,-0.642204
2059-04-01,venus,0.266609,-0.676849
2059-05-01,venus,0.678033,-0.260581
2059-06-01,venus,0.637139,0.343245
2059-07-01,venus,0.168862,0.700471
2059-08-01,venus,-0.428204,0.576029
2059-09-01,venus,-0.717673,0.037985
2059-10-01,venus,-0.508882,-0.513946
2059-11-01,venus,0.057968,-0.724754
2059-12-01,venus,0.573107,-0.447371
2060-01-01,venus,0.710804,0.141285
2060-02-01,venus,0.351644,0.63013
2060-03-01,venus,-0.217779,0.684747
2060-04-01,venus,-0.66543,0.268975
2060-05-01,venus,-0.645384,-0.32207
2060-06-01,venus,-0.175254,-0.704593
2060-07-01,venus,0.401674,-0.606539
2060-08-01,venus,0.719745,-0.093194
2060-09-01,venus,0.536691,0.48425
2060-10-01,venus,-0.003993,0.719559
2060-11-01,venus,-0.554399,0.45542
2060-12-01,venus,-0.710199,-0.115923
2061-01-01,venus,-0.372999,-0.621256
2061-02-01,venus,0.226986,-0.691135
2061-03-01,venus,0.644448,-0.335829
2061-04-01,venus,0.672543,0.268433
2061-05-01,venus,0.24856,0.676789
2061-06-01,venus,-0.358572,0.621987
2061-07-01,venus,-0.704231,0.14069
2061-08-01,venus,-0.563718,-0.451997
2061-09-01,venus,-0.024298,-0.726384
2061-10-01,venus,0.519033,-0.509423
2061-11-01,venus,0.722654,0.059525
2061-12-01,venus,0.438219,0.574016
2062-01-01,venus,-0.156982,0.701468
2062-02-01,venus,-0.639099,0.326364
2062-03-01,venus,-0.68403,-0.226243
2062-04-01,venus,-0.272674,-0.672248
2062-05-01,venus,0.312536,-0.656936
2062-06-01,venus,0.699767,-0.193805
2062-07-01,venus,0.611504,0.386572
2062-08-01,venus,0.099151,0.713267
2062-09-01,venus,-0.483057,0.530672
2062-10-01,venus,-0.718868,-0.012764
2062-11-01,venus,-0.456795,-0.561536
2062-12-01,venus,0.107742,-0.719205
2063-01-01,venus,0.61339,-0.389952
2063-02-01,venus,0.693416,0.209491
2063-03-01,venus,0.342815,0.634885
2063-04-01,venus,-0.265496,0.667453
2063-05-01,venus,-0.676324,0.24052
2063-06-01,venus,-0.621641,-0.366672
2063-07-01,venus,-0.145961,-0.711422
2063-08-01,venus,0.442425,-0.577408
2063-09-01,venus,0.72424,-0.043158
2063-10-01,venus,0.515845,0.506174
2063-11-01,venus,-0.054613,0.717253
2063-12-01,venus,-0.573225,0.431516
2064-01-01,venus,-0.700665,-0.165596
2064-02-01,venus,-0.329244,-0.645916
2064-03-01,venus,0.236402,-0.687961
2064-04-01,venus,0.673632,-0.271905
2064-05-01,venus,0.652013,0.31446
2064-06-01,venus,0.180816,0.697555
2064-07-01,venus,-0.401574,0.594986
2064-08-01,venus,-0.715025,0.070496
2064-09-01,venus,-0.517391,-0.50522
2064-10-01,venus,0.025816,-0.726509
2064-11-01,venus,0.565596,-0.456897
2064-12-01,venus,0.716553,0.109456
2065-01-01,venus,0.379748,0.613813
2065-02-01,venus,-0.225386,0.682237
2065-03-01,venus,-0.643656,0.317306
2065-04-01,venus,-0.659016,-0.292545
2065-05-01,venus,-0.225574,-0.689832
2065-06-01,venus,0.374387,-0.623786
2065-07-01,venus,0.711318,-0.144972
2065-08-01,venus,0.570673,0.444067
2065-09-01,venus,0.028539,0.71915
2065-10-01,venus,-0.519325,0.495099
2065-11-01,venus,-0.714527,-0.083659
2065-12-01,venus,-0.416842,-0.592288
2066-01-01,venus,0.176643,-0.705631
2066-02-01,venus,0.648,-0.328853
2066-03-01,venus,0.690449,0.218988
2066-04-01,venus,0.278868,0.665025
2066-05-01,venus,-0.311839,0.646856
2066-06-01,venus,-0.697003,0.172489
2066-07-01,venus,-0.594815,-0.409485
2066-08-01,venus,-0.076559,-0.722552
2066-09-01,venus,0.495947,-0.532025
2066-10-01,venus,0.725287,0.007065
2066-11-01,venus,0.463711,0.553835
2066-12-01,venus,-0.104956,0.711364
2067-01-01,venus,-0.613175,0.372657
2067-02-01,venus,-0.681535,-0.233804
2067-03-01,venus,-0.320396,-0.65044
2067-04-01,venus,0.283141,-0.670113
2067-05-01,venus,0.684181,-0.243791
2067-06-01,venus,0.628351,0.358902
2067-07-01,venus,0.151245,0.704375
2067-08-01,venus,-0.44258,0.564997
2067-09-01,venus,-0.718505,0.019908
2067-10-01,venus,-0.496065,-0.526545
2067-11-01,venus,0.075767,-0.723167
2067-12-01,venus,0.58389,-0.433125
2068-01-01,venus,0.707014,0.158805
2068-02-01,venus,0.33576,0.638621
2068-03-01,venus,-0.234926,0.678964
2068-04-01,venus,-0.672046,0.252104
2068-05-01,venus,-0.637271,-0.338171
2068-06-01,venus,-0.157855,-0.708807
2068-07-01,venus,0.416435,-0.596487
2068-08-01,venus,0.721751,-0.07541
2068-09-01,venus,0.524418,0.497378
2068-10-01,venus,-0.022051,0.719131
2068-11-01,venus,-0.565715,0.441261
2068-12-01,venus,-0.707186,-0.133746
2069-01-01,venus,-0.357574,-0.630425
2069-02-01,venus,0.243899,-0.685379
2069-03-01,venus,0.652464,-0.319851
2069-04-01,venus,0.66561,0.284974
2069-05-01,venus,0.231537,0.682692
2069-06-01,venus,-0.374108,0.612695
2069-07-01,venus,-0.707621,0.122904
2069-08-01,venus,-0.552404,-0.465993
2069-09-01,venus,-0.006415,-0.726842
2069-10-01,venus,0.531372,-0.496496
2069-11-01,venus,0.720886,0.077352
2069-12-01,venus,0.423733,0.584672
2070-01-01,venus,-0.174544,0.697218
2070-02-01,venus,-0.647152,0.310146
2070-03-01,venus,-0.678276,-0.243343
2070-04-01,venus,-0.256027,-0.678888
2070-05-01,venus,0.328583,-0.649069
2070-06-01,venus,0.70427,-0.176482
2070-07-01,venus,0.601649,0.401582
2070-08-01,venus,0.081249,0.71543
2070-09-01,venus,-0.496266,0.518303
2070-10-01,venus,-0.718422,-0.030826
2070-11-01,venus,-0.442812,-0.572799
2070-12-01,venus,0.125397,-0.716383
2071-01-01,venus,0.62276,-0.374716
2071-02-01,venus,0.687941,0.226573
2071-03-01,venus,0.326828,0.643153
2071-04-01,venus,-0.282177,0.6605
2071-05-01,venus,-0.682219,0.22342
2071-06-01,venus,-0.612425,-0.382133
2071-07-01,venus,-0.128402,-0.714887
2071-08-01,venus,0.456467,-0.566348
2071-09-01,venus,0.725019,-0.025259
2071-10-01,venus,0.503037,0.518782
2071-11-01,venus,-0.072579,0.715567
2071-12-01,venus,-0.583922,0.41693
2072-01-01,venus,-0.696422,-0.183123
2072-02-01,venus,-0.31323,-0.653961
2072-03-01,venus,0.253235,-0.681957
2072-04-01,venus,0.680074,-0.255206
2072-05-01,venus,0.643947,0.330495
2072-06-01,venus,0.163298,0.701763
2072-07-01,venus,-0.416402,0.584648
2072-08-01,venus,-0.716663,0.052511
2072-09-01,venus,-0.50479,-0.518009
2072-10-01,venus,0.043672,-0.725703
2072-11-01,venus,0.576624,-0.442821
2072-12-01,venus,0.713556,0.127137
2073-01-01,venus,0.364281,0.623012
2073-02-01,venus,-0.24244,0.676288
2073-03-01,venus,-0.651477,0.30101
2073-04-01,venus,-0.651646,-0.308957
2073-05-01,venus,-0.208537,-0.695276
2073-06-01,venus,0.389575,-0.614388
2073-07-01,venus,0.714606,-0.127368
2073-08-01,venus,0.559394,0.458063
2073-09-01,venus,0.010499,0.719551
2073-10-01,venus,-0.531628,0.481847
2073-11-01,venus,-0.712331,-0.10155
2073-12-01,venus,-0.402147,-0.602527
2074-01-01,venus,0.193908,-0.7011
2074-02-01,venus,0.655834,-0.312774
2074-03-01,venus,0.684733,0.236002
2074-04-01,venus,0.262131,0.671702
2074-05-01,venus,-0.327999,0.638752
2074-06-01,venus,-0.701194,0.154919
2074-07-01,venus,-0.584577,-0.424236
2074-08-01,venus,-0.058787,-0.724289
2074-09-01,venus,0.508827,-0.519653
2074-10-01,venus,0.724805,0.024982
2074-11-01,venus,0.449714,0.565147
2074-12-01,venus,-0.12278,0.708428
2075-01-01,venus,-0.622393,0.357099
2075-02-01,venus,-0.675618,-0.2508
2075-03-01,venus,-0.304307,-0.658256
2075-04-01,venus,0.299491,-0.662965
2075-05-01,venus,0.689904,-0.226837
2075-06-01,venus,0.619168,0.374348
2075-07-01,venus,0.133542,0.707854
2075-08-01,venus,-0.456666,0.553642
2075-09-01,venus,-0.718886,0.001865
2075-10-01,venus,-0.482967,-0.538783
2075-11-01,venus,0.093495,-0.721134
2075-12-01,venus,0.594308,-0.418611
2076-01-01,venus,0.702776,0.176238
2076-02-01,venus,0.319661,0.646721
2076-03-01,venus,-0.251925,0.672776
2076-04-01,venus,-0.678243,0.235111
2076-05-01,venus,-0.62878,-0.354021
2076-06-01,venus,-0.140395,-0.712568
2076-07-01,venus,0.430923,-0.586076
2076-08-01,venus,0.723305,-0.057573
2076-09-01,venus,0.511803,0.510204
2076-10-01,venus,-0.040105,0.71826
2076-11-01,venus,-0.576685,0.426848
2076-12-01,venus,-0.703749,-0.151453
2077-01-01,venus,-0.341961,-0.639179
2077-02-01,venus,0.26063,-0.679207
2077-03-01,venus,0.66007,-0.303683
2077-04-01,venus,0.658251,0.301347
2077-05-01,venus,0.214348,0.68817
2077-06-01,venus,-0.389424,0.603022
2077-07-01,venus,-0.710586,0.105057
2077-08-01,venus,-0.540773,-0.479681
2077-09-01,venus,0.011435,-0.726846
2077-10-01,venus,0.543364,-0.483277
2077-11-01,venus,0.718667,0.095132
2077-12-01,venus,0.408961,0.594968
2078-01-01,venus,-0.19202,0.692523
2078-02-01,venus,-0.654818,0.293732
2078-03-01,venus,-0.672123,-0.260287
2078-04-01,venus,-0.239251,-0.685102
2078-05-01,venus,0.344397,-0.64081
2078-06-01,venus,0.708331,-0.159061
2078-07-01,venus,0.591409,0.416348
2078-08-01,venus,0.063266,0.717138
2078-09-01,venus,-0.509186,0.50559
2078-10-01,venus,-0.717546,-0.048882
2078-11-01,venus,-0.428575,-0.583715
2078-12-01,venus,0.142949,-0.713125
2079-01-01,venus,0.631731,-0.359264
2079-02-01,venus,0.682036,0.243513
2079-03-01,venus,0.310615,0.651021
2079-04-01,venus,-0.29871,0.65311
2079-05-01,venus,-0.687701,0.206151
2079-06-01,venus,-0.602841,-0.397378
2079-07-01,venus,-0.110776,-0.717926
2079-08-01,venus,0.47021,-0.554952
2079-09-01,venus,0.725343,-0.007359
2079-10-01,venus,0.489907,0.531067
2079-11-01,venus,-0.090529,0.713419
2079-12-01,venus,-0.594271,0.402045
2080-01-01,venus,-0.691747,-0.20057
2080-02-01,venus,-0.297022,-0.661627
2080-03-01,venus,0.269908,-0.67555
2080-04-01,venus,0.686087,-0.238366
2080-05-01,venus,0.635479,0.346317
2080-06-01,venus,0.145661,0.70553
2080-07-01,venus,-0.430994,0.573913
2080-08-01,venus,-0.717851,0.034449
2080-09-01,venus,-0.491865,-0.53051
2080-10-01,venus,0.06151,-0.724473
2080-11-01,venus,0.587296,-0.428487
2080-12-01,venus,0.710115,0.144724
2081-01-01,venus,0.348583,0.631818
2081-02-01,venus,-0.259363,0.669898
2081-03-01,venus,-0.658896,0.284483
2081-04-01,venus,-0.643851,-0.325217
2081-05-01,venus,-0.191349,-0.700318
2081-06-01,venus,0.404539,-0.604628
2081-07-01,venus,0.717456,-0.109697
2081-08-01,venus,0.547771,0.471761
2081-09-01,venus,-0.007552,0.719495
2081-10-01,venus,-0.543611,0.468266
2081-11-01,venus,-0.709675,-0.119421
2081-12-01,venus,-0.387172,-0.612419
2082-01-01,venus,0.211081,-0.696154
2082-02-01,venus,0.663281,-0.296512
2082-03-01,venus,0.678599,0.252857
2082-04-01,venus,0.245237,0.677947
2082-05-01,venus,-0.343957,0.630236
2082-06-01,venus,-0.704944,0.137219
2082-07-01,venus,-0.573944,-0.438754
2082-08-01,venus,-0.040942,-0.725592
2082-09-01,venus,0.521423,-0.506969
2082-10-01,venus,0.723894,0.042876
2082-11-01,venus,0.435449,0.576092
2082-12-01,venus,-0.140515,0.705041
2083-01-01,venus,-0.63122,0.341304
2083-02-01,venus,-0.669259,-0.267667
2083-03-01,venus,-0.287992,-0.665677
2083-04-01,venus,0.315692,-0.655409
2083-05-01,venus,0.69523,-0.209746
2083-06-01,venus,0.60962,0.389553
2083-07-01,venus,0.115777,0.71088
2083-08-01,venus,-0.47045,0.541939
2083-09-01,venus,-0.718809,-0.016192
2083-10-01,venus,-0.469539,-0.5507
2083-11-01,venus,0.1112,-0.718653
2083-12-01,venus,0.604389,-0.403834
2084-01-01,venus,0.698129,0.193564
2084-02-01,venus,0.303387,0.654413
2084-03-01,venus,-0.268735,0.666167
2084-04-01,venus,-0.684002,0.217979
2084-05-01,venus,-0.619886,-0.369655
2084-06-01,venus,-0.12282,-0.715886
2084-07-01,venus,0.445172,-0.575292
2084-08-01,venus,0.724438,-0.039693
2084-09-01,venus,0.498895,0.522716
2084-10-01,venus,-0.058101,0.71694
2084-11-01,venus,-0.587264,0.412184
2084-12-01,venus,-0.699866,-0.169052
2085-01-01,venus,-0.326125,-0.647536
2085-02-01,venus,0.277223,-0.672603
2085-03-01,venus,0.667287,-0.287314
2085-04-01,venus,0.650508,0.317543
2085-05-01,venus,0.197054,0.693226
2085-06-01,venus,-0.404461,0.592988
2085-07-01,venus,-0.713089,0.087176
2085-08-01,venus,-0.52881,-0.493055
2085-09-01,venus,0.029288,-0.726395
2085-10-01,venus,0.555034,-0.469745
2085-11-01,venus,0.716018,0.112867
2085-12-01,venus,0.393956,0.604907
2086-01-01,venus,-0.209346,0.687412
2086-02-01,venus,-0.662047,0.27717
2086-03-01,venus,-0.665552,-0.277032
2086-04-01,venus,-0.222336,-0.690884
2086-05-01,venus,0.360005,-0.632148
2086-06-01,venus,0.711961,-0.141527
2086-07-01,venus,0.580813,0.430869
2086-08-01,venus,0.045265,0.718418
2086-09-01,venus,-0.521759,0.492591
2086-10-01,venus,-0.716212,-0.066861
2086-11-01,venus,-0.414092,-0.594242
2086-12-01,venus,0.160404,-0.709426
2087-01-01,venus,0.640314,-0.34358
2087-02-01,venus,0.675708,0.260315
2087-03-01,venus,0.294216,0.658499
2087-04-01,venus,-0.31504,0.645336
2087-05-01,venus,-0.692738,0.188795
2087-06-01,venus,-0.592896,-0.412332
2087-07-01,venus,-0.09311,-0.720511
2087-08-01,venus,0.48366,-0.543216
2087-09-01,venus,0.725216,0.010558
2087-10-01,venus,0.476466,0.543034
2087-11-01,venus,-0.108419,0.710843
2087-12-01,venus,-0.604242,0.386939
2088-01-01,venus,-0.686648,-0.217847
2088-02-01,venus,-0.280664,-0.668858
2088-03-01,venus,0.286392,-0.668733
2088-04-01,venus,0.691676,-0.221377
2088-05-01,venus,0.626605,0.361935
2088-06-01,venus,0.127923,0.708865
2088-07-01,venus,-0.445318,0.562836
2088-08-01,venus,-0.718598,0.016398
2088-09-01,venus,-0.478662,-0.542647
2088-10-01,venus,0.079275,-0.722793
2088-11-01,venus,0.5976,-0.4139
2088-12-01,venus,0.706229,0.16223
2089-01-01,venus,0.332648,0.640234
2089-02-01,venus,-0.276136,0.663091
2089-03-01,venus,-0.665915,0.267793
2089-04-01,venus,-0.635675,-0.341249
2089-05-01,venus,-0.174079,-0.704912
2089-06-01,venus,0.419231,-0.594509
2089-07-01,venus,0.719863,-0.091964
2089-08-01,venus,0.53579,0.485174
2089-09-01,venus,-0.025623,0.718982
2089-10-01,venus,-0.555268,0.454388
2089-11-01,venus,-0.706594,-0.137208
2089-12-01,venus,-0.371985,-0.621921
2090-01-01,venus,0.228092,-0.690785
2090-02-01,venus,0.670312,-0.280082
2090-03-01,venus,0.672042,0.26956
2090-04-01,venus,0.228162,0.683769
2090-05-01,venus,-0.359722,0.621306
2090-06-01,venus,-0.708267,0.119423
2090-07-01,venus,-0.562973,-0.453002
2090-08-01,venus,-0.023099,-0.726451
2090-09-01,venus,0.533679,-0.49399
2090-10-01,venus,0.722535,0.060736
2090-11-01,venus,0.420897,0.586685
2090-12-01,venus,-0.158192,0.701193
2091-01-01,venus,-0.639664,0.325266
2091-02-01,venus,-0.662494,-0.284386
2091-03-01,venus,-0.271513,-0.672701
2091-04-01,venus,0.331679,-0.647464
2091-05-01,venus,0.70012,-0.192542
2091-06-01,venus,0.599689,0.404518
2091-07-01,venus,0.097912,0.713456
2091-08-01,venus,-0.483959,0.52986
2091-09-01,venus,-0.718285,-0.034273
2091-10-01,venus,-0.455824,-0.562302
2091-11-01,venus,0.12883,-0.715748
2091-12-01,venus,0.61409,-0.388826
2092-01-01,venus,0.693048,0.210759
2092-02-01,venus,0.286909,0.661695
2092-03-01,venus,-0.285404,0.659114
2092-04-01,venus,-0.689335,0.200665
2092-05-01,venus,-0.610597,-0.385094
2092-06-01,venus,-0.105162,-0.718791
2092-07-01,venus,0.459149,-0.564173
2092-08-01,venus,0.725122,-0.021804
2092-09-01,venus,0.485674,0.534897
2092-10-01,venus,-0.076081,0.71516
2092-11-01,venus,-0.597487,0.397219
2092-12-01,venus,-0.695531,-0.186587
2093-01-01,venus,-0.310067,-0.655523
2093-02-01,venus,0.293661,-0.665609
2093-03-01,venus,0.674101,-0.270782
2093-04-01,venus,0.642363,0.333529
2093-05-01,venus,0.179632,0.697841
2093-06-01,venus,-0.419258,0.582557
2093-07-01,venus,-0.715138,0.069196
2093-08-01,venus,-0.51649,-0.506157
2093-09-01,venus,0.04715,-0.725521
2093-10-01,venus,0.566384,-0.455939
2093-11-01,venus,0.712933,0.13052
2093-12-01,venus,0.378711,0.614455
2094-01-01,venus,-0.226543,0.681857
2094-02-01,venus,-0.668861,0.260401
2094-03-01,venus,-0.65854,-0.293641
2094-04-01,venus,-0.205249,-0.69626
2094-05-01,venus,0.375425,-0.623112
2094-06-01,venus,0.715172,-0.123913
2094-07-01,venus,0.569866,0.445108
2094-08-01,venus,0.027247,0.719234
2094-09-01,venus,-0.534003,0.479268
2094-10-01,venus,-0.714417,-0.084827
2094-11-01,venus,-0.399317,-0.604422
2094-12-01,venus,0.177796,-0.705299
2095-01-01,venus,0.648535,-0.327689
2095-02-01,venus,0.668979,0.27695
2095-03-01,venus,0.277651,0.66555
2095-04-01,venus,-0.331154,0.637151
2095-05-01,venus,-0.697334,0.17131
2095-06-01,venus,-0.582559,-0.427049
2095-07-01,venus,-0.07535,-0.722658
2095-08-01,venus,0.496845,-0.531146
2095-09-01,venus,0.724669,0.02847
2095-10-01,venus,0.46275,0.554656
2095-11-01,venus,-0.126213,0.707813
2095-12-01,venus,-0.613814,0.371595
2096-01-01,venus,-0.681111,-0.234995
2096-02-01,venus,-0.264106,-0.675682
2096-03-01,venus,0.302731,-0.661498
2096-04-01,venus,0.696866,-0.204245
2096-05-01,venus,0.617368,0.377332
2096-06-01,venus,0.110133,0.71175
2096-07-01,venus,-0.45933,0.551414
2096-08-01,venus,-0.718884,-0.001649
2096-09-01,venus,-0.465152,-0.55445
2096-10-01,venus,0.097015,-0.720663
2096-11-01,venus,0.607557,-0.399045
2096-12-01,venus,0.701928,0.179645
2097-01-01,venus,0.316531,0.648256
2097-02-01,venus,-0.292699,0.655877
2097-03-01,venus,-0.67249,0.250962
2097-04-01,venus,-0.627105,-0.357052
2097-05-01,venus,-0.156693,-0.709069
2097-06-01,venus,0.433681,-0.584012
2097-07-01,venus,0.72184,-0.074159
2097-08-01,venus,0.523496,0.498297
2097-09-01,venus,-0.043649,0.718029
2097-10-01,venus,-0.566542,0.440251
2097-11-01,venus,-0.703067,-0.154874
2097-12-01,venus,-0.356578,-0.631028
2098-01-01,venus,0.244971,-0.684987
2098-02-01,venus,0.676937,-0.263464
2098-03-01,venus,0.665075,0.286109
2098-04-01,venus,0.210965,0.689177
2098-05-01,venus,-0.375232,0.61201
2098-06-01,venus,-0.711129,0.101595
2098-07-01,venus,-0.55167,-0.466937
2098-08-01,venus,-0.005254,-0.726862
2098-09-01,venus,0.545612,-0.480699
2098-10-01,venus,0.720728,0.078573
2098-11-01,venus,0.406088,0.596924
2098-12-01,venus,-0.175752,0.696925
2099-01-01,venus,-0.647689,0.309062
2099-02-01,venus,-0.655326,-0.300883
2099-03-01,venus,-0.254895,-0.679293
2099-04-01,venus,0.347456,-0.639126
2099-05-01,venus,0.704576,-0.175207
2099-06-01,venus,0.589379,0.419241
2099-07-01,venus,0.07999,0.715597
2099-08-01,venus,-0.497155,0.517477
2099-09-01,venus,-0.717315,-0.052288
2099-10-01,venus,-0.441856,-0.573522
2099-11-01,venus,0.146355,-0.712406
2099-12-01,venus,0.623411,-0.373579
2100-01-01,venus,0.687527,0.227836
2100-02-01,venus,0.270241,0.668569
2100-03-01,venus,-0.283357,0.660016
2100-04-01,venus,-0.688703,0.202829
2100-05-01,venus,-0.611785,-0.383174
2100-06-01,venus,-0.107384,-0.718451
2100-07-01,venus,0.457414,-0.56558
2100-08-01,venus,0.725051,-0.024025
2100-09-01,venus,0.487315,0.533405
2100-10-01,venus,-0.07387,0.715404
2100-11-01,venus,-0.596252,0.399088
2100-12-01,venus,-0.696102,-0.184413
1900-01-01,earth,-0.196888,0.963352
1900-02-01,earth,-0.673436,0.71953
1900-03-01,earth,-0.939192,0.316652
1900-04-01,earth,-0.977016,-0.211444
1900-05-01,earth,-0.7543,-0.668539
1900-06-01,earth,-0.32319,-0.961426
1900-07-01,earth,0.177755,-1.001125
1900-08-01,earth,0.647633,-0.78141
1900-09-01,earth,0.944893,-0.353865
1900-10-01,earth,0.989231,0.152057
1900-11-01,earth,0.765489,0.631207
1900-12-01,earth,0.341198,0.924871
1901-01-01,earth,-0.192542,0.964165
1901-02-01,earth,-0.670141,0.722469
1901-03-01,earth,-0.93769,0.320763
1901-04-01,earth,-0.977832,-0.207138
1901-05-01,earth,-0.757129,-0.665188
1901-06-01,earth,-0.327331,-0.959935
1901-07-01,earth,0.173413,-1.001819
1901-08-01,earth,0.644219,-0.784191
1901-09-01,earth,0.943351,-0.358018
1901-10-01,earth,0.989954,0.147644
1901-11-01,earth,0.768423,0.627749
1901-12-01,earth,0.345516,0.923326
1902-01-01,earth,-0.188024,0.965083
1902-02-01,earth,-0.666756,0.725579
1902-03-01,earth,-0.936137,0.325057
1902-04-01,earth,-0.978674,-0.202726
1902-05-01,earth,-0.759981,-0.661818
1902-06-01,earth,-0.331425,-0.958497
1902-07-01,earth,0.169184,-1.002556
1902-08-01,earth,0.640967,-0.786939
1902-09-01,earth,0.941944,-0.362029
1902-10-01,earth,0.990729,0.14342
1902-11-01,earth,0.771296,0.624469
1902-12-01,earth,0.349719,0.921885
1903-01-01,earth,-0.183622,0.965997
1903-02-01,earth,-0.663427,0.728602
1903-03-01,earth,-0.934615,0.329258
1903-04-01,earth,-0.979475,-0.198412
1903-05-01,earth,-0.762758,-0.658511
1903-06-01,earth,-0.335444,-0.957052
1903-07-01,earth,0.164976,-1.003255
1903-08-01,earth,0.637643,-0.789663
1903-09-01,earth,0.940403,-0.366095
1903-10-01,earth,0.991375,0.13908
1903-11-01,earth,0.774075,0.621026
1903-12-01,earth,0.353857,0.920279
1904-01-01,earth,-0.179235,0.96676
1904-02-01,earth,-0.660065,0.731524
1904-03-01,earth,-0.938955,0.317064
1904-04-01,earth,-0.977014,-0.210986
1904-05-01,earth,-0.754514,-0.668164
1904-06-01,earth,-0.323574,-0.961227
1904-07-01,earth,0.177321,-1.001148
1904-08-01,earth,0.647267,-0.781672
1904-09-01,earth,0.944723,-0.3543
1904-10-01,earth,0.989314,0.151581
1904-11-01,earth,0.765847,0.63084
1904-12-01,earth,0.341737,0.924737
1905-01-01,earth,-0.191975,0.964353
1905-02-01,earth,-0.669735,0.722932
1905-03-01,earth,-0.937505,0.321361
1905-04-01,earth,-0.977958,-0.206575
1905-05-01,earth,-0.757475,-0.664797
1905-06-01,earth,-0.327765,-0.959803
1905-07-01,earth,0.173015,-1.001917
1905-08-01,earth,0.643966,-0.784456
1905-09-01,earth,0.943279,-0.358344
1905-10-01,earth,0.990054,0.147335
1905-11-01,earth,0.76866,0.627541
1905-12-01,earth,0.345847,0.923268
1906-01-01,earth,-0.187674,0.96521
1906-02-01,earth,-0.666475,0.725893
1906-03-01,earth,-0.93603,0.325512
1906-04-01,earth,-0.978784,-0.202252
1906-05-01,earth,-0.760289,-0.661444
1906-06-01,earth,-0.33185,-0.958305
1906-07-01,earth,0.168741,-1.002581
1906-08-01,earth,0.640594,-0.787168
1906-09-01,earth,0.941725,-0.362417
1906-10-01,earth,0.990723,0.142981
1906-11-01,earth,0.771514,0.624085
1906-12-01,earth,0.350092,0.92167
1907-01-01,earth,-0.183189,0.966017
1907-02-01,earth,-0.663069,0.728868
1907-03-01,earth,-0.934427,0.329656
1907-04-01,earth,-0.979533,-0.197937
1907-05-01,earth,-0.763049,-0.658107
1907-06-01,earth,-0.33591,-0.95685
1907-07-01,earth,0.164481,-1.003306
1907-08-01,earth,0.637261,-0.789969
1907-09-01,earth,0.940251,-0.366563
1907-10-01,earth,0.991484,0.138586
1907-11-01,earth,0.77444,0.620655
1907-12-01,earth,0.354368,0.920132
1908-01-01,earth,-0.178735,0.9669
1908-02-01,earth,-0.659734,0.731892
1908-03-01,earth,-0.938847,0.317551
1908-04-01,earth,-0.977177,-0.21053
1908-05-01,earth,-0.754879,-0.667845
1908-06-01,earth,-0.324027,-0.961127
1908-07-01,earth,0.176894,-1.001263
1908-08-01,earth,0.646975,-0.781942
1908-09-01,earth,0.944609,-0.354635
1908-10-01,earth,0.989383,0.151255
1908-11-01,earth,0.766063,0.630592
1908-12-01,earth,0.342052,0.924619
1909-01-01,earth,-0.191632,0.96439
1909-02-01,earth,-0.669443,0.723128
1909-03-01,earth,-0.937366,0.32166
1909-04-01,earth,-0.97799,-0.206234
1909-05-01,earth,-0.757691,-0.664506
1909-06-01,earth,-0.32814,-0.959641
1909-07-01,earth,0.172572,-1.001955
1909-08-01,earth,0.643561,-0.784716
1909-09-01,earth,0.943044,-0.358782
1909-10-01,earth,0.990065,0.146848
1909-11-01,earth,0.768938,0.627135
1909-12-01,earth,0.346299,0.923064
1910-01-01,earth,-0.187169,0.965284
1910-02-01,earth,-0.666084,0.72622
1910-03-01,earth,-0.935817,0.325947
1910-04-01,earth,-0.978827,-0.2018
1910-05-01,earth,-0.760541,-0.661103
1910-06-01,earth,-0.332242,-0.958175
1910-07-01,earth,0.168329,-1.00268
1910-08-01,earth,0.640291,-0.78748
1910-09-01,earth,0.941627,-0.362837
1910-10-01,earth,0.990839,0.142573
1910-11-01,earth,0.771813,0.623816
1910-12-01,earth,0.350487,0.921597
1911-01-01,earth,-0.182811,0.966174
1911-02-01,earth,-0.662811,0.729204
1911-03-01,earth,-0.934337,0.330108
1911-04-01,earth,-0.979658,-0.197519
1911-05-01,earth,-0.763337,-0.657817
1911-06-01,earth,-0.336267,-0.956747
1911-07-01,earth,0.16413,-1.003391
1911-08-01,earth,0.636991,-0.790209
1911-09-01,earth,0.940113,-0.366903
1911-10-01,earth,0.99151,0.138226
1911-11-01,earth,0.774606,0.62036
1911-12-01,earth,0.354623,0.919973
1912-01-01,earth,-0.178451,0.966899
1912-02-01,earth,-0.659483,0.732059
1912-03-01,earth,-0.938714,0.317838
1912-04-01,earth,-0.977206,-0.210169
1912-05-01,earth,-0.755085,-0.667523
1912-06-01,earth,-0.324384,-0.960942
1912-07-01,earth,0.176484,-1.001284
1912-08-01,earth,0.646617,-0.782206
1912-09-01,earth,0.944432,-0.3551
1912-10-01,earth,0.989457,0.150722
1912-11-01,earth,0.76641,0.630154
1912-12-01,earth,0.342553,0.924409
1913-01-01,earth,-0.191134,0.96448
1913-02-01,earth,-0.669112,0.723458
1913-03-01,earth,-0.937225,0.322102
1913-04-01,earth,-0.978117,-0.205792
1913-05-01,earth,-0.758016,-0.664182
1913-06-01,earth,-0.328559,-0.959533
1913-07-01,earth,0.172183,-1.002059
1913-08-01,earth,0.643317,-0.784995
1913-09-01,earth,0.942997,-0.359144
1913-10-01,earth,0.990213,0.146483
1913-11-01,earth,0.769249,0.626871
1913-12-01,earth,0.346704,0.922964
1914-01-01,earth,-0.186789,0.965372
1914-02-01,earth,-0.66582,0.726454
1914-03-01,earth,-0.935728,0.326279
1914-04-01,earth,-0.978928,-0.201477
1914-05-01,earth,-0.760805,-0.660858
1914-06-01,earth,-0.332606,-0.958065
1914-07-01,earth,0.167945,-1.002742
1914-08-01,earth,0.63997,-0.787707
1914-09-01,earth,0.94145,-0.363201
1914-10-01,earth,0.990876,0.14215
1914-11-01,earth,0.772088,0.623432
1914-12-01,earth,0.350941,0.921376
1915-01-01,earth,-0.182289,0.966189
1915-02-01,earth,-0.662378,0.729453
1915-03-01,earth,-0.934093,0.330457
1915-04-01,earth,-0.979642,-0.197127
1915-05-01,earth,-0.76353,-0.657495
1915-06-01,earth,-0.336633,-0.956586
1915-07-01,earth,0.163706,-1.003444
1915-08-01,earth,0.636635,-0.790496
1915-09-01,earth,0.939957,-0.367354
1915-10-01,earth,0.991613,0.137738
1915-11-01,earth,0.774997,0.619982
1915-12-01,earth,0.355208,0.919826
1916-01-01,earth,-0.177831,0.967078
1916-02-01,earth,-0.659032,0.732515
1916-03-01,earth,-0.938518,0.31842
1916-04-01,earth,-0.977317,-0.209646
1916-05-01,earth,-0.755406,-0.66718
1916-06-01,earth,-0.324789,-0.960847
1916-07-01,earth,0.176102,-1.001411
1916-08-01,earth,0.646361,-0.782494
1916-09-01,earth,0.944348,-0.355454
1916-10-01,earth,0.989554,0.150385
1916-11-01,earth,0.766656,0.629918
1916-12-01,earth,0.342911,0.924329
1917-01-01,earth,-0.190736,0.964594
1917-02-01,earth,-0.668769,0.723776
1917-03-01,earth,-0.93706,0.322559
1917-04-01,earth,-0.978163,-0.205313
1917-05-01,earth,-0.758257,-0.663804
1917-06-01,earth,-0.328934,-0.959333
1917-07-01,earth,0.171767,-1.00208
1917-08-01,earth,0.642946,-0.785241
1917-09-01,earth,0.942783,-0.359576
1917-10-01,earth,0.990235,0.145986
1917-11-01,earth,0.769535,0.626443
1917-12-01,earth,0.34717,0.922744
1918-01-01,earth,-0.186256,0.965452
1918-02-01,earth,-0.66539,0.726837
1918-03-01,earth,-0.935497,0.32682
1918-04-01,earth,-0.97899,-0.200881
1918-05-01,earth,-0.761115,-0.660383
1918-06-01,earth,-0.333069,-0.957839
1918-07-01,earth,0.167479,-1.002782
1918-08-01,earth,0.639636,-0.787995
1918-09-01,earth,0.941343,-0.363628
1918-10-01,earth,0.991005,0.141711
1918-11-01,earth,0.77243,0.623121
1918-12-01,earth,0.351398,0.921276
1919-01-01,earth,-0.181852,0.966356
1919-02-01,earth,-0.662089,0.729844
1919-03-01,earth,-0.934002,0.331001
1919-04-01,earth,-0.979834,-0.196587
1919-05-01,earth,-0.763944,-0.657092
1919-06-01,earth,-0.33714,-0.95642
1919-07-01,earth,0.163234,-1.003515
1919-08-01,earth,0.636309,-0.790744
1919-09-01,earth,0.939819,-0.367694
1919-10-01,earth,0.991667,0.137388
1919-11-01,earth,0.775205,0.619704
1919-12-01,earth,0.355514,0.919687
1920-01-01,earth,-0.177504,0.967102
1920-02-01,earth,-0.658759,0.732707
1920-03-01,earth,-0.938391,0.318738
1920-04-01,earth,-0.977383,-0.209251
1920-05-01,earth,-0.755686,-0.666821
1920-06-01,earth,-0.32525,-0.960633
1920-07-01,earth,0.175585,-1.001421
1920-08-01,earth,0.645917,-0.782749
1920-09-01,earth,0.944109,-0.355892
1920-10-01,earth,0.98958,0.149894
1920-11-01,earth,0.766965,0.629511
1920-12-01,earth,0.343395,0.924133
1921-01-01,earth,-0.190222,0.964687
1921-02-01,earth,-0.668402,0.724117
1921-03-01,earth,-0.93689,0.32301
1921-04-01,earth,-0.978279,-0.204852
1921-05-01,earth,-0.758608,-0.663458
1921-06-01,earth,-0.329431,-0.959212
1921-07-01,earth,0.171264,-1.002201
1921-08-01,earth,0.64259,-0.785567
1921-09-01,earth,0.942655,-0.35998
1921-10-01,earth,0.990322,0.14562
1921-11-01,earth,0.769786,0.626216
1921-12-01,earth,0.347509,0.922688
1922-01-01,earth,-0.185931,0.96558
1922-02-01,earth,-0.665165,0.727104
1922-03-01,earth,-0.935431,0.327182
1922-04-01,earth,-0.979116,-0.200544
1922-05-01,earth,-0.76141,-0.660144
1922-06-01,earth,-0.333471,-0.95776
1922-07-01,earth,0.167045,-1.0029
1922-08-01,earth,0.639266,-0.788295
1922-09-01,earth,0.941124,-0.364057
1922-10-01,earth,0.990993,0.141259
1922-11-01,earth,0.772614,0.62275
1922-12-01,earth,0.351711,0.92107
1923-01-01,earth,-0.181489,0.966344
1923-02-01,earth,-0.661773,0.730024
1923-03-01,earth,-0.933826,0.331274
1923-04-01,earth,-0.979824,-0.196263
1923-05-01,earth,-0.764108,-0.656817
1923-06-01,earth,-0.337466,-0.956281
1923-07-01,earth,0.162832,-1.003582
1923-08-01,earth,0.635939,-0.791061
1923-09-01,earth,0.939627,-0.368208
1923-10-01,earth,0.991729,0.136823
1923-11-01,earth,0.775537,0.619252
1923-12-01,earth,0.355999,0.919468
1924-01-01,earth,-0.177015,0.967184
1924-02-01,earth,-0.658426,0.733031
1924-03-01,earth,-0.93826,0.319175
1924-04-01,earth,-0.977502,-0.208842
1924-05-01,earth,-0.75598,-0.666548
1924-06-01,earth,-0.325618,-0.960577
1924-07-01,earth,0.175237,-1.001572
1924-08-01,earth,0.645689,-0.783074
1924-09-01,earth,0.944058,-0.356308
1924-10-01,earth,0.98972,0.149476
1924-11-01,earth,0.767258,0.629203
1924-12-01,earth,0.343769,0.923994
1925-01-01,earth,-0.189871,0.964728
1925-02-01,earth,-0.668144,0.724304
1925-03-01,earth,-0.936785,0.323295
1925-04-01,earth,-0.978326,-0.204559
1925-05-01,earth,-0.758792,-0.663228
1925-06-01,earth,-0.329708,-0.959098
1925-07-01,earth,0.170955,-1.002248
1925-08-01,earth,0.642314,-0.785795
1925-09-01,earth,0.942507,-0.360387
1925-10-01,earth,0.990396,0.14512
1925-11-01,earth,0.770126,0.625752
1925-12-01,earth,0.348034,0.922417
1926-01-01,earth,-0.185357,0.965587
1926-02-01,earth,-0.664712,0.727369
1926-03-01,earth,-0.935172,0.327552
1926-04-01,earth,-0.979094,-0.200139
1926-05-01,earth,-0.761581,-0.659819
1926-06-01,earth,-0.333779,-0.957601
1926-07-01,earth,0.166714,-1.002933
1926-08-01,earth,0.639019,-0.788529
1926-09-01,earth,0.941062,-0.364426
1926-10-01,earth,0.991155,0.140851
1926-11-01,earth,0.773019,0.622434
1926-12-01,earth,0.352276,0.920959
1927-01-01,earth,-0.180918,0.966523
1927-02-01,earth,-0.661372,0.730441
1927-03-01,earth,-0.933644,0.331813
1927-04-01,earth,-0.979931,-0.195772
1927-05-01,earth,-0.764413,-0.656484
1927-06-01,earth,-0.337844,-0.95617
1927-07-01,earth,0.162484,-1.003669
1927-08-01,earth,0.635715,-0.791286
1927-09-01,earth,0.93956,-0.368495
1927-10-01,earth,0.991832,0.136534
1927-11-01,earth,0.775793,0.619036
1927-12-01,earth,0.356376,0.919392
1928-01-01,earth,-0.176592,0.967291
1928-02-01,earth,-0.658059,0.733328
1928-03-01,earth,-0.938063,0.319596
1928-04-01,earth,-0.977507,-0.208395
1928-05-01,earth,-0.756172,-0.666185
1928-06-01,earth,-0.325948,-0.960364
1928-07-01,earth,0.174864,-1.001553
1928-08-01,earth,0.645357,-0.783258
1928-09-01,earth,0.94387,-0.356663
1928-10-01,earth,0.989749,0.149058
1928-11-01,earth,0.767546,0.628844
1928-12-01,earth,0.344247,0.923831
1929-01-01,earth,-0.189319,0.964869
1929-02-01,earth,-0.667707,0.724746
1929-03-01,earth,-0.936558,0.323886
1929-04-01,earth,-0.978414,-0.203942
1929-05-01,earth,-0.759129,-0.662755
1929-06-01,earth,-0.33018,-0.958887
1929-07-01,earth,0.170499,-1.002295
1929-08-01,earth,0.642002,-0.786057
1929-09-01,earth,0.94241,-0.360744
1929-10-01,earth,0.990504,0.14478
1929-11-01,earth,0.7704,0.62554
1929-12-01,earth,0.348402,0.922382
1930-01-01,earth,-0.184998,0.96577
1930-02-01,earth,-0.664464,0.727746
1930-03-01,earth,-0.935105,0.328075
1930-04-01,earth,-0.979281,-0.199617
1930-05-01,earth,-0.76198,-0.659427
1930-06-01,earth,-0.334272,-0.957433
1930-07-01,earth,0.166239,-1.002998
1930-08-01,earth,0.638664,-0.788777
1930-09-01,earth,0.940879,-0.364786
1930-10-01,earth,0.991171,0.14047
1930-11-01,earth,0.773213,0.62212
1930-12-01,earth,0.352589,0.920792
1931-01-01,earth,-0.180564,0.96654
1931-02-01,earth,-0.661071,0.730656
1931-03-01,earth,-0.933504,0.332153
1931-04-01,earth,-0.979989,-0.195352
1931-05-01,earth,-0.764685,-0.656107
1931-06-01,earth,-0.338295,-0.955947
1931-07-01,earth,0.161981,-1.003674
1931-08-01,earth,0.635283,-0.79154
1931-09-01,earth,0.93933,-0.368935
1931-10-01,earth,0.99186,0.13604
1931-11-01,earth,0.776099,0.618625
1931-12-01,earth,0.356859,0.919189
1932-01-01,earth,-0.176077,0.967385
1932-02-01,earth,-0.657692,0.733688
1932-03-01,earth,-0.937922,0.320093
1932-04-01,earth,-0.977673,-0.207894
1932-05-01,earth,-0.756584,-0.665817
1932-06-01,earth,-0.326495,-0.960247
1932-07-01,earth,0.174329,-1.001694
1932-08-01,earth,0.644987,-0.783605
1932-09-01,earth,0.94374,-0.357083
1932-10-01,earth,0.989843,0.148674
1932-11-01,earth,0.767804,0.628593
1932-12-01,earth,0.344591,0.923749
1933-01-01,earth,-0.188988,0.964961
1933-02-01,earth,-0.667467,0.724979
1933-03-01,earth,-0.936478,0.324219
1933-04-01,earth,-0.978516,-0.203615
1933-05-01,earth,-0.759406,-0.662509
1933-06-01,earth,-0.330584,-0.95879
1933-07-01,earth,0.170047,-1.002398
1933-08-01,earth,0.641606,-0.786357
1933-09-01,earth,0.942174,-0.361192
1933-10-01,earth,0.990497,0.144294
1933-11-01,earth,0.770629,0.625127
1933-12-01,earth,0.348793,0.922153
1934-01-01,earth,-0.18454,0.965782
1934-02-01,earth,-0.664077,0.727997
1934-03-01,earth,-0.934886,0.328437
1934-04-01,earth,-0.97928,-0.199209
1934-05-01,earth,-0.762185,-0.659095
1934-06-01,earth,-0.334651,-0.957275
1934-07-01,earth,0.165799,-1.00307
1934-08-01,earth,0.638291,-0.789101
1934-09-01,earth,0.940709,-0.36528
1934-10-01,earth,0.991249,0.139954
1934-11-01,earth,0.773533,0.621735
1934-12-01,earth,0.353043,0.920635
1935-01-01,earth,-0.180109,0.966669
1935-02-01,earth,-0.660759,0.731019
1935-03-01,earth,-0.933371,0.332644
1935-04-01,earth,-0.980124,-0.19488
1935-05-01,earth,-0.765021,-0.655779
1935-06-01,earth,-0.338724,-0.955858
1935-07-01,earth,0.161567,-1.00382
1935-08-01,earth,0.634997,-0.791879
1935-09-01,earth,0.939233,-0.369374
1935-10-01,earth,0.991963,0.135605
1935-11-01,earth,0.776351,0.61831
1935-12-01,earth,0.35718,0.919048
1936-01-01,earth,-0.175779,0.967412
1936-02-01,earth,-0.657466,0.733853
1936-03-01,earth,-0.937823,0.320357
1936-04-01,earth,-0.977711,-0.207594
1936-05-01,earth,-0.756768,-0.66556
1936-06-01,earth,-0.326795,-0.960101
1936-07-01,earth,0.173984,-1.001724
1936-08-01,earth,0.644671,-0.783843
1936-09-01,earth,0.943564,-0.35752
1936-10-01,earth,0.9899,0.148148
1936-11-01,earth,0.768131,0.62812
1936-12-01,earth,0.345092,0.923481
1937-01-01,earth,-0.188453,0.964982
1937-02-01,earth,-0.667065,0.725259
1937-03-01,earth,-0.936267,0.324611
1937-04-01,earth,-0.978562,-0.20318
1937-05-01,earth,-0.759662,-0.662159
1937-06-01,earth,-0.330979,-0.958631
1937-07-01,earth,0.169645,-1.002458
1937-08-01,earth,0.641321,-0.786634
1937-09-01,earth,0.942103,-0.3616
1937-10-01,earth,0.990659,0.143865
1937-11-01,earth,0.771012,0.624812
1937-12-01,earth,0.349299,0.922039
1938-01-01,earth,-0.184065,0.965915
1938-02-01,earth,-0.663768,0.728306
1938-03-01,earth,-0.934771,0.328841
1938-04-01,earth,-0.979401,-0.198844
1938-05-01,earth,-0.762479,-0.658846
1938-06-01,earth,-0.335024,-0.957202
1938-07-01,earth,0.165434,-1.003177
1938-08-01,earth,0.638025,-0.789354
1938-09-01,earth,0.9406,-0.365625
1938-10-01,earth,0.991337,0.139584
1938-11-01,earth,0.773817,0.621427
1938-12-01,earth,0.353473,0.92048
1939-01-01,earth,-0.179638,0.966712
1939-02-01,earth,-0.660368,0.731246
1939-03-01,earth,-0.933161,0.332959
1939-04-01,earth,-0.980092,-0.194549
1939-05-01,earth,-0.765153,-0.655509
1939-06-01,earth,-0.338996,-0.9557
1939-07-01,earth,0.161228,-1.003828
1939-08-01,earth,0.634675,-0.792086
1939-09-01,earth,0.939051,-0.369754
1939-10-01,earth,0.992011,0.135156
1939-11-01,earth,0.776686,0.617918
1939-12-01,earth,0.357734,0.918861
1940-01-01,earth,-0.17514,0.967552
1940-02-01,earth,-0.656962,0.734306
1940-03-01,earth,-0.937569,0.320958
1940-04-01,earth,-0.977783,-0.207016
1940-05-01,earth,-0.757072,-0.665155
1940-06-01,earth,-0.327214,-0.95996
1940-07-01,earth,0.173577,-1.001825
1940-08-01,earth,0.644397,-0.784138
1940-09-01,earth,0.94349,-0.357897
1940-10-01,earth,0.990024,0.147791
1940-11-01,earth,0.76842,0.627894
1940-12-01,earth,0.345481,0.923437
1941-01-01,earth,-0.188063,0.965152
1941-02-01,earth,-0.666773,0.725618
1941-03-01,earth,-0.936153,0.325101
1941-04-01,earth,-0.978665,-0.202714
1941-05-01,earth,-0.759936,-0.661826
1941-06-01,earth,-0.33133,-0.958489
1941-07-01,earth,0.169294,-1.002513
1941-08-01,earth,0.641039,-0.786855
1941-09-01,earth,0.941947,-0.361951
1941-10-01,earth,0.990689,0.143464
1941-11-01,earth,0.771242,0.624459
1941-12-01,earth,0.349681,0.921849
1942-01-01,earth,-0.183614,0.965964
1942-02-01,earth,-0.663375,0.72862
1942-03-01,earth,-0.93456,0.329307
1942-04-01,earth,-0.97943,-0.198308
1942-05-01,earth,-0.762728,-0.658395
1942-06-01,earth,-0.335427,-0.956945
1942-07-01,earth,0.165009,-1.003155
1942-08-01,earth,0.637685,-0.789569
1942-09-01,earth,0.940447,-0.366009
1942-10-01,earth,0.991411,0.139149
1942-11-01,earth,0.774132,0.621076
1942-12-01,earth,0.353939,0.920328
1943-01-01,earth,-0.179149,0.966851
1943-02-01,earth,-0.660022,0.731655
1943-03-01,earth,-0.933017,0.333527
1943-04-01,earth,-0.980268,-0.19396
1943-05-01,earth,-0.765583,-0.655063
1943-06-01,earth,-0.339542,-0.955524
1943-07-01,earth,0.160726,-1.003914
1943-08-01,earth,0.634353,-0.792364
1943-09-01,earth,0.938952,-0.370106
1943-10-01,earth,0.992111,0.134823
1943-11-01,earth,0.776927,0.617694
1943-12-01,earth,0.358047,0.918784
1944-01-01,earth,-0.174845,0.967629
1944-02-01,earth,-0.656746,0.734515
1944-03-01,earth,-0.937498,0.321271
1944-04-01,earth,-0.977884,-0.206669
1944-05-01,earth,-0.757354,-0.664859
1944-06-01,earth,-0.32763,-0.959794
1944-07-01,earth,0.173128,-1.00185
1944-08-01,earth,0.644015,-0.784352
1944-09-01,earth,0.943268,-0.358257
1944-10-01,earth,0.990021,0.147381
1944-11-01,earth,0.768656,0.62753
1944-12-01,earth,0.345893,0.923237
1945-01-01,earth,-0.187579,0.965199
1945-02-01,earth,-0.666378,0.725916
1945-03-01,earth,-0.935943,0.32552
1945-04-01,earth,-0.97872,-0.202241
1945-05-01,earth,-0.760236,-0.661435
1945-06-01,earth,-0.331813,-0.9583
1945-07-01,earth,0.168773,-1.002572
1945-08-01,earth,0.640633,-0.787156
1945-09-01,earth,0.941774,-0.362374
1945-10-01,earth,0.990753,0.143058
1945-11-01,earth,0.771511,0.624193
1945-12-01,earth,0.350059,0.921774
1946-01-01,earth,-0.183241,0.966114
1946-02-01,earth,-0.663128,0.728946
1946-03-01,earth,-0.934476,0.32974
1946-04-01,earth,-0.979587,-0.197899
1946-05-01,earth,-0.763083,-0.658111
1946-06-01,earth,-0.335887,-0.956875
1946-07-01,earth,0.164543,-1.00331
1946-08-01,earth,0.637335,-0.789911
1946-09-01,earth,0.940284,-0.366443
1946-10-01,earth,0.991454,0.138731
1946-11-01,earth,0.774332,0.620775
1946-12-01,earth,0.354225,0.920193
1947-01-01,earth,-0.178858,0.966877
1947-02-01,earth,-0.659783,0.731822
1947-03-01,earth,-0.93291,0.333786
1947-04-01,earth,-0.980294,-0.193671
1947-05-01,earth,-0.765756,-0.654817
1947-06-01,earth,-0.33985,-0.955387
1947-07-01,earth,0.160345,-1.003959
1947-08-01,earth,0.633986,-0.792631
1947-09-01,earth,0.938729,-0.370569
1947-10-01,earth,0.992125,0.134286
1947-11-01,earth,0.777208,0.617227
1947-12-01,earth,0.3585,0.918526
1948-01-01,earth,-0.174346,0.967662
1948-02-01,earth,-0.656368,0.734817
1948-03-01,earth,-0.937318,0.32171
1948-04-01,earth,-0.977974,-0.206205
1948-05-01,earth,-0.75766,-0.664508
1948-06-01,earth,-0.32807,-0.95967
1948-07-01,earth,0.17268,-1.001971
1948-08-01,earth,0.643694,-0.784706
1948-09-01,earth,0.943173,-0.358742
1948-10-01,earth,0.990167,0.146895
1948-11-01,earth,0.769003,0.627188
1948-12-01,earth,0.346327,0.923107
1949-01-01,earth,-0.187197,0.965293
1949-02-01,earth,-0.666141,0.726162
1949-03-01,earth,-0.935873,0.325861
1949-04-01,earth,-0.978841,-0.201925
1949-05-01,earth,-0.760507,-0.661216
1949-06-01,earth,-0.332162,-0.958237
1949-07-01,earth,0.168419,-1.002687
1949-08-01,earth,0.640355,-0.787437
1949-09-01,earth,0.941644,-0.362793
1949-10-01,earth,0.990841,0.142578
1949-11-01,earth,0.771831,0.623767
1949-12-01,earth,0.350543,0.921533
1950-01-01,earth,-0.182717,0.966117
1950-02-01,earth,-0.662702,0.729176
1950-03-01,earth,-0.934245,0.330071
1950-04-01,earth,-0.979557,-0.197535
1950-05-01,earth,-0.763234,-0.65781
1950-06-01,earth,-0.336186,-0.956703
1950-07-01,earth,0.164189,-1.00332
1950-08-01,earth,0.637021,-0.790134
1950-09-01,earth,0.940134,-0.366844
1950-10-01,earth,0.991544,0.138259
1950-11-01,earth,0.774708,0.62037
1950-12-01,earth,0.354805,0.919999
1951-01-01,earth,-0.178224,0.967011
1951-02-01,earth,-0.659306,0.732252
1951-03-01,earth,-0.932663,0.334351
1951-04-01,earth,-0.980376,-0.193119
1951-05-01,earth,-0.76608,-0.654425
1951-06-01,earth,-0.340296,-0.955254
1951-07-01,earth,0.159914,-1.00407
1951-08-01,earth,0.633698,-0.79294
1951-09-01,earth,0.938652,-0.370965
1951-10-01,earth,0.992258,0.133907
1951-11-01,earth,0.77752,0.616976
1951-12-01,earth,0.358923,0.918459
1952-01-01,earth,-0.173921,0.96781
1952-02-01,earth,-0.656041,0.735146
1952-03-01,earth,-0.937175,0.322151
1952-04-01,earth,-0.978034,-0.205782
1952-05-01,earth,-0.757889,-0.664196
1952-06-01,earth,-0.328392,-0.95952
1952-07-01,earth,0.172339,-1.002006
1952-08-01,earth,0.643404,-0.784914
1952-09-01,earth,0.943008,-0.359093
1952-10-01,earth,0.990198,0.146482
1952-11-01,earth,0.769262,0.626817
1952-12-01,earth,0.346767,0.922911
1953-01-01,earth,-0.186668,0.965367
1953-02-01,earth,-0.665686,0.72653
1953-03-01,earth,-0.935621,0.326384
1953-04-01,earth,-0.978869,-0.201343
1953-05-01,earth,-0.760778,-0.660741
1953-06-01,earth,-0.332593,-0.957984
1953-07-01,earth,0.167969,-1.002685
1953-08-01,earth,0.640008,-0.787677
1953-09-01,earth,0.941503,-0.363181
1953-10-01,earth,0.990926,0.142171
1953-11-01,earth,0.772133,0.623471
1953-12-01,earth,0.350971,0.921433
1954-01-01,earth,-0.182286,0.966279
1954-02-01,earth,-0.662407,0.72957
1954-03-01,earth,-0.934137,0.330615
1954-04-01,earth,-0.979743,-0.196983
1954-05-01,earth,-0.763654,-0.657397
1954-06-01,earth,-0.336713,-0.95655
1954-07-01,earth,0.163697,-1.003426
1954-08-01,earth,0.636691,-0.790436
1954-09-01,earth,0.940015,-0.367237
1954-10-01,earth,0.991636,0.137873
1954-11-01,earth,0.774964,0.620091
1954-12-01,earth,0.35515,0.919883
1955-01-01,earth,-0.17789,0.967066
1955-02-01,earth,-0.659054,0.732456
1955-03-01,earth,-0.932568,0.334663
1955-04-01,earth,-0.980446,-0.192773
1955-05-01,earth,-0.766321,-0.654127
1955-06-01,earth,-0.340668,-0.955077
1955-07-01,earth,0.159499,-1.004077
1955-08-01,earth,0.633333,-0.79314
1955-09-01,earth,0.938437,-0.371327
1955-10-01,earth,0.992265,0.133477
1955-11-01,earth,0.777777,0.616583
1955-12-01,earth,0.359363,0.918235
1956-01-01,earth,-0.173412,0.967848
1956-02-01,earth,-0.655636,0.735447
1956-03-01,earth,-0.936974,0.32259
1956-04-01,earth,-0.978116,-0.205301
1956-05-01,earth,-0.758216,-0.663814
1956-06-01,earth,-0.32889,-0.959358
1956-07-01,earth,0.171819,-1.002093
1956-08-01,earth,0.643015,-0.785231
1956-09-01,earth,0.94286,-0.359519
1956-10-01,earth,0.990289,0.146079
1956-11-01,earth,0.769552,0.626558
1956-12-01,earth,0.347159,0.922842
1957-01-01,earth,-0.186298,0.965512
1957-02-01,earth,-0.665446,0.726831
1957-03-01,earth,-0.935544,0.326778
1957-04-01,earth,-0.979004,-0.200986
1957-05-01,earth,-0.761084,-0.660501
1957-06-01,earth,-0.332994,-0.957928
1957-07-01,earth,0.167554,-1.002826
1957-08-01,earth,0.639682,-0.787985
1957-09-01,earth,0.941337,-0.363591
1957-10-01,earth,0.99096,0.141753
1957-11-01,earth,0.772349,0.62314
1957-12-01,earth,0.351312,0.921268
1958-01-01,earth,-0.181904,0.96631
1958-02-01,earth,-0.662079,0.729789
1958-03-01,earth,-0.933963,0.330932
1958-04-01,earth,-0.979731,-0.196641
1958-05-01,earth,-0.763798,-0.657119
1958-06-01,earth,-0.336992,-0.956393
1958-07-01,earth,0.163352,-1.003445
1958-08-01,earth,0.636362,-0.790666
1958-09-01,earth,0.939823,-0.367643
1958-10-01,earth,0.991652,0.137407
1958-11-01,earth,0.775217,0.619697
1958-12-01,earth,0.355559,0.919684
1959-01-01,earth,-0.17743,0.967146
1959-02-01,earth,-0.658702,0.732804
1959-03-01,earth,-0.93239,0.335147
1959-04-01,earth,-0.980548,-0.192262
1959-05-01,earth,-0.766647,-0.653743
1959-06-01,earth,-0.341119,-0.954939
1959-07-01,earth,0.159055,-1.004191
1959-08-01,earth,0.633023,-0.793479
1959-09-01,earth,0.938343,-0.371786
1959-10-01,earth,0.99239,0.133022
1959-11-01,earth,0.778076,0.616271
1959-12-01,earth,0.359732,0.918121
1960-01-01,earth,-0.173092,0.967932
1960-02-01,earth,-0.655434,0.735671
1960-03-01,earth,-0.93692,0.322906
1960-04-01,earth,-0.978222,-0.204992
1960-05-01,earth,-0.758457,-0.663582
1960-06-01,earth,-0.329199,-0.959261
1960-07-01,earth,0.171507,-1.002161
1960-08-01,earth,0.642765,-0.785459
1960-09-01,earth,0.942732,-0.359891
1960-10-01,earth,0.990356,0.145633
1960-11-01,earth,0.769838,0.626145
1960-12-01,earth,0.347602,0.922595
1961-01-01,earth,-0.185809,0.965501
1961-02-01,earth,-0.665049,0.727052
1961-03-01,earth,-0.935332,0.327113
1961-04-01,earth,-0.979009,-0.20059
1961-05-01,earth,-0.761288,-0.660159
1961-06-01,earth,-0.33335,-0.957732
1961-07-01,earth,0.167164,-1.00283
1961-08-01,earth,0.639368,-0.788206
1961-09-01,earth,0.941211,-0.363971
1961-10-01,earth,0.991068,0.141322
1961-11-01,earth,0.772712,0.62279
1961-12-01,earth,0.351836,0.921112
1962-01-01,earth,-0.181366,0.966431
1962-02-01,earth,-0.661703,0.730143
1962-03-01,earth,-0.933791,0.331399
1962-04-01,earth,-0.97985,-0.196184
1962-05-01,earth,-0.764141,-0.656792
1962-06-01,earth,-0.33745,-0.956296
1962-07-01,earth,0.162908,-1.003576
1962-08-01,earth,0.636063,-0.790978
1962-09-01,earth,0.939736,-0.368036
1962-10-01,earth,0.991787,0.137026
1962-11-01,earth,0.775543,0.619429
1962-12-01,earth,0.356008,0.91959
1963-01-01,earth,-0.17698,0.967254
1963-02-01,earth,-0.658357,0.733071
1963-03-01,earth,-0.932229,0.335505
1963-04-01,earth,-0.980566,-0.191927
1963-05-01,earth,-0.766818,-0.653494
1963-06-01,earth,-0.341396,-0.954812
1963-07-01,earth,0.158733,-1.004223
1963-08-01,earth,0.632727,-0.793675
1963-09-01,earth,0.938165,-0.372123
1963-10-01,earth,0.992412,0.132625
1963-11-01,earth,0.778343,0.61591
1963-12-01,earth,0.360205,0.91793
1964-01-01,earth,-0.17251,0.968025
1964-02-01,earth,-0.654931,0.73607
1964-03-01,earth,-0.936642,0.323472
1964-04-01,earth,-0.978251,-0.204393
1964-05-01,earth,-0.758741,-0.663119
1964-06-01,earth,-0.329653,-0.959044
1964-07-01,earth,0.171027,-1.002209
1964-08-01,earth,0.642396,-0.785756
1964-09-01,earth,0.942588,-0.360326
1964-10-01,earth,0.990453,0.145202
1964-11-01,earth,0.770151,0.625858
1964-12-01,earth,0.348035,0.922523
1965-01-01,earth,-0.185378,0.965695
1965-02-01,earth,-0.664749,0.727472
1965-03-01,earth,-0.935219,0.327674
1965-04-01,earth,-0.979169,-0.200052
1965-05-01,earth,-0.761659,-0.659778
1965-06-01,earth,-0.333812,-0.957601
1965-07-01,earth,0.166723,-1.002942
1965-08-01,earth,0.639053,-0.788511
1965-09-01,earth,0.941077,-0.364384
1965-10-01,earth,0.991143,0.140895
1965-11-01,earth,0.772969,0.62246
1965-12-01,earth,0.35221,0.920963
1966-01-01,earth,-0.180971,0.966499
1966-02-01,earth,-0.661379,0.730423
1966-03-01,earth,-0.933646,0.331818
1966-04-01,earth,-0.979907,-0.195721
1966-05-01,earth,-0.764389,-0.656404
1966-06-01,earth,-0.337833,-0.956063
1966-07-01,earth,0.162492,-1.003553
1966-08-01,earth,0.635703,-0.791174
1966-09-01,earth,0.939531,-0.368413
1966-10-01,earth,0.991804,0.136574
1966-11-01,earth,0.775812,0.619026
1966-12-01,earth,0.356453,0.919375
1967-01-01,earth,-0.176472,0.967328
1967-02-01,earth,-0.657963,0.733441
1967-03-01,earth,-0.932038,0.336035
1967-04-01,earth,-0.980697,-0.191333
1967-05-01,earth,-0.767229,-0.653015
1967-06-01,earth,-0.341981,-0.954598
1967-07-01,earth,0.158152,-1.004297
1967-08-01,earth,0.632313,-0.794003
1967-09-01,earth,0.938013,-0.372576
1967-10-01,earth,0.992513,0.132182
1967-11-01,earth,0.778648,0.61561
1967-12-01,earth,0.360605,0.917829
1968-01-01,earth,-0.172149,0.968138
1968-02-01,earth,-0.654705,0.736335
1968-03-01,earth,-0.936589,0.323829
1968-04-01,earth,-0.9784,-0.204051
1968-05-01,earth,-0.759066,-0.662867
1968-06-01,earth,-0.330078,-0.958955
1968-07-01,earth,0.170595,-1.002312
1968-08-01,earth,0.642057,-0.786024
1968-09-01,earth,0.942408,-0.360702
1968-10-01,earth,0.990476,0.144799
1968-11-01,earth,0.770376,0.625513
1968-12-01,earth,0.34841,0.922332
1969-01-01,earth,-0.184941,0.965713
1969-02-01,earth,-0.664377,0.727704
1969-03-01,earth,-0.935023,0.328017
1969-04-01,earth,-0.979183,-0.199658
1969-05-01,earth,-0.761878,-0.659444
1969-06-01,earth,-0.334203,-0.957417
1969-07-01,earth,0.166269,-1.00297
1969-08-01,earth,0.638654,-0.788772
1969-09-01,earth,0.940865,-0.364807
1969-10-01,earth,0.991163,0.140445
1969-11-01,earth,0.773225,0.62211
1969-12-01,earth,0.352612,0.920804
1970-01-01,earth,-0.180534,0.966596
1970-02-01,earth,-0.66106,0.730748
1970-03-01,earth,-0.933493,0.33226
1970-04-01,earth,-0.980023,-0.19527
1970-05-01,earth,-0.764728,-0.656077
1970-06-01,earth,-0.338304,-0.955975
1970-07-01,earth,0.162013,-1.003716
1970-08-01,earth,0.635357,-0.791558
1970-09-01,earth,0.939407,-0.368902
1970-10-01,earth,0.991908,0.13611
1970-11-01,earth,0.776086,0.618716
1970-12-01,earth,0.356795,0.919258
1971-01-01,earth,-0.176174,0.96739
1971-02-01,earth,-0.657762,0.733621
1971-03-01,earth,-0.931969,0.336296
1971-04-01,earth,-0.980757,-0.191088
1971-05-01,earth,-0.767402,-0.652836
1971-06-01,earth,-0.34223,-0.954526
1971-07-01,earth,0.157867,-1.004375
1971-08-01,earth,0.632054,-0.794244
1971-09-01,earth,0.937862,-0.372967
1971-10-01,earth,0.992556,0.131721
1971-11-01,earth,0.778911,0.615187
1971-12-01,earth,0.361027,0.917577
1972-01-01,earth,-0.171669,0.968129
1972-02-01,earth,-0.654306,0.736573
1972-03-01,earth,-0.936369,0.324204
1972-04-01,earth,-0.978411,-0.20362
1972-05-01,earth,-0.759281,-0.662512
1972-06-01,earth,-0.330444,-0.958777
1972-07-01,earth,0.170193,-1.002355
1972-08-01,earth,0.641737,-0.786305
1972-09-01,earth,0.942293,-0.361151
1972-10-01,earth,0.990605,0.144312
1972-11-01,earth,0.770747,0.625142
1972-12-01,earth,0.348906,0.922177
1973-01-01,earth,-0.184476,0.965821
1973-02-01,earth,-0.664078,0.728004
1973-03-01,earth,-0.934901,0.328413
1973-04-01,earth,-0.979295,-0.199291
1973-05-01,earth,-0.76216,-0.659194
1973-06-01,earth,-0.334564,-0.957358
1973-07-01,earth,0.165923,-1.003101
1973-08-01,earth,0.638425,-0.78906
1973-09-01,earth,0.940807,-0.365192
1973-10-01,earth,0.991312,0.140036
1973-11-01,earth,0.773572,0.621784
1973-12-01,earth,0.353091,0.920658
1974-01-01,earth,-0.18005,0.96667
1974-02-01,earth,-0.660685,0.731002
1974-03-01,earth,-0.93331,0.332605
1974-04-01,earth,-0.980015,-0.194939
1974-05-01,earth,-0.764862,-0.655821
1974-06-01,earth,-0.338536,-0.955824
1974-07-01,earth,0.161742,-1.003705
1974-08-01,earth,0.635104,-0.791702
1974-09-01,earth,0.939262,-0.369195
1974-10-01,earth,0.991955,0.135736
1974-11-01,earth,0.776386,0.618359
1974-12-01,earth,0.357311,0.919069
1975-01-01,earth,-0.175551,0.967498
1975-02-01,earth,-0.657243,0.734044
1975-03-01,earth,-0.931676,0.336866
1975-04-01,earth,-0.980785,-0.190487
1975-05-01,earth,-0.767688,-0.652373
1975-06-01,earth,-0.342675,-0.954311
1975-07-01,earth,0.157411,-1.004414
1975-08-01,earth,0.631717,-0.794512
1975-09-01,earth,0.93774,-0.37336
1975-10-01,earth,0.992659,0.131328
1975-11-01,earth,0.779224,0.614927
1975-12-01,earth,0.361464,0.917517
1976-01-01,earth,-0.171229,0.96832
1976-02-01,earth,-0.653994,0.736973
1976-03-01,earth,-0.936257,0.324723
1976-04-01,earth,-0.978543,-0.20314
1976-05-01,earth,-0.759594,-0.662177
1976-06-01,earth,-0.330827,-0.958654
1976-07-01,earth,0.169832,-1.002433
1976-08-01,earth,0.641477,-0.786536
1976-09-01,earth,0.942172,-0.361476
1976-10-01,earth,0.99066,0.143961
1976-11-01,earth,0.770977,0.624847
1976-12-01,earth,0.34928,0.922037
1977-01-01,earth,-0.184035,0.965904
1977-02-01,earth,-0.663692,0.728337
1977-03-01,earth,-0.934709,0.328902
1977-04-01,earth,-0.979343,-0.198744
1977-05-01,earth,-0.762429,-0.658737
1977-06-01,earth,-0.334978,-0.957087
1977-07-01,earth,0.165484,-1.003059
1977-08-01,earth,0.638056,-0.789242
1977-09-01,earth,0.940608,-0.365538
1977-10-01,earth,0.991324,0.13964
1977-11-01,earth,0.773814,0.621452
1977-12-01,earth,0.353488,0.920497
1978-01-01,earth,-0.1796,0.966773
1978-02-01,earth,-0.660343,0.731378
1978-03-01,earth,-0.933156,0.333145
1978-04-01,earth,-0.98018,-0.194339
1978-05-01,earth,-0.765305,-0.655343
1978-06-01,earth,-0.33914,-0.955626
1978-07-01,earth,0.161156,-1.003803
1978-08-01,earth,0.6347,-0.792045
1978-09-01,earth,0.939121,-0.369647
1978-10-01,earth,0.992059,0.135305
1978-11-01,earth,0.776678,0.618073
1978-12-01,earth,0.357685,0.918973
1979-01-01,earth,-0.175221,0.967597
1979-02-01,earth,-0.657034,0.734282
1979-03-01,earth,-0.931628,0.337211
1979-04-01,earth,-0.980928,-0.190143
1979-05-01,earth,-0.768005,-0.652106
1979-06-01,earth,-0.343099,-0.954196
1979-07-01,earth,0.156973,-1.00449
1979-08-01,earth,0.631368,-0.794757
1979-09-01,earth,0.937551,-0.373718
1979-10-01,earth,0.992677,0.130934
1979-11-01,earth,0.779449,0.614577
1979-12-01,earth,0.361849,0.917315
1980-01-01,earth,-0.170773,0.968334
1980-02-01,earth,-0.653603,0.737219
1980-03-01,earth,-0.936048,0.32511
1980-04-01,earth,-0.978583,-0.202687
1980-05-01,earth,-0.759878,-0.661793
1980-06-01,earth,-0.331315,-0.958454
1980-07-01,earth,0.169281,-1.002484
1980-08-01,earth,0.641017,-0.786846
1980-09-01,earth,0.941946,-0.361943
1980-10-01,earth,0.990697,0.143491
1980-11-01,earth,0.771257,0.624511
1980-12-01,earth,0.349692,0.921907
1981-01-01,earth,-0.183615,0.966027
1981-02-01,earth,-0.663404,0.728663
1981-03-01,earth,-0.934585,0.329333
1981-04-01,earth,-0.979476,-0.198325
1981-05-01,earth,-0.762778,-0.658444
1981-06-01,earth,-0.335462,-0.957026
1981-07-01,earth,0.164983,-1.003246
1981-08-01,earth,0.637685,-0.789647
1981-09-01,earth,0.940458,-0.366047
1981-10-01,earth,0.991414,0.139154
1981-11-01,earth,0.77409,0.621117
1981-12-01,earth,0.353858,0.92037
1982-01-01,earth,-0.179243,0.966851
1982-02-01,earth,-0.660074,0.731611
1982-03-01,earth,-0.933041,0.33347
1982-04-01,earth,-0.980216,-0.194028
1982-05-01,earth,-0.765476,-0.655111
1982-06-01,earth,-0.339412,-0.955514
1982-07-01,earth,0.160832,-1.003857
1982-08-01,earth,0.63439,-0.792287
1982-09-01,earth,0.938927,-0.370059
1982-10-01,earth,0.992066,0.134826
1982-11-01,earth,0.77691,0.617648
1982-12-01,earth,0.358076,0.918732
1983-01-01,earth,-0.174761,0.967617
1983-02-01,earth,-0.65665,0.734572
1983-03-01,earth,-0.931416,0.337638
1983-04-01,earth,-0.980968,-0.18965
1983-05-01,earth,-0.768274,-0.651701
1983-06-01,earth,-0.343533,-0.954002
1983-07-01,earth,0.156504,-1.004552
1983-08-01,earth,0.630993,-0.795088
1983-09-01,earth,0.937397,-0.374232
1983-10-01,earth,0.99278,0.130389
1983-11-01,earth,0.779791,0.614174
1983-12-01,earth,0.362296,0.917144
1984-01-01,earth,-0.170375,0.968422
1984-02-01,earth,-0.653364,0.737487
1984-03-01,earth,-0.935986,0.325471
1984-04-01,earth,-0.978724,-0.20235
1984-05-01,earth,-0.76017,-0.661559
1984-06-01,earth,-0.331668,-0.958395
1984-07-01,earth,0.168947,-1.002609
1984-08-01,earth,0.640786,-0.787134
1984-09-01,earth,0.941869,-0.362349
1984-10-01,earth,0.990823,0.143037
1984-11-01,earth,0.771586,0.624123
1984-12-01,earth,0.350155,0.921697
1985-01-01,earth,-0.183144,0.966038
1985-02-01,earth,-0.663039,0.728866
1985-03-01,earth,-0.934412,0.329636
1985-04-01,earth,-0.979483,-0.197998
1985-05-01,earth,-0.762941,-0.658171
1985-06-01,earth,-0.335741,-0.956857
1985-07-01,earth,0.164666,-1.003231
1985-08-01,earth,0.637401,-0.78981
1985-09-01,earth,0.940307,-0.366375
1985-10-01,earth,0.991471,0.138745
1985-11-01,earth,0.774405,0.620736
1985-12-01,earth,0.354365,0.920157
1986-01-01,earth,-0.178673,0.966913
1986-02-01,earth,-0.659633,0.731939
1986-03-01,earth,-0.932805,0.333918
1986-04-01,earth,-0.980275,-0.193554
1986-05-01,earth,-0.765774,-0.654749
1986-06-01,earth,-0.339863,-0.955376
1986-07-01,earth,0.16037,-1.00396
1986-08-01,earth,0.63406,-0.792609
1986-09-01,earth,0.938826,-0.370492
1986-10-01,earth,0.992212,0.134396
1986-11-01,earth,0.777283,0.617351
1986-12-01,earth,0.358582,0.918639
1987-01-01,earth,-0.174272,0.967768
1987-02-01,earth,-0.656309,0.734897
1987-03-01,earth,-0.931267,0.338055
1987-04-01,earth,-0.981032,-0.189295
1987-05-01,earth,-0.768485,-0.651473
1987-06-01,earth,-0.343809,-0.953933
1987-07-01,earth,0.156224,-1.00464
1987-08-01,earth,0.630776,-0.795304
1987-09-01,earth,0.937294,-0.374538
1987-10-01,earth,0.992845,0.130049
1987-11-01,earth,0.780042,0.613874
1987-12-01,earth,0.362716,0.91699
1988-01-01,earth,-0.169862,0.968498
1988-02-01,earth,-0.652904,0.737821
1988-03-01,earth,-0.935721,0.325958
1988-04-01,earth,-0.978708,-0.201824
1988-05-01,earth,-0.760372,-0.661138
1988-06-01,earth,-0.332024,-0.958164
1988-07-01,earth,0.168549,-1.002598
1988-08-01,earth,0.640447,-0.787346
1988-09-01,earth,0.941702,-0.362719
1988-10-01,earth,0.990873,0.142633
1988-11-01,earth,0.771864,0.623811
1988-12-01,earth,0.350581,0.921577
1989-01-01,earth,-0.182678,0.966192
1989-02-01,earth,-0.662689,0.729284
1989-03-01,earth,-0.934243,0.330204
1989-04-01,earth,-0.979614,-0.197415
1989-05-01,earth,-0.763312,-0.657736
1989-06-01,earth,-0.336232,-0.956696
1989-07-01,earth,0.164198,-1.003339
1989-08-01,earth,0.637089,-0.790135
1989-09-01,earth,0.940214,-0.366803
1989-10-01,earth,0.991601,0.138324
1989-11-01,earth,0.774715,0.620447
1989-12-01,earth,0.354771,0.920064
1990-01-01,earth,-0.178288,0.967038
1990-02-01,earth,-0.659356,0.732242
1990-03-01,earth,-0.932704,0.334345
1990-04-01,earth,-0.980368,-0.193129
1990-05-01,earth,-0.76603,-0.654418
1990-06-01,earth,-0.340201,-0.955198
1990-07-01,earth,0.16003,-1.003957
1990-08-01,earth,0.633786,-0.792761
1990-09-01,earth,0.938672,-0.370773
1990-10-01,earth,0.99223,0.134054
1990-11-01,earth,0.777495,0.617027
1990-12-01,earth,0.358952,0.918454
1991-01-01,earth,-0.173819,0.967811
1991-02-01,earth,-0.655918,0.735206
1991-03-01,earth,-0.931063,0.338517
1991-04-01,earth,-0.981102,-0.188741
1991-05-01,earth,-0.768821,-0.650994
1991-06-01,earth,-0.344339,-0.953668
1991-07-01,earth,0.155662,-1.00464
1991-08-01,earth,0.630333,-0.795564
1991-09-01,earth,0.937088,-0.374957
1991-10-01,earth,0.992895,0.129614
1991-11-01,earth,0.780331,0.613558
1991-12-01,earth,0.363133,0.916872
1992-01-01,earth,-0.169452,0.968627
1992-02-01,earth,-0.652634,0.738148
1992-03-01,earth,-0.935641,0.326392
1992-04-01,earth,-0.978879,-0.201405
1992-05-01,earth,-0.760748,-0.660836
1992-06-01,earth,-0.332508,-0.958074
1992-07-01,earth,0.168076,-1.002732
1992-08-01,earth,0.640111,-0.787658
1992-09-01,earth,0.941562,-0.36311
1992-10-01,earth,0.990939,0.142253
1992-11-01,earth,0.772104,0.623532
1992-12-01,earth,0.350935,0.921461
1993-01-01,earth,-0.182304,0.966263
1993-02-01,earth,-0.662389,0.729523
1993-03-01,earth,-0.934114,0.330546
1993-04-01,earth,-0.979663,-0.197061
1993-05-01,earth,-0.763529,-0.657452
1993-06-01,earth,-0.336577,-0.956537
1993-07-01,earth,0.163801,-1.003357
1993-08-01,earth,0.636724,-0.790342
1993-09-01,earth,0.939985,-0.367158
1993-10-01,earth,0.991567,0.137926
1993-11-01,earth,0.774894,0.620104
1993-12-01,earth,0.355103,0.919877
1994-01-01,earth,-0.17788,0.967083
1994-02-01,earth,-0.659017,0.732535
1994-03-01,earth,-0.932524,0.33477
1994-04-01,earth,-0.980452,-0.192643
1994-05-01,earth,-0.766359,-0.654028
1994-06-01,earth,-0.340709,-0.95504
1994-07-01,earth,0.159487,-1.004073
1994-08-01,earth,0.633362,-0.793147
1994-09-01,earth,0.938494,-0.371309
1994-10-01,earth,0.992315,0.133525
1994-11-01,earth,0.777798,0.616664
1994-12-01,earth,0.359343,0.918315
1995-01-01,earth,-0.173481,0.967901
1995-02-01,earth,-0.65572,0.735444
1995-03-01,earth,-0.931009,0.338845
1995-04-01,earth,-0.981228,-0.188445
1995-05-01,earth,-0.769085,-0.650796
1995-06-01,earth,-0.344672,-0.953631
1995-07-01,earth,0.155327,-1.00478
1995-08-01,earth,0.630078,-0.795865
1995-09-01,earth,0.936977,-0.37537
1995-10-01,earth,0.992977,0.129164
1995-11-01,earth,0.780599,0.613175
1995-12-01,earth,0.363525,0.916656
1996-01-01,earth,-0.169033,0.968618
1996-02-01,earth,-0.652292,0.738338
1996-03-01,earth,-0.935464,0.326705
1996-04-01,earth,-0.978891,-0.201039
1996-05-01,earth,-0.760943,-0.660525
1996-06-01,earth,-0.332852,-0.957898
1996-07-01,earth,0.167679,-1.002752
1996-08-01,earth,0.63976,-0.787905
1996-09-01,earth,0.941386,-0.363547
1996-10-01,earth,0.991006,0.14175
1996-11-01,earth,0.772436,0.623105
1996-12-01,earth,0.35143,0.921237
1997-01-01,earth,-0.181788,0.966319
1997-02-01,earth,-0.662016,0.729821
1997-03-01,earth,-0.933924,0.330953
1997-04-01,earth,-0.979743,-0.196636
1997-05-01,earth,-0.763832,-0.657135
1997-06-01,earth,-0.337021,-0.956441
1997-07-01,earth,0.16335,-1.003502
1997-08-01,earth,0.636408,-0.790709
1997-09-01,earth,0.939903,-0.367648
1997-10-01,earth,0.991745,0.137428
1997-11-01,earth,0.775308,0.619743
1997-12-01,earth,0.35565,0.919742
1998-01-01,earth,-0.177363,0.967206
1998-02-01,earth,-0.658654,0.732834
1998-03-01,earth,-0.932364,0.335157
1998-04-01,earth,-0.980491,-0.192312
1998-05-01,earth,-0.766537,-0.653808
1998-06-01,earth,-0.340956,-0.954953
1998-07-01,earth,0.159224,-1.00413
1998-08-01,earth,0.633143,-0.793338
1998-09-01,earth,0.938382,-0.371615
1998-10-01,earth,0.99238,0.133163
1998-11-01,earth,0.778078,0.61633
1998-12-01,earth,0.359815,0.918138
1999-01-01,earth,-0.172902,0.967981
1999-02-01,earth,-0.655208,0.735814
1999-03-01,earth,-0.930713,0.339364
1999-04-01,earth,-0.98121,-0.187879
1999-05-01,earth,-0.769311,-0.650339
1999-06-01,earth,-0.345071,-0.95338
1999-07-01,earth,0.154882,-1.004774
1999-08-01,earth,0.629703,-0.796108
1999-09-01,earth,0.936795,-0.37579
1999-10-01,earth,0.993037,0.128707
1999-11-01,earth,0.780914,0.612828
1999-12-01,earth,0.364002,0.916526
2000-01-01,earth,-0.168525,0.968783
2000-02-01,earth,-0.651916,0.738766
2000-03-01,earth,-0.935303,0.327275
2000-04-01,earth,-0.979021,-0.200489
2000-05-01,earth,-0.761288,-0.660132
2000-06-01,earth,-0.33329,-0.957761
2000-07-01,earth,0.167268,-1.002859
2000-08-01,earth,0.639488,-0.788202
2000-09-01,earth,0.941302,-0.363938
2000-10-01,earth,0.991126,0.141355
2000-11-01,earth,0.772733,0.622818
2000-12-01,earth,0.35184,0.921136
2001-01-01,earth,-0.18137,0.966444
2001-02-01,earth,-0.661693,0.730154
2001-03-01,earth,-0.933795,0.33143
2001-04-01,earth,-0.97983,-0.196147
2001-05-01,earth,-0.764098,-0.656746
2001-06-01,earth,-0.337381,-0.956218
2001-07-01,earth,0.162984,-1.00347
2001-08-01,earth,0.636102,-0.790853
2001-09-01,earth,0.939723,-0.367938
2001-10-01,earth,0.991745,0.137073
2001-11-01,earth,0.775514,0.619412
2001-12-01,earth,0.356015,0.919552
2002-01-01,earth,-0.17692,0.967251
2002-02-01,earth,-0.658285,0.733153
2002-03-01,earth,-0.932178,0.335635
2002-04-01,earth,-0.980594,-0.191738
2002-05-01,earth,-0.766915,-0.653318
2002-06-01,earth,-0.341525,-0.954703
2002-07-01,earth,0.158639,-1.004166
2002-08-01,earth,0.632701,-0.793642
2002-09-01,earth,0.938196,-0.372072
2002-10-01,earth,0.992459,0.132694
2002-11-01,earth,0.778392,0.615993
2002-12-01,earth,0.36024,0.918006
2003-01-01,earth,-0.172516,0.968088
2003-02-01,earth,-0.654978,0.736088
2003-03-01,earth,-0.93065,0.339735
2003-04-01,earth,-0.981372,-0.187524
2003-05-01,earth,-0.769655,-0.650085
2003-06-01,earth,-0.345509,-0.953308
2003-07-01,earth,0.154453,-1.004897
2003-08-01,earth,0.629399,-0.796385
2003-09-01,earth,0.93667,-0.37614
2003-10-01,earth,0.993108,0.128353
2003-11-01,earth,0.781158,0.612544
2003-12-01,earth,0.364374,0.916386
2004-01-01,earth,-0.168115,0.968829
2004-02-01,earth,-0.651578,0.738994
2004-03-01,earth,-0.935135,0.327616
2004-04-01,earth,-0.979053,-0.200115
2004-05-01,earth,-0.761516,-0.659823
2004-06-01,earth,-0.333678,-0.957588
2004-07-01,earth,0.166819,-1.002881
2004-08-01,earth,0.639085,-0.788431
2004-09-01,earth,0.941065,-0.36432
2004-10-01,earth,0.991108,0.140941
2004-11-01,earth,0.772946,0.622477
2004-12-01,earth,0.35221,0.920963
2005-01-01,earth,-0.180938,0.966509
2005-02-01,earth,-0.661348,0.730452
2005-03-01,earth,-0.933607,0.331838
2005-04-01,earth,-0.979899,-0.19571
2005-05-01,earth,-0.764397,-0.656415
2005-06-01,earth,-0.337847,-0.956113
2005-07-01,earth,0.162484,-1.003622
2005-08-01,earth,0.635723,-0.791249
2005-09-01,earth,0.939578,-0.368457
2005-10-01,earth,0.99185,0.136574
2005-11-01,earth,0.775822,0.619082
2005-12-01,earth,0.356416,0.919446
2006-01-01,earth,-0.176553,0.967375
2006-02-01,earth,-0.65804,0.73343
2006-03-01,earth,-0.932087,0.336004
2006-04-01,earth,-0.980678,-0.191417
2006-05-01,earth,-0.767126,-0.653109
2006-06-01,earth,-0.341794,-0.954643
2006-07-01,earth,0.158361,-1.004266
2006-08-01,earth,0.632475,-0.793889
2006-09-01,earth,0.938082,-0.372433
2006-10-01,earth,0.992512,0.132294
2006-11-01,earth,0.778614,0.615647
2006-12-01,earth,0.360592,0.917816
2007-01-01,earth,-0.172104,0.968107
2007-02-01,earth,-0.654613,0.736338
2007-03-01,earth,-0.930451,0.340123
2007-04-01,earth,-0.981382,-0.187068
2007-05-01,earth,-0.769867,-0.649695
2007-06-01,earth,-0.345877,-0.953085
2007-07-01,earth,0.154039,-1.004897
2007-08-01,earth,0.629038,-0.796633
2007-09-01,earth,0.936485,-0.376587
2007-10-01,earth,0.993162,0.127843
2007-11-01,earth,0.781465,0.612126
2007-12-01,earth,0.364819,0.916176
2008-01-01,earth,-0.167669,0.968888
2008-02-01,earth,-0.651271,0.739277
2008-03-01,earth,-0.935012,0.328016
2008-04-01,earth,-0.979174,-0.199705
2008-05-01,earth,-0.76183,-0.659516
2008-06-01,earth,-0.334092,-0.957492
2008-07-01,earth,0.166422,-1.003006
2008-08-01,earth,0.638826,-0.788752
2008-09-01,earth,0.941011,-0.364752
2008-10-01,earth,0.991282,0.140489
2008-11-01,earth,0.773326,0.622136
2008-12-01,earth,0.352708,0.920824
2009-01-01,earth,-0.180469,0.966602
2009-02-01,earth,-0.661021,0.730716
2009-03-01,earth,-0.933478,0.332201
2009-04-01,earth,-0.979962,-0.195367
2009-05-01,earth,-0.764606,-0.656156
2009-06-01,earth,-0.338133,-0.955975
2009-07-01,earth,0.162187,-1.003628
2009-08-01,earth,0.635474,-0.791391
2009-09-01,earth,0.939441,-0.368722
2009-10-01,earth,0.99189,0.136242
2009-11-01,earth,0.77608,0.618757
2009-12-01,earth,0.35686,0.919257
2010-01-01,earth,-0.176018,0.96742
2010-02-01,earth,-0.657585,0.73374
2010-03-01,earth,-0.931833,0.336444
2010-04-01,earth,-0.980696,-0.190918
2010-05-01,earth,-0.767393,-0.652695
2010-06-01,earth,-0.34225,-0.95443
2010-07-01,earth,0.157858,-1.004299
2010-08-01,earth,0.632067,-0.794171
2010-09-01,earth,0.937897,-0.372873
2010-10-01,earth,0.992589,0.131833
2010-11-01,earth,0.778956,0.615308
2010-12-01,earth,0.361093,0.917694
2011-01-01,earth,-0.171595,0.968268
2011-02-01,earth,-0.654259,0.736722
2011-03-01,earth,-0.930292,0.340616
2011-04-01,earth,-0.981491,-0.186616
2011-05-01,earth,-0.77017,-0.64939
2011-06-01,earth,-0.346272,-0.953
2011-07-01,earth,0.153651,-1.005023
2011-08-01,earth,0.628767,-0.796925
2011-09-01,earth,0.936388,-0.376958
2011-10-01,earth,0.993259,0.127472
2011-11-01,earth,0.781737,0.61185
2011-12-01,earth,0.365226,0.916072
2012-01-01,earth,-0.167219,0.969007
2012-02-01,earth,-0.650894,0.739619
2012-03-01,earth,-0.934828,0.328503
2012-04-01,earth,-0.97922,-0.199203
2012-05-01,earth,-0.762075,-0.659125
2012-06-01,earth,-0.334467,-0.957278
2012-07-01,earth,0.166013,-1.003001
2012-08-01,earth,0.638465,-0.788952
2012-09-01,earth,0.940795,-0.365112
2012-10-01,earth,0.99127,0.140078
2012-11-01,earth,0.773538,0.621781
2012-12-01,earth,0.353079,0.920638
2013-01-01,earth,-0.180023,0.966675
2013-02-01,earth,-0.66065,0.731071
2013-03-01,earth,-0.933284,0.332716
2013-04-01,earth,-0.980063,-0.19478
2013-05-01,earth,-0.764978,-0.655682
2013-06-01,earth,-0.338687,-0.955767
2013-07-01,earth,0.161619,-1.00372
2013-08-01,earth,0.635053,-0.791764
2013-09-01,earth,0.939282,-0.369253
2013-10-01,earth,0.992006,0.135708
2013-11-01,earth,0.776434,0.618382
2013-12-01,earth,0.357326,0.919121
2014-01-01,earth,-0.175591,0.967553
2014-02-01,earth,-0.657313,0.734068
2014-03-01,earth,-0.931747,0.336895
2014-04-01,earth,-0.980847,-0.190488
2014-05-01,earth,-0.767726,-0.652386
2014-06-01,earth,-0.342661,-0.954317
2014-07-01,earth,0.157467,-1.004388
2014-08-01,earth,0.63179,-0.794422
2014-09-01,earth,0.93778,-0.373224
2014-10-01,earth,0.99266,0.131454
2014-11-01,earth,0.779202,0.614986
2014-12-01,earth,0.361473,0.917521
2015-01-01,earth,-0.171165,0.968299
2015-02-01,earth,-0.653892,0.736975
2015-03-01,earth,-0.930111,0.34101
2015-04-01,earth,-0.981538,-0.186154
2015-05-01,earth,-0.77045,-0.648988
2015-06-01,earth,-0.346731,-0.952764
2015-07-01,earth,0.153141,-1.00502
2015-08-01,earth,0.628327,-0.797166
2015-09-01,earth,0.936143,-0.377378
2015-10-01,earth,0.993263,0.127007
2015-11-01,earth,0.781999,0.611467
2015-12-01,earth,0.365646,0.915877
2016-01-01,earth,-0.166761,0.96907
2016-02-01,earth,-0.650551,0.739915
2016-03-01,earth,-0.934673,0.32892
2016-04-01,earth,-0.979331,-0.198765
2016-05-01,earth,-0.762417,-0.65879
2016-06-01,earth,-0.334961,-0.957169
2016-07-01,earth,0.165506,-1.003147
2016-08-01,earth,0.638099,-0.789328
2016-09-01,earth,0.940668,-0.365596
2016-10-01,earth,0.991391,0.139612
2016-11-01,earth,0.773863,0.621467
2016-12-01,earth,0.353512,0.920534
2017-01-01,earth,-0.179614,0.966795
2017-02-01,earth,-0.660367,0.73135
2017-03-01,earth,-0.933178,0.333089
2017-04-01,earth,-0.980142,-0.194445
2017-05-01,earth,-0.765198,-0.655448
2017-06-01,earth,-0.338983,-0.95567
2017-07-01,earth,0.161301,-1.003781
2017-08-01,earth,0.63478,-0.791971
2017-09-01,earth,0.939118,-0.369572
2017-10-01,earth,0.992007,0.135353
2017-11-01,earth,0.776604,0.618071
2017-12-01,earth,0.357626,0.918942
2018-01-01,earth,-0.17522,0.967563
2018-02-01,earth,-0.65698,0.734296
2018-03-01,earth,-0.931563,0.337247
2018-04-01,earth,-0.980869,-0.190062
2018-05-01,earth,-0.767961,-0.652018
2018-06-01,earth,-0.343073,-0.954121
2018-07-01,earth,0.156994,-1.00443
2018-08-01,earth,0.63138,-0.794727
2018-09-01,earth,0.937573,-0.37372
2018-10-01,earth,0.992713,0.130916
2018-11-01,earth,0.779511,0.61457
2018-12-01,earth,0.361905,0.917329
2019-01-01,earth,-0.170756,0.968372
2019-02-01,earth,-0.653633,0.737241
2019-03-01,earth,-0.930004,0.341368
2019-04-01,earth,-0.981648,-0.185807
2019-05-01,earth,-0.77072,-0.648745
2019-06-01,earth,-0.347084,-0.952708
2019-07-01,earth,0.152794,-1.005159
2019-08-01,earth,0.628092,-0.797481
2019-09-01,earth,0.936085,-0.377796
2019-10-01,earth,0.993409,0.126567
2019-11-01,earth,0.782328,0.611126
2019-12-01,earth,0.366082,0.915718
2020-01-01,earth,-0.166346,0.96912
2020-02-01,earth,-0.650253,0.740127
2020-03-01,earth,-0.934547,0.329223
2020-04-01,earth,-0.979369,-0.198465
2020-05-01,earth,-0.762591,-0.658559
2020-06-01,earth,-0.33522,-0.957043
2020-07-01,earth,0.165219,-1.003159
2020-08-01,earth,0.637842,-0.789489
2020-09-01,earth,0.94052,-0.365905
2020-10-01,earth,0.991427,0.139226
2020-11-01,earth,0.774124,0.621099
2020-12-01,earth,0.353942,0.920314
2021-01-01,earth,-0.179116,0.966813
2021-02-01,earth,-0.65996,0.731612
2021-03-01,earth,-0.932949,0.333461
2021-04-01,earth,-0.980161,-0.194023
2021-05-01,earth,-0.765443,-0.655105
2021-06-01,earth,-0.339397,-0.955517
2021-07-01,earth,0.160851,-1.003859
2021-08-01,earth,0.634431,-0.792287
2021-09-01,earth,0.938996,-0.370041
2021-10-01,earth,0.99215,0.134856
2021-11-01,earth,0.777017,0.6177
2021-12-01,earth,0.358201,0.918804
2022-01-01,earth,-0.174654,0.967721
2022-02-01,earth,-0.65659,0.734667
2022-03-01,earth,-0.931383,0.33771
2022-04-01,earth,-0.980938,-0.18967
2022-05-01,earth,-0.768187,-0.651774
2022-06-01,earth,-0.343355,-0.954062
2022-07-01,earth,0.156728,-1.004532
2022-08-01,earth,0.631203,-0.794949
2022-09-01,earth,0.937522,-0.374008
2022-10-01,earth,0.992818,0.130613
2022-11-01,earth,0.77978,0.614324
2022-12-01,earth,0.362328,0.917226
2023-01-01,earth,-0.170256,0.968485
2023-02-01,earth,-0.65319,0.737595
2023-03-01,earth,-0.929765,0.341868
2023-04-01,earth,-0.981648,-0.185285
2023-05-01,earth,-0.77093,-0.648333
2023-06-01,earth,-0.347429,-0.952475
2023-07-01,earth,0.152414,-1.005133
2023-08-01,earth,0.627755,-0.797659
2023-09-01,earth,0.935887,-0.378138
2023-10-01,earth,0.993413,0.126172
2023-11-01,earth,0.782565,0.610788
2023-12-01,earth,0.366493,0.915556
2024-01-01,earth,-0.165851,0.969231
2024-02-01,earth,-0.649839,0.740528
2024-03-01,earth,-0.934333,0.329798
2024-04-01,earth,-0.979463,-0.19785
2024-05-01,earth,-0.762939,-0.658081
2024-06-01,earth,-0.335714,-0.956839
2024-07-01,earth,0.164735,-1.003237
2024-08-01,earth,0.637507,-0.789811
2024-09-01,earth,0.940419,-0.36635
2024-10-01,earth,0.991565,0.138784
2024-11-01,earth,0.774467,0.620797
2024-12-01,earth,0.354397,0.920229
2025-01-01,earth,-0.178683,0.966983
2025-02-01,earth,-0.659664,0.73199
2025-03-01,earth,-0.93285,0.333984
2025-04-01,earth,-0.980307,-0.193514
2025-05-01,earth,-0.765771,-0.654726
2025-06-01,earth,-0.339792,-0.955338
2025-07-01,earth,0.160485,-1.003878
2025-08-01,earth,0.634168,-0.792454
2025-09-01,earth,0.938866,-0.370302
2025-10-01,earth,0.992178,0.134562
2025-11-01,earth,0.7772,0.617438
2025-12-01,earth,0.358509,0.91866
2026-01-01,earth,-0.174282,0.967759
2026-02-01,earth,-0.656259,0.734935
2026-03-01,earth,-0.931224,0.338138
2026-04-01,earth,-0.981023,-0.189136
2026-05-01,earth,-0.768532,-0.651296
2026-06-01,earth,-0.343901,-0.953778
2026-07-01,earth,0.15614,-1.004516
2026-08-01,earth,0.630719,-0.795201
2026-09-01,earth,0.937269,-0.374442
2026-10-01,earth,0.992833,0.13014
2026-11-01,earth,0.780058,0.613948
2026-12-01,earth,0.362748,0.917049
2027-01-01,earth,-0.16983,0.968567
2027-02-01,earth,-0.652904,0.73789
2027-03-01,earth,-0.929649,0.342273
2027-04-01,earth,-0.981795,-0.184859
2027-05-01,earth,-0.771304,-0.648001
2027-06-01,earth,-0.347953,-0.95236
2027-07-01,earth,0.151881,-1.005264
2027-08-01,earth,0.627373,-0.798002
2027-09-01,earth,0.935744,-0.378571
2027-10-01,earth,0.993509,0.125758
2027-11-01,earth,0.782853,0.610504
2027-12-01,earth,0.366892,0.915456
2028-01-01,earth,-0.165462,0.969336
2028-02-01,earth,-0.649561,0.740795
2028-03-01,earth,-0.934234,0.330159
2028-04-01,earth,-0.979557,-0.197503
2028-05-01,earth,-0.763209,-0.657822
2028-06-01,earth,-0.336105,-0.95672
2028-07-01,earth,0.1643,-1.0033
2028-08-01,earth,0.637123,-0.790049
2028-09-01,earth,0.940178,-0.366714
2028-10-01,earth,0.991521,0.138393
2028-11-01,earth,0.774621,0.620466
2028-12-01,earth,0.354696,0.920043
2029-01-01,earth,-0.178304,0.967001
2029-02-01,earth,-0.659327,0.732233
2029-03-01,earth,-0.93266,0.334342
2029-04-01,earth,-0.980343,-0.19309
2029-05-01,earth,-0.766042,-0.654372
2029-06-01,earth,-0.340268,-0.955181
2029-07-01,earth,0.159936,-1.003986
2029-08-01,earth,0.6337,-0.792853
2029-09-01,earth,0.938637,-0.370891
2029-10-01,earth,0.992237,0.133959
2029-11-01,earth,0.777523,0.616999
2029-12-01,earth,0.358959,0.918477
2030-01-01,earth,-0.173856,0.967862
2030-02-01,earth,-0.655986,0.735237
2030-03-01,earth,-0.931114,0.338535
2030-04-01,earth,-0.981134,-0.188779
2030-05-01,earth,-0.768799,-0.651066
2030-06-01,earth,-0.34424,-0.953743
2030-07-01,earth,0.155804,-1.004676
2030-08-01,earth,0.630478,-0.795537
2030-09-01,earth,0.937188,-0.374885
2030-10-01,earth,0.992945,0.129682
2030-11-01,earth,0.780337,0.613593
2030-12-01,earth,0.363132,0.916876
2031-01-01,earth,-0.16944,0.968601
2031-02-01,earth,-0.652594,0.738114
2031-03-01,earth,-0.929508,0.342621
2031-04-01,earth,-0.981836,-0.184483
2031-05-01,earth,-0.771511,-0.647698
2031-06-01,earth,-0.34827,-0.952196
2031-07-01,earth,0.151529,-1.005287
2031-08-01,earth,0.627055,-0.798231
2031-09-01,earth,0.93556,-0.378991
2031-10-01,earth,0.993542,0.125254
2031-11-01,earth,0.783134,0.610047
2031-12-01,earth,0.367332,0.915183
2032-01-01,earth,-0.164981,0.969322
2032-02-01,earth,-0.649186,0.741022
2032-03-01,earth,-0.934039,0.330517
2032-04-01,earth,-0.979606,-0.197093
2032-05-01,earth,-0.763469,-0.657488
2032-06-01,earth,-0.336512,-0.956583
2032-07-01,earth,0.163878,-1.003398
2032-08-01,earth,0.63682,-0.790387
2032-09-01,earth,0.940104,-0.367207
2032-10-01,earth,0.991712,0.137866
2032-11-01,earth,0.775071,0.620066
2032-12-01,earth,0.355287,0.91988
2033-01-01,earth,-0.177754,0.967122
2033-02-01,earth,-0.658968,0.732548
2033-03-01,earth,-0.932514,0.334752
2033-04-01,earth,-0.980426,-0.192736
2033-05-01,earth,-0.766272,-0.654139
2033-06-01,earth,-0.340546,-0.955104
2033-07-01,earth,0.159678,-1.004055
2033-08-01,earth,0.633526,-0.793031
2033-09-01,earth,0.938582,-0.371146
2033-10-01,earth,0.992342,0.133665
2033-11-01,earth,0.777806,0.616732
2033-12-01,earth,0.3594,0.918336
2034-01-01,earth,-0.173344,0.967923
2034-02-01,earth,-0.655541,0.735524
2034-03-01,earth,-0.930868,0.338948
2034-04-01,earth,-0.981116,-0.188326
2034-05-01,earth,-0.768993,-0.650691
2034-06-01,earth,-0.344595,-0.953524
2034-07-01,earth,0.155394,-1.004662
2034-08-01,earth,0.630115,-0.795738
2034-09-01,earth,0.936989,-0.375255
2034-10-01,earth,0.992979,0.129259
2034-11-01,earth,0.780636,0.613239
2034-12-01,earth,0.363613,0.916713
2035-01-01,earth,-0.168902,0.968721
2035-02-01,earth,-0.652179,0.738492
2035-03-01,earth,-0.929282,0.343116
2035-04-01,earth,-0.981887,-0.183987
2035-05-01,earth,-0.771777,-0.647332
2035-06-01,earth,-0.348663,-0.952056
2035-07-01,earth,0.15113,-1.005374
2035-08-01,earth,0.626776,-0.798516
2035-09-01,earth,0.935481,-0.379372
2035-10-01,earth,0.993675,0.124877
2035-11-01,earth,0.783458,0.609792
2035-12-01,earth,0.36778,0.915123
2036-01-01,earth,-0.164525,0.969507
2036-02-01,earth,-0.648846,0.741422
2036-03-01,earth,-0.933903,0.331045
2036-04-01,earth,-0.979705,-0.196594
2036-05-01,earth,-0.763744,-0.657127
2036-06-01,earth,-0.336862,-0.956408
2036-07-01,earth,0.163535,-1.003407
2036-08-01,earth,0.636546,-0.790542
2036-09-01,earth,0.939944,-0.367469
2036-10-01,earth,0.991707,0.137566
2036-11-01,earth,0.775232,0.619796
2036-12-01,earth,0.355585,0.919734
2037-01-01,earth,-0.177372,0.967175
2037-02-01,earth,-0.658618,0.732848
2037-03-01,earth,-0.932326,0.335205
2037-04-01,earth,-0.980484,-0.192192
2037-05-01,earth,-0.76658,-0.65367
2037-06-01,earth,-0.341043,-0.954845
2037-07-01,earth,0.159142,-1.004063
2037-08-01,earth,0.633089,-0.793312
2037-09-01,earth,0.93837,-0.371609
2037-10-01,earth,0.992392,0.133166
2037-11-01,earth,0.778113,0.616349
2037-12-01,earth,0.359849,0.918175
2038-01-01,earth,-0.172896,0.968046
2038-02-01,earth,-0.655245,0.735875
2038-03-01,earth,-0.930755,0.339422
2038-04-01,earth,-0.981274,-0.187855
2038-05-01,earth,-0.769361,-0.650344
2038-06-01,earth,-0.345065,-0.953404
2038-07-01,earth,0.15495,-1.004769
2038-08-01,earth,0.629821,-0.796024
2038-09-01,earth,0.936896,-0.375619
2038-10-01,earth,0.993084,0.128898
2038-11-01,earth,0.780906,0.612976
2038-12-01,earth,0.363995,0.916611
2039-01-01,earth,-0.168507,0.968816
2039-02-01,earth,-0.651871,0.738773
2039-03-01,earth,-0.929161,0.34353
2039-04-01,earth,-0.981986,-0.183554
2039-05-01,earth,-0.77208,-0.646986
2039-06-01,earth,-0.349098,-0.951873
2039-07-01,earth,0.150668,-1.005397
2039-08-01,earth,0.626383,-0.798728
2039-09-01,earth,0.935242,-0.379722
2039-10-01,earth,0.993639,0.124488
2039-11-01,earth,0.783635,0.60945
2039-12-01,earth,0.368111,0.914925
2040-01-01,earth,-0.164118,0.96952
2040-02-01,earth,-0.648496,0.741663
2040-03-01,earth,-0.933715,0.331424
2040-04-01,earth,-0.979764,-0.196151
2040-05-01,earth,-0.764045,-0.656759
2040-06-01,earth,-0.337355,-0.956249
2040-07-01,earth,0.162993,-1.003513
2040-08-01,earth,0.636117,-0.790917
2040-09-01,earth,0.939762,-0.367996
2040-10-01,earth,0.991797,0.137042
2040-11-01,earth,0.775565,0.619433
2040-12-01,earth,0.356044,0.919605
2041-01-01,earth,-0.176933,0.967314
2041-02-01,earth,-0.658331,0.733181
2041-03-01,earth,-0.932218,0.335646
2041-04-01,earth,-0.98061,-0.191794
2041-05-01,earth,-0.766872,-0.653405
2041-06-01,earth,-0.341407,-0.954776
2041-07-01,earth,0.158786,-1.004186
2041-08-01,earth,0.632832,-0.793587
2041-09-01,earth,0.938259,-0.371966
2041-10-01,earth,0.992449,0.132809
2041-11-01,earth,0.77831,0.616075
2041-12-01,earth,0.36014,0.918041
2042-01-01,earth,-0.172575,0.968075
2042-02-01,earth,-0.654964,0.736083
2042-03-01,earth,-0.930619,0.339757
2042-04-01,earth,-0.981314,-0.187461
2042-05-01,earth,-0.76959,-0.650005
2042-06-01,earth,-0.345445,-0.953212
2042-07-01,earth,0.154511,-1.004792
2042-08-01,earth,0.629422,-0.796286
2042-09-01,earth,0.936663,-0.376077
2042-10-01,earth,0.99309,0.128377
2042-11-01,earth,0.781163,0.612533
2042-12-01,earth,0.364391,0.916365
2043-01-01,earth,-0.168093,0.968824
2043-02-01,earth,-0.651569,0.739003
2043-03-01,earth,-0.929006,0.343865
2043-04-01,earth,-0.982055,-0.18317
2043-05-01,earth,-0.772348,-0.646673
2043-06-01,earth,-0.34951,-0.95175
2043-07-01,earth,0.150231,-1.005504
2043-08-01,earth,0.62606,-0.799075
2043-09-01,earth,0.935145,-0.380218
2043-10-01,earth,0.993798,0.123968
2043-11-01,earth,0.784028,0.609064
2043-12-01,earth,0.368623,0.914765
2044-01-01,earth,-0.163651,0.969619
2044-02-01,earth,-0.648196,0.741941
2044-03-01,earth,-0.933615,0.33179
2044-04-01,earth,-0.979866,-0.195821
2044-05-01,earth,-0.764295,-0.65653
2044-06-01,earth,-0.337672,-0.956162
2044-07-01,earth,0.162677,-1.003581
2044-08-01,earth,0.635871,-0.79112
2044-09-01,earth,0.939643,-0.368308
2044-10-01,earth,0.991858,0.13668
2044-11-01,earth,0.775818,0.619101
2044-12-01,earth,0.356445,0.919413
2045-01-01,earth,-0.176475,0.967322
2045-02-01,earth,-0.657939,0.733401
2045-03-01,earth,-0.932004,0.335972
2045-04-01,earth,-0.980604,-0.191412
2045-05-01,earth,-0.767079,-0.653076
2045-06-01,earth,-0.341798,-0.954593
2045-07-01,earth,0.158325,-1.004221
2045-08-01,earth,0.632425,-0.793873
2045-09-01,earth,0.938055,-0.372444
2045-10-01,earth,0.992523,0.132272
2045-11-01,earth,0.77869,0.615637
2045-12-01,earth,0.360718,0.91784
2046-01-01,earth,-0.171965,0.968201
2046-02-01,earth,-0.654523,0.736471
2046-03-01,earth,-0.930393,0.340247
2046-04-01,earth,-0.981374,-0.187009
2046-05-01,earth,-0.769849,-0.6497
2046-06-01,earth,-0.345808,-0.953126
2046-07-01,earth,0.15415,-1.004916
2046-08-01,earth,0.629174,-0.796591
2046-09-01,earth,0.9366,-0.376474
2046-10-01,earth,0.993234,0.127981
2046-11-01,earth,0.7815,0.612253
2046-12-01,earth,0.364871,0.916279
2047-01-01,earth,-0.167585,0.968987
2047-02-01,earth,-0.651168,0.739393
2047-03-01,earth,-0.92882,0.344395
2047-04-01,earth,-0.982115,-0.182668
2047-05-01,earth,-0.772597,-0.646311
2047-06-01,earth,-0.349849,-0.951579
2047-07-01,earth,0.149884,-1.005529
2047-08-01,earth,0.625767,-0.799267
2047-09-01,earth,0.934968,-0.380544
2047-10-01,earth,0.993799,0.123591
2047-11-01,earth,0.784228,0.608727
2047-12-01,earth,0.368983,0.91458
2048-01-01,earth,-0.163201,0.969668
2048-02-01,earth,-0.647791,0.742261
2048-03-01,earth,-0.933389,0.332285
2048-04-01,earth,-0.979909,-0.195251
2048-05-01,earth,-0.764585,-0.656058
2048-06-01,earth,-0.338136,-0.955924
2048-07-01,earth,0.162186,-1.003617
2048-08-01,earth,0.635487,-0.791431
2048-09-01,earth,0.939486,-0.368799
2048-10-01,earth,0.991967,0.136154
2048-11-01,earth,0.776189,0.618705
2048-12-01,earth,0.356963,0.919256
2049-01-01,earth,-0.175968,0.967472
2049-02-01,earth,-0.657601,0.7338
2049-03-01,earth,-0.931872,0.336515
2049-04-01,earth,-0.980759,-0.190884
2049-05-01,earth,-0.767436,-0.652696
2049-06-01,earth,-0.342223,-0.954451
2049-07-01,earth,0.157947,-1.004295
2049-08-01,earth,0.632191,-0.7941
2049-09-01,earth,0.937988,-0.372743
2049-10-01,earth,0.992622,0.131966
2049-11-01,earth,0.778928,0.615399
2049-12-01,earth,0.361053,0.917732
2050-01-01,earth,-0.171612,0.968259
2050-02-01,earth,-0.654234,0.736709
2050-03-01,earth,-0.930273,0.340627
2050-04-01,earth,-0.98146,-0.18657
2050-05-01,earth,-0.770147,-0.649319
2050-06-01,earth,-0.346255,-0.952901
2050-07-01,earth,0.153671,-1.004904
2050-08-01,earth,0.628771,-0.796785
2050-09-01,earth,0.936368,-0.376825
2050-10-01,earth,0.993226,0.127573
2050-11-01,earth,0.78173,0.611887
2050-12-01,earth,0.365259,0.91607
2051-01-01,earth,-0.167144,0.96901
2051-02-01,earth,-0.65082,0.739641
2051-03-01,earth,-0.928634,0.344753
2051-04-01,earth,-0.982174,-0.182251
2051-05-01,earth,-0.772888,-0.645959
2051-06-01,earth,-0.350323,-0.951416
2051-07-01,earth,0.149368,-1.005607
2051-08-01,earth,0.625372,-0.799584
2051-09-01,earth,0.934814,-0.380987
2051-10-01,earth,0.993899,0.123151
2051-11-01,earth,0.784557,0.608422
2051-12-01,earth,0.369441,0.914479
2052-01-01,earth,-0.162754,0.969811
2052-02-01,earth,-0.64749,0.742585
2052-03-01,earth,-0.933282,0.332695
2052-04-01,earth,-0.980021,-0.194892
2052-05-01,earth,-0.764861,-0.655821
2052-06-01,earth,-0.338492,-0.955853
2052-07-01,earth,0.161825,-1.003715
2052-08-01,earth,0.635208,-0.791659
2052-09-01,earth,0.939338,-0.369095
2052-10-01,earth,0.991973,0.135862
2052-11-01,earth,0.776329,0.618478
2052-12-01,earth,0.357207,0.919147
2053-01-01,earth,-0.175663,0.96751
2053-02-01,earth,-0.657312,0.734011
2053-03-01,earth,-0.931715,0.336835
2053-04-01,earth,-0.980772,-0.19051
2053-05-01,earth,-0.767643,-0.652374
2053-06-01,earth,-0.342607,-0.954273
2053-07-01,earth,0.157483,-1.004338
2053-08-01,earth,0.631761,-0.794397
2053-09-01,earth,0.937739,-0.373238
2053-10-01,earth,0.992628,0.131423
2053-11-01,earth,0.779198,0.614964
2053-12-01,earth,0.361475,0.917521
2054-01-01,earth,-0.171165,0.968332
2054-02-01,earth,-0.65391,0.737018
2054-03-01,earth,-0.93011,0.341038
2054-04-01,earth,-0.981535,-0.186154
2054-05-01,earth,-0.770405,-0.649017
2054-06-01,earth,-0.346622,-0.952807
2054-07-01,earth,0.153297,-1.005028
2054-08-01,earth,0.628503,-0.797119
2054-09-01,earth,0.936292,-0.37728
2054-10-01,earth,0.993364,0.12711
2054-11-01,earth,0.782053,0.611557
2054-12-01,earth,0.365679,0.915945
2055-01-01,earth,-0.166754,0.969111
2055-02-01,earth,-0.650554,0.739919
2055-03-01,earth,-0.928542,0.345148
2055-04-01,earth,-0.98228,-0.181872
2055-05-01,earth,-0.773147,-0.645684
2055-06-01,earth,-0.350649,-0.9513
2055-07-01,earth,0.149046,-1.005664
2055-08-01,earth,0.625113,-0.799797
2055-09-01,earth,0.934673,-0.381333
2055-10-01,earth,0.993937,0.122744
2055-11-01,earth,0.784788,0.608048
2055-12-01,earth,0.369812,0.914252
2056-01-01,earth,-0.162333,0.969791
2056-02-01,earth,-0.647134,0.742779
2056-03-01,earth,-0.933088,0.333022
2056-04-01,earth,-0.98004,-0.19449
2056-05-01,earth,-0.765089,-0.655469
2056-06-01,earth,-0.33889,-0.955663
2056-07-01,earth,0.161381,-1.003752
2056-08-01,earth,0.634842,-0.79195
2056-09-01,earth,0.939186,-0.369578
2056-10-01,earth,0.992097,0.135316
2056-11-01,earth,0.776751,0.618034
2056-12-01,earth,0.357811,0.918941
2057-01-01,earth,-0.17506,0.967628
2057-02-01,earth,-0.656902,0.734378
2057-03-01,earth,-0.931527,0.33731
2057-04-01,earth,-0.980867,-0.190072
2057-05-01,earth,-0.767926,-0.652079
2057-06-01,earth,-0.342966,-0.954188
2057-07-01,earth,0.157151,-1.004441
2057-08-01,earth,0.631555,-0.794641
2057-09-01,earth,0.9377,-0.373544
2057-10-01,earth,0.992766,0.131115
2057-11-01,earth,0.779502,0.614733
2057-12-01,earth,0.361909,0.917437
2058-01-01,earth,-0.170699,0.968448
2058-02-01,earth,-0.65353,0.737333
2058-03-01,earth,-0.929929,0.341485
2058-04-01,earth,-0.981579,-0.185705
2058-05-01,earth,-0.770645,-0.648669
2058-06-01,earth,-0.346985,-0.952624
2058-07-01,earth,0.152903,-1.005041
2058-08-01,earth,0.628162,-0.797312
2058-09-01,earth,0.936089,-0.377616
2058-10-01,earth,0.993362,0.126722
2058-11-01,earth,0.78228,0.611211
2058-12-01,earth,0.366083,0.915757
2059-01-01,earth,-0.166259,0.969173
2059-02-01,earth,-0.650126,0.740249
2059-03-01,earth,-0.928294,0.345616
2059-04-01,earth,-0.982296,-0.181348
2059-05-01,earth,-0.773402,-0.645257
2059-06-01,earth,-0.351082,-0.951088
2059-07-01,earth,0.148573,-1.005707
2059-08-01,earth,0.62474,-0.800094
2059-09-01,earth,0.934523,-0.381786
2059-10-01,earth,0.99404,0.122272
2059-11-01,earth,0.785134,0.607707
2059-12-01,earth,0.370303,0.914137
2060-01-01,earth,-0.161836,0.969968
2060-02-01,earth,-0.646783,0.743207
2060-03-01,earth,-0.932958,0.333592
2060-04-01,earth,-0.980191,-0.19395
2060-05-01,earth,-0.765446,-0.655087
2060-06-01,earth,-0.339324,-0.955519
2060-07-01,earth,0.16098,-1.003828
2060-08-01,earth,0.634567,-0.792184
2060-09-01,earth,0.93907,-0.36989
2060-10-01,earth,0.99215,0.135002
2060-11-01,earth,0.776943,0.617791
2060-12-01,earth,0.358102,0.918832
2061-01-01,earth,-0.17473,0.967688
2061-02-01,earth,-0.656609,0.734634
2061-03-01,earth,-0.931393,0.337713
2061-04-01,earth,-0.980941,-0.189593
2061-05-01,earth,-0.768228,-0.651657
2061-06-01,earth,-0.343446,-0.953939
2061-07-01,earth,0.156622,-1.00444
2061-08-01,earth,0.631099,-0.794899
2061-09-01,earth,0.937443,-0.374002
2061-10-01,earth,0.992771,0.130595
2061-11-01,earth,0.779781,0.614293
2061-12-01,earth,0.362357,0.917207
2062-01-01,earth,-0.170216,0.968503
2062-02-01,earth,-0.653174,0.737642
2062-03-01,earth,-0.929755,0.341916
2062-04-01,earth,-0.98168,-0.18523
2062-05-01,earth,-0.770984,-0.648288
2062-06-01,earth,-0.347484,-0.952462
2062-07-01,earth,0.15239,-1.005132
2062-08-01,earth,0.627788,-0.797642
2062-09-01,earth,0.935958,-0.378071
2062-10-01,earth,0.993482,0.126269
2062-11-01,earth,0.782619,0.610895
2062-12-01,earth,0.366545,0.915649
2063-01-01,earth,-0.165816,0.96931
2063-02-01,earth,-0.649827,0.740574
2063-03-01,earth,-0.92819,0.346059
2063-04-01,earth,-0.982435,-0.180928
2063-05-01,earth,-0.773737,-0.644954
2063-06-01,earth,-0.351518,-0.950974
2063-07-01,earth,0.148131,-1.005796
2063-08-01,earth,0.624392,-0.80035
2063-09-01,earth,0.93433,-0.382142
2063-10-01,earth,0.994038,0.1219
2063-11-01,earth,0.785312,0.607398
2063-12-01,earth,0.370611,0.913967
2064-01-01,earth,-0.161469,0.969977
2064-02-01,earth,-0.646457,0.743404
2064-03-01,earth,-0.932778,0.33391
2064-04-01,earth,-0.980206,-0.193569
2064-05-01,earth,-0.76567,-0.654756
2064-06-01,earth,-0.339738,-0.955343
2064-07-01,earth,0.160485,-1.003886
2064-08-01,earth,0.634125,-0.79251
2064-09-01,earth,0.938834,-0.370411
2064-10-01,earth,0.992185,0.13444
2064-11-01,earth,0.777257,0.617352
2064-12-01,earth,0.358578,0.918628
2065-01-01,earth,-0.174239,0.967784
2065-02-01,earth,-0.656267,0.734971
2065-03-01,earth,-0.931233,0.338158
2065-04-01,earth,-0.981039,-0.189166
2065-05-01,earth,-0.768511,-0.651364
2065-06-01,earth,-0.343821,-0.953864
2065-07-01,earth,0.156254,-1.004576
2065-08-01,earth,0.630845,-0.795216
2065-09-01,earth,0.937369,-0.374409
2065-10-01,earth,0.992888,0.130195
2065-11-01,earth,0.780052,0.614012
2065-12-01,earth,0.36271,0.917097
2066-01-01,earth,-0.169878,0.96858
2066-02-01,earth,-0.652924,0.737879
2066-03-01,earth,-0.92966,0.342271
2066-04-01,earth,-0.98176,-0.184872
2066-05-01,earth,-0.771219,-0.648015
2066-06-01,earth,-0.347809,-0.952335
2066-07-01,earth,0.152045,-1.005184
2066-08-01,earth,0.627491,-0.797868
2066-09-01,earth,0.935783,-0.378447
2066-10-01,earth,0.993498,0.125826
2066-11-01,earth,0.782838,0.61049
2066-12-01,earth,0.366896,0.915398
2067-01-01,earth,-0.165424,0.969266
2067-02-01,earth,-0.649505,0.740735
2067-03-01,earth,-0.928008,0.346321
2067-04-01,earth,-0.982434,-0.180597
2067-05-01,earth,-0.773916,-0.64466
2067-06-01,earth,-0.351852,-0.950816
2067-07-01,earth,0.147749,-1.005837
2067-08-01,earth,0.624076,-0.800624
2067-09-01,earth,0.93421,-0.382595
2067-10-01,earth,0.994168,0.12139
2067-11-01,earth,0.785707,0.606987
2067-12-01,earth,0.371162,0.913776
2068-01-01,earth,-0.160929,0.970077
2068-02-01,earth,-0.646095,0.743728
2068-03-01,earth,-0.932634,0.334333
2068-04-01,earth,-0.980313,-0.193188
2068-05-01,earth,-0.765946,-0.654504
2068-06-01,earth,-0.340075,-0.955276
2068-07-01,earth,0.160179,-1.003985
2068-08-01,earth,0.633935,-0.792731
2068-09-01,earth,0.938793,-0.370694
2068-10-01,earth,0.992309,0.134146
2068-11-01,earth,0.777536,0.617116
2068-12-01,earth,0.358975,0.918523
2069-01-01,earth,-0.173813,0.967852
2069-02-01,earth,-0.655911,0.735206
2069-03-01,earth,-0.93105,0.338495
2069-04-01,earth,-0.981039,-0.188814
2069-05-01,earth,-0.768688,-0.651077
2069-06-01,earth,-0.344135,-0.953699
2069-07-01,earth,0.155884,-1.004587
2069-08-01,earth,0.630507,-0.795418
2069-09-01,earth,0.937172,-0.374773
2069-10-01,earth,0.992912,0.129767
2069-11-01,earth,0.780341,0.613631
2069-12-01,earth,0.3632,0.916901
2070-01-01,earth,-0.169303,0.968668
2070-02-01,earth,-0.652455,0.738241
2070-03-01,earth,-0.929388,0.342747
2070-04-01,earth,-0.981762,-0.184381
2070-05-01,earth,-0.771439,-0.647642
2070-06-01,earth,-0.348177,-0.952171
2070-07-01,earth,0.151649,-1.005245
2070-08-01,earth,0.627191,-0.79815
2070-09-01,earth,0.935684,-0.378856
2070-10-01,earth,0.993626,0.125411
2070-11-01,earth,0.783192,0.610207
2070-12-01,earth,0.367401,0.915332
2071-01-01,earth,-0.164899,0.969485
2071-02-01,earth,-0.649115,0.741203
2071-03-01,earth,-0.927836,0.34694
2071-04-01,earth,-0.982554,-0.180017
2071-05-01,earth,-0.774245,-0.644254
2071-06-01,earth,-0.352255,-0.950656
2071-07-01,earth,0.147372,-1.005897
2071-08-01,earth,0.623807,-0.800844
2071-09-01,earth,0.934081,-0.382902
2071-10-01,earth,0.994203,0.121068
2071-11-01,earth,0.785893,0.606729
2071-12-01,earth,0.371465,0.913658
2072-01-01,earth,-0.160569,0.970147
2072-02-01,earth,-0.645765,0.744018
2072-03-01,earth,-0.932462,0.334787
2072-04-01,earth,-0.980361,-0.192656
2072-05-01,earth,-0.766218,-0.654046
2072-06-01,earth,-0.340516,-0.955008
2072-07-01,earth,0.159694,-1.00397
2072-08-01,earth,0.633519,-0.79298
2072-09-01,earth,0.93857,-0.371145
2072-10-01,earth,0.992342,0.133631
2072-11-01,earth,0.777843,0.616689
2072-12-01,earth,0.359454,0.918317
2073-01-01,earth,-0.173302,0.967957
2073-02-01,earth,-0.655546,0.735599
2073-03-01,earth,-0.930888,0.339043
2073-04-01,earth,-0.981188,-0.188233
2073-05-01,earth,-0.769081,-0.650627
2073-06-01,earth,-0.344652,-0.953509
2073-07-01,earth,0.155398,-1.004656
2073-08-01,earth,0.630186,-0.795698
2073-09-01,earth,0.937076,-0.375149
2073-10-01,earth,0.99303,0.129396
2073-11-01,earth,0.780629,0.613375
2073-12-01,earth,0.36358,0.916815
2074-01-01,earth,-0.168944,0.968781
2074-02-01,earth,-0.652208,0.738529
2074-03-01,earth,-0.929322,0.343173
2074-04-01,earth,-0.981926,-0.183939
2074-05-01,earth,-0.771813,-0.64729
2074-06-01,earth,-0.348669,-0.952005
2074-07-01,earth,0.151155,-1.005296
2074-08-01,earth,0.626803,-0.798378
2074-09-01,earth,0.935466,-0.379198
2074-10-01,earth,0.993611,0.125037
2074-11-01,earth,0.783369,0.609875
2074-12-01,earth,0.367712,0.915131
2075-01-01,earth,-0.164531,0.969467
2075-02-01,earth,-0.6488,0.741381
2075-03-01,earth,-0.927671,0.347226
2075-04-01,earth,-0.982589,-0.179652
2075-05-01,earth,-0.774502,-0.643921
2075-06-01,earth,-0.352718,-0.950471
2075-07-01,earth,0.146832,-1.005945
2075-08-01,earth,0.623341,-0.801153
2075-09-01,earth,0.933842,-0.383387
2075-10-01,earth,0.994238,0.120555
2075-11-01,earth,0.7862,0.606334
2075-12-01,earth,0.371935,0.913478
2076-01-01,earth,-0.160076,0.970251
2076-02-01,earth,-0.645418,0.744355
2076-03-01,earth,-0.93232,0.335234
2076-04-01,earth,-0.980489,-0.192239
2076-05-01,earth,-0.766552,-0.653765
2076-06-01,earth,-0.340958,-0.954947
2076-07-01,earth,0.159253,-1.004126
2076-08-01,earth,0.633203,-0.793312
2076-09-01,earth,0.938445,-0.371545
2076-10-01,earth,0.992408,0.133262
2076-11-01,earth,0.778047,0.616442
2076-12-01,earth,0.359734,0.918225
2077-01-01,earth,-0.173016,0.968019
2077-02-01,earth,-0.655309,0.735798
2077-03-01,earth,-0.930785,0.339343
2077-04-01,earth,-0.981239,-0.187915
2077-05-01,earth,-0.769298,-0.650372
2077-06-01,earth,-0.345005,-0.953387
2077-07-01,earth,0.154979,-1.004732
2077-08-01,earth,0.629796,-0.795994
2077-09-01,earth,0.936836,-0.375629
2077-10-01,earth,0.993022,0.128858
2077-11-01,earth,0.780865,0.612914
2077-12-01,earth,0.36397,0.916553
2078-01-01,earth,-0.168506,0.968774
2078-02-01,earth,-0.651854,0.738755
2078-03-01,earth,-0.92912,0.343504
2078-04-01,earth,-0.981934,-0.183557
2078-05-01,earth,-0.772011,-0.646979
2078-06-01,earth,-0.34902,-0.951865
2078-07-01,earth,0.150755,-1.00538
2078-08-01,earth,0.626476,-0.798718
2078-09-01,earth,0.935345,-0.379722
2078-10-01,earth,0.99375,0.124474
2078-11-01,earth,0.783763,0.60945
2078-12-01,earth,0.368239,0.91495
2079-01-01,earth,-0.164036,0.969576
2079-02-01,earth,-0.648477,0.741703
2079-03-01,earth,-0.92754,0.347664
2079-04-01,earth,-0.982704,-0.179245
2079-05-01,earth,-0.77479,-0.643642
2079-06-01,earth,-0.353071,-0.950389
2079-07-01,earth,0.146502,-1.006055
2079-08-01,earth,0.623116,-0.801419
2079-09-01,earth,0.933767,-0.383756
2079-10-01,earth,0.99435,0.120153
2079-11-01,earth,0.786488,0.605999
2079-12-01,earth,0.372337,0.913302
2080-01-01,earth,-0.159666,0.970264
2080-02-01,earth,-0.64509,0.744535
2080-03-01,earth,-0.932152,0.335518
2080-04-01,earth,-0.980487,-0.191913
2080-05-01,earth,-0.766717,-0.653479
2080-06-01,earth,-0.341265,-0.954774
2080-07-01,earth,0.158887,-1.004135
2080-08-01,earth,0.632869,-0.793539
2080-09-01,earth,0.93827,-0.371974
2080-10-01,earth,0.992488,0.13274
2080-11-01,earth,0.778436,0.615973
2080-12-01,earth,0.360339,0.917974
2081-01-01,earth,-0.172361,0.968097
2081-02-01,earth,-0.654819,0.736163
2081-03-01,earth,-0.930521,0.33982
2081-04-01,earth,-0.981267,-0.187443
2081-05-01,earth,-0.769533,-0.650029
2081-06-01,earth,-0.345355,-0.953253
2081-07-01,earth,0.15463,-1.004802
2081-08-01,earth,0.629559,-0.796244
2081-09-01,earth,0.936787,-0.375974
2081-10-01,earth,0.993178,0.128506
2081-11-01,earth,0.781223,0.612667
2081-12-01,earth,0.364465,0.916487
2082-01-01,earth,-0.168004,0.968951
2082-02-01,earth,-0.651485,0.73914
2082-03-01,earth,-0.928958,0.344014
2082-04-01,earth,-0.982022,-0.183091
2082-05-01,earth,-0.772281,-0.646656
2082-06-01,earth,-0.349363,-0.951735
2082-07-01,earth,0.150422,-1.005432
2082-08-01,earth,0.626223,-0.798904
2082-09-01,earth,0.935212,-0.379996
2082-10-01,earth,0.993776,0.12417
2082-11-01,earth,0.783958,0.609181
2082-12-01,earth,0.36858,0.914811
2083-01-01,earth,-0.163611,0.969635
2083-02-01,earth,-0.648088,0.741994
2083-03-01,earth,-0.92732,0.348089
2083-04-01,earth,-0.982698,-0.178764
2083-05-01,earth,-0.774989,-0.643238
2083-06-01,earth,-0.353429,-0.950152
2083-07-01,earth,0.146093,-1.006032
2083-08-01,earth,0.622759,-0.801628
2083-09-01,earth,0.933581,-0.384142
2083-10-01,earth,0.994392,0.11971
2083-11-01,earth,0.786786,0.605631
2083-12-01,earth,0.372811,0.913134
2084-01-01,earth,-0.159139,0.970397
2084-02-01,earth,-0.644689,0.744959
2084-03-01,earth,-0.931974,0.336104
2084-04-01,earth,-0.980623,-0.191328
2084-05-01,earth,-0.767082,-0.653055
2084-06-01,earth,-0.341725,-0.954612
2084-07-01,earth,0.15847,-1.004211
2084-08-01,earth,0.632608,-0.793786
2084-09-01,earth,0.938198,-0.372282
2084-10-01,earth,0.992585,0.132451
2084-11-01,earth,0.778658,0.615786
2084-12-01,earth,0.360635,0.917926
2085-01-01,earth,-0.172065,0.968209
2085-02-01,earth,-0.654588,0.736435
2085-03-01,earth,-0.930445,0.34023
2085-04-01,earth,-0.981392,-0.187002
2085-05-01,earth,-0.769858,-0.649666
2085-06-01,earth,-0.345805,-0.953061
2085-07-01,earth,0.154166,-1.004825
2085-08-01,earth,0.62918,-0.796462
2085-09-01,earth,0.936569,-0.376336
2085-10-01,earth,0.993171,0.128094
2085-11-01,earth,0.781433,0.612299
2085-12-01,earth,0.364832,0.916275
2086-01-01,earth,-0.167569,0.968965
2086-02-01,earth,-0.65112,0.739388
2086-03-01,earth,-0.928761,0.344386
2086-04-01,earth,-0.982062,-0.182643
2086-05-01,earth,-0.772555,-0.646265
2086-06-01,earth,-0.349826,-0.951525
2086-07-01,earth,0.149912,-1.005463
2086-08-01,earth,0.625811,-0.79919
2086-09-01,earth,0.935029,-0.38044
2086-10-01,earth,0.993853,0.123706
2086-11-01,earth,0.784287,0.608839
2086-12-01,earth,0.369058,0.914679
2087-01-01,earth,-0.163127,0.969777
2087-02-01,earth,-0.647753,0.742361
2087-03-01,earth,-0.927179,0.348579
2087-04-01,earth,-0.982842,-0.17829
2087-05-01,earth,-0.775356,-0.642899
2087-06-01,earth,-0.353911,-0.950047
2087-07-01,earth,0.145619,-1.006162
2087-08-01,earth,0.622421,-0.801936
2087-09-01,earth,0.933436,-0.384521
2087-10-01,earth,0.994443,0.119356
2087-11-01,earth,0.786986,0.60539
2087-12-01,earth,0.373103,0.913043
2088-01-01,earth,-0.15883,0.970465
2088-02-01,earth,-0.644432,0.745174
2088-03-01,earth,-0.931851,0.336425
2088-04-01,earth,-0.980664,-0.190972
2088-05-01,earth,-0.767303,-0.652753
2088-06-01,earth,-0.342103,-0.954446
2088-07-01,earth,0.158018,-1.004255
2088-08-01,earth,0.632186,-0.794067
2088-09-01,earth,0.937941,-0.372756
2088-10-01,earth,0.992574,0.131921
2088-11-01,earth,0.778911,0.615339
2088-12-01,earth,0.361059,0.917688
2089-01-01,earth,-0.171586,0.968255
2089-02-01,earth,-0.654214,0.736745
2089-03-01,earth,-0.930244,0.340662
2089-04-01,earth,-0.981444,-0.186534
2089-05-01,earth,-0.770121,-0.649303
2089-06-01,earth,-0.34621,-0.95291
2089-07-01,earth,0.153736,-1.004911
2089-08-01,earth,0.628851,-0.796785
2089-09-01,earth,0.936449,-0.376799
2089-10-01,earth,0.993282,0.127623
2089-11-01,earth,0.781746,0.611968
2089-12-01,earth,0.365238,0.916155
2090-01-01,earth,-0.1672,0.969081
2090-02-01,earth,-0.650885,0.739688
2090-03-01,earth,-0.928692,0.344809
2090-04-01,earth,-0.982214,-0.182232
2090-05-01,earth,-0.77288,-0.64597
2090-06-01,earth,-0.350228,-0.951424
2090-07-01,earth,0.149522,-1.005566
2090-08-01,earth,0.625522,-0.799462
2090-09-01,earth,0.934892,-0.380828
2090-10-01,earth,0.993905,0.123281
2090-11-01,earth,0.784511,0.608476
2090-12-01,earth,0.369387,0.914469
2091-01-01,earth,-0.162785,0.969746
2091-02-01,earth,-0.647477,0.742496
2091-03-01,earth,-0.927047,0.348816
2091-04-01,earth,-0.98286,-0.177991
2091-05-01,earth,-0.775539,-0.642624
2091-06-01,earth,-0.354243,-0.949875
2091-07-01,earth,0.145224,-1.006172
2091-08-01,earth,0.622062,-0.802174
2091-09-01,earth,0.933246,-0.384965
2091-10-01,earth,0.994506,0.118822
2091-11-01,earth,0.787341,0.604913
2091-12-01,earth,0.373651,0.912777
2092-01-01,earth,-0.158246,0.970506
2092-02-01,earth,-0.644005,0.745484
2092-03-01,earth,-0.931654,0.336858
2092-04-01,earth,-0.980753,-0.190542
2092-05-01,earth,-0.767606,-0.652444
2092-06-01,earth,-0.342521,-0.954349
2092-07-01,earth,0.157612,-1.004369
2092-08-01,earth,0.631918,-0.794359
2092-09-01,earth,0.937878,-0.373131
2092-10-01,earth,0.992724,0.131548
2092-11-01,earth,0.779249,0.615075
2092-12-01,earth,0.361515,0.917598
2093-01-01,earth,-0.171137,0.968373
2093-02-01,earth,-0.653884,0.737028
2093-03-01,earth,-0.930102,0.341045
2093-04-01,earth,-0.981512,-0.186181
2093-05-01,earth,-0.770363,-0.64905
2093-06-01,earth,-0.346557,-0.952809
2093-07-01,earth,0.153361,-1.004991
2093-08-01,earth,0.628536,-0.797031
2093-09-01,earth,0.936273,-0.377173
2093-10-01,earth,0.993313,0.127204
2093-11-01,earth,0.782008,0.611597
2093-12-01,earth,0.365688,0.91595
2094-01-01,earth,-0.166658,0.969124
2094-02-01,earth,-0.650413,0.739984
2094-03-01,earth,-0.928413,0.345222
2094-04-01,earth,-0.98217,-0.181784
2094-05-01,earth,-0.773046,-0.645609
2094-06-01,earth,-0.350561,-0.951232
2094-07-01,earth,0.149126,-1.005591
2094-08-01,earth,0.625176,-0.799729
2094-09-01,earth,0.93473,-0.381272
2094-10-01,earth,0.99399,0.122795
2094-11-01,earth,0.784868,0.6081
2094-12-01,earth,0.369929,0.914322
2095-01-01,earth,-0.162196,0.969923
2095-02-01,earth,-0.647032,0.74297
2095-03-01,earth,-0.926822,0.349448
2095-04-01,earth,-0.982965,-0.177374
2095-05-01,earth,-0.775885,-0.642184
2095-06-01,earth,-0.354692,-0.949717
2095-07-01,earth,0.144804,-1.00627
2095-08-01,earth,0.621783,-0.802467
2095-09-01,earth,0.933157,-0.385344
2095-10-01,earth,0.99461,0.118452
2095-11-01,earth,0.787603,0.604656
2095-12-01,earth,0.374008,0.912691
2096-01-01,earth,-0.157884,0.970618
2096-02-01,earth,-0.643715,0.745781
2096-03-01,earth,-0.931525,0.337295
2096-04-01,earth,-0.980822,-0.19007
2096-05-01,earth,-0.767864,-0.652054
2096-06-01,earth,-0.342904,-0.954128
2096-07-01,earth,0.157199,-1.004366
2096-08-01,earth,0.63156,-0.794574
2096-09-01,earth,0.937672,-0.373529
2096-10-01,earth,0.992742,0.131076
2096-11-01,earth,0.779519,0.61465
2096-12-01,earth,0.36196,0.917361
2097-01-01,earth,-0.17063,0.968415
2097-02-01,earth,-0.65348,0.737353
2097-03-01,earth,-0.92989,0.341519
2097-04-01,earth,-0.981577,-0.185636
2097-05-01,earth,-0.770669,-0.648596
2097-06-01,earth,-0.347023,-0.952573
2097-07-01,earth,0.152887,-1.005003
2097-08-01,earth,0.628186,-0.79728
2097-09-01,earth,0.936147,-0.377563
2097-10-01,earth,0.993424,0.126791
2097-11-01,earth,0.782341,0.611296
2097-12-01,earth,0.366144,0.915845
2098-01-01,earth,-0.166219,0.969271
2098-02-01,earth,-0.650124,0.740338
2098-03-01,earth,-0.928316,0.345709
2098-04-01,earth,-0.982344,-0.181304
2098-05-01,earth,-0.773438,-0.645252
2098-06-01,earth,-0.351057,-0.951097
2098-07-01,earth,0.148654,-1.005678
2098-08-01,earth,0.624845,-0.799978
2098-09-01,earth,0.934582,-0.381592
2098-10-01,earth,0.994029,0.122475
2098-11-01,earth,0.785059,0.607849
2098-12-01,earth,0.37022,0.914198
2099-01-01,earth,-0.161881,0.969948
2099-02-01,earth,-0.646769,0.743138
2099-03-01,earth,-0.926701,0.349709
2099-04-01,earth,-0.982995,-0.177075
2099-05-01,earth,-0.776084,-0.641919
2099-06-01,earth,-0.355047,-0.949553
2099-07-01,earth,0.144375,-1.006283
2099-08-01,earth,0.621384,-0.802684
2099-09-01,earth,0.932912,-0.385727
2099-10-01,earth,0.994588,0.118016
2099-11-01,earth,0.787829,0.604281
2099-12-01,earth,0.374411,0.91249
2100-01-01,earth,-0.157407,0.970678
2100-02-01,earth,-0.643335,0.746097
2100-03-01,earth,-0.925045,0.353922
2100-04-01,earth,-0.983739,-0.172628
2100-05-01,earth,-0.778904,-0.638435
2100-06-01,earth,-0.359206,-0.947981
2100-07-01,earth,0.14,-1.006923
2100-08-01,earth,0.617939,-0.805415
2100-09-01,earth,0.931313,-0.389806
2100-10-01,earth,0.995199,0.113675
2100-11-01,earth,0.79057,0.600863
2100-12-01,earth,0.378504,0.910898
1900-01-01,mars,0.435351,-1.352488
1900-02-01,mars,0.835885,-1.117685
1900-03-01,mars,1.124273,-0.805693
1900-04-01,mars,1.328951,-0.380181
1900-05-01,mars,1.392618,0.070691
1900-06-01,mars,1.316369,0.529177
1900-07-01,mars,1.118602,0.924
1900-08-01,mars,0.812625,1.248123
1900-09-01,mars,0.436777,1.465859
1900-10-01,mars,0.039463,1.566495
1900-11-01,mars,-0.373969,1.557286
1900-12-01,mars,-0.750074,1.446128
1901-01-01,mars,-1.090373,1.238257
1901-02-01,mars,-1.362101,0.952333
1901-03-01,mars,-1.53576,0.643028
1901-04-01,mars,-1.638114,0.263756
1901-05-01,mars,-1.64057,-0.119012
1901-06-01,mars,-1.540452,-0.506678
1901-07-01,mars,-1.346218,-0.849892
1901-08-01,mars,-1.05289,-1.145371
1901-09-01,mars,-0.680773,-1.354573
1901-10-01,mars,-0.268179,-1.452459
1901-11-01,mars,0.180409,-1.428231
1901-12-01,mars,0.598289,-1.276449
1902-01-01,mars,0.97017,-0.993868
1902-02-01,mars,1.240183,-0.6073
1902-03-01,mars,1.370925,-0.201208
1902-04-01,mars,1.377667,0.267279
1902-05-01,mars,1.250452,0.695563
1902-06-01,mars,1.000709,1.072331
1902-07-01,mars,0.673113,1.346181
1902-08-01,mars,0.279682,1.519508
1902-09-01,mars,-0.13559,1.57646
1902-10-01,mars,-0.528854,1.524324
1902-11-01,mars,-0.900158,1.369522
1902-12-01,mars,-1.204756,1.135673
1903-01-01,mars,-1.445533,0.824524
1903-02-01,mars,-1.597605,0.462743
1903-03-01,mars,-1.650698,0.1109
1903-04-01,mars,-1.611172,-0.284388
1903-05-01,mars,-1.473776,-0.649521
1903-06-01,mars,-1.233729,-0.983011
1903-07-01,mars,-0.91679,-1.23829
1903-08-01,mars,-0.520113,-1.407382
1903-09-01,mars,-0.080415,-1.458643
1903-10-01,mars,0.351955,-1.38269
1903-11-01,mars,0.764255,-1.17253
1903-12-01,mars,1.08881,-0.854659
1904-01-01,mars,1.310313,-0.437685
1904-02-01,mars,1.392324,0.025964
1904-03-01,mars,1.337708,0.458457
1904-04-01,mars,1.150685,0.876109
1904-05-01,mars,0.866973,1.203217
1904-06-01,mars,0.499945,1.438858
1904-07-01,mars,0.105949,1.557549
1904-08-01,mars,-0.30895,1.566375
1904-09-01,mars,-0.702667,1.466302
1904-10-01,mars,-1.040068,1.277359
1904-11-01,mars,-1.323863,1.002682
1904-12-01,mars,-1.520828,0.677643
1905-01-01,mars,-1.632529,0.301131
1905-02-01,mars,-1.643249,-0.093939
1905-03-01,mars,-1.563293,-0.446245
1905-04-01,mars,-1.376929,-0.80733
1905-05-01,mars,-1.105366,-1.103315
1905-06-01,mars,-0.744437,-1.328029
1905-07-01,mars,-0.338469,-1.444243
1905-08-01,mars,0.108983,-1.441176
1905-09-01,mars,0.545751,-1.303664
1905-10-01,mars,0.916722,-1.046913
1905-11-01,mars,1.205397,-0.674702
1905-12-01,mars,1.362719,-0.245664
1906-01-01,mars,1.383358,0.222898
1906-02-01,mars,1.262527,0.669047
1906-03-01,mars,1.047623,1.017795
1906-04-01,mars,0.720085,1.315743
1906-05-01,mars,0.344968,1.499554
1906-06-01,mars,-0.069022,1.575104
1906-07-01,mars,-0.465533,1.539938
1906-08-01,mars,-0.844119,1.400749
1906-09-01,mars,-1.168286,1.170911
1906-10-01,mars,-1.412701,0.878542
1906-11-01,mars,-1.579744,0.523506
1906-12-01,mars,-1.649129,0.149115
1907-01-01,mars,-1.619624,-0.246548
1907-02-01,mars,-1.485888,-0.626172
1907-03-01,mars,-1.278715,-0.93327
1907-04-01,mars,-0.963103,-1.208854
1907-05-01,mars,-0.587508,-1.387408
1907-06-01,mars,-0.152395,-1.45878
1907-07-01,mars,0.281577,-1.403747
1907-08-01,mars,0.702499,-1.214488
1907-09-01,mars,1.051596,-0.901847
1907-10-01,mars,1.283894,-0.50836
1907-11-01,mars,1.389034,-0.048879
1907-12-01,mars,1.352331,0.401402
1908-01-01,mars,1.181059,0.827033
1908-02-01,mars,0.898431,1.175315
1908-03-01,mars,0.562072,1.408945
1908-04-01,mars,0.158799,1.548292
1908-05-01,mars,-0.243492,1.572607
1908-06-01,mars,-0.64238,1.489202
1908-07-01,mars,-0.988281,1.314259
1908-08-01,mars,-1.283776,1.051326
1908-09-01,mars,-1.499846,0.723254
1908-10-01,mars,-1.621547,0.36334
1908-11-01,mars,-1.648848,-0.030303
1908-12-01,mars,-1.576219,-0.40956
1909-01-01,mars,-1.399626,-0.774577
1909-02-01,mars,-1.126411,-1.085792
1909-03-01,mars,-0.807801,-1.298434
1909-04-01,mars,-0.395373,-1.435233
1909-05-01,mars,0.035875,-1.450721
1909-06-01,mars,0.477312,-1.335025
1909-07-01,mars,0.859694,-1.097593
1909-08-01,mars,1.166452,-0.740746
1909-09-01,mars,1.349037,-0.305164
1909-10-01,mars,1.389485,0.147846
1909-11-01,mars,1.290417,0.600789
1909-12-01,mars,1.074109,0.984035
1910-01-01,mars,0.754158,1.291787
1910-02-01,mars,0.370155,1.490794
1910-03-01,mars,-0.002768,1.570717
1910-04-01,mars,-0.414827,1.550266
1910-05-01,mars,-0.787076,1.429287
1910-06-01,mars,-1.12125,1.212783
1910-07-01,mars,-1.377881,0.930505
1910-08-01,mars,-1.559517,0.58264
1910-09-01,mars,-1.645524,0.199062
1910-10-01,mars,-1.631425,-0.184092
1910-11-01,mars,-1.514212,-0.568011
1910-12-01,mars,-1.304321,-0.903422
1911-01-01,mars,-0.996826,-1.186504
1911-02-01,mars,-0.613901,-1.37917
1911-03-01,mars,-0.224203,-1.456221
1911-04-01,mars,0.22447,-1.418789
1911-05-01,mars,0.638342,-1.254261
1911-06-01,mars,1.001836,-0.960125
1911-07-01,mars,1.253549,-0.579193
1911-08-01,mars,1.381901,-0.125275
1911-09-01,mars,1.364963,0.342053
1911-10-01,mars,1.217053,0.762242
1911-11-01,mars,0.950283,1.125116
1911-12-01,mars,0.611448,1.382138
1912-01-01,mars,0.21204,1.536522
1912-02-01,mars,-0.203822,1.574574
1912-03-01,mars,-0.580629,1.50924
1912-04-01,mars,-0.945532,1.341897
1912-05-01,mars,-1.241412,1.098001
1912-06-01,mars,-1.471145,0.77899
1912-07-01,mars,-1.607675,0.424545
1912-08-01,mars,-1.651307,0.032868
1912-09-01,mars,-1.591214,-0.360756
1912-10-01,mars,-1.434333,-0.719394
1912-11-01,mars,-1.175757,-1.040988
1912-12-01,mars,-0.843781,-1.279823
1913-01-01,mars,-0.436191,-1.427325
1913-02-01,mars,0.007966,-1.453487
1913-03-01,mars,0.409253,-1.362551
1913-04-01,mars,0.813684,-1.135426
1913-05-01,mars,1.125352,-0.804095
1913-06-01,mars,1.329493,-0.378286
1913-07-01,mars,1.392575,0.072679
1913-08-01,mars,1.315735,0.531052
1913-09-01,mars,1.109041,0.937511
1913-10-01,mars,0.81113,1.249293
1913-11-01,mars,0.43506,1.466534
1913-12-01,mars,0.03767,1.566671
1914-01-01,mars,-0.375713,1.556959
1914-02-01,mars,-0.763517,1.440031
1914-03-01,mars,-1.071661,1.253062
1914-04-01,mars,-1.348002,0.97128
1914-05-01,mars,-1.536437,0.641299
1914-06-01,mars,-1.638371,0.261881
1914-07-01,mars,-1.640401,-0.120917
1914-08-01,mars,-1.539847,-0.508491
1914-09-01,mars,-1.337161,-0.862093
1914-10-01,mars,-1.05157,-1.146632
1914-11-01,mars,-0.679231,-1.355394
1914-12-01,mars,-0.26655,-1.452794
1915-01-01,mars,0.18198,-1.428044
1915-02-01,mars,0.612831,-1.268566
1915-03-01,mars,0.949909,-1.014512
1915-04-01,mars,1.22713,-0.633279
1915-05-01,mars,1.371045,-0.199621
1915-06-01,mars,1.377236,0.268907
1915-07-01,mars,1.249504,0.697074
1915-08-01,mars,0.999298,1.073571
1915-09-01,mars,0.65935,1.354416
1915-10-01,mars,0.277725,1.51991
1915-11-01,mars,-0.137599,1.576372
1915-12-01,mars,-0.530774,1.523775
1916-01-01,mars,-0.901858,1.368543
1916-02-01,mars,-1.215151,1.125302
1916-03-01,mars,-1.440081,0.833874
1916-04-01,mars,-1.594727,0.473215
1916-05-01,mars,-1.651115,0.09629
1916-06-01,mars,-1.607727,-0.298765
1916-07-01,mars,-1.466666,-0.662765
1916-08-01,mars,-1.223121,-0.994119
1916-09-01,mars,-0.89142,-1.253379
1916-10-01,mars,-0.504539,-1.411548
1916-11-01,mars,-0.06392,-1.458183
1916-12-01,mars,0.367935,-1.377465
1917-01-01,mars,0.778106,-1.162601
1917-02-01,mars,1.10812,-0.828624
1917-03-01,mars,1.305955,-0.450437
1917-04-01,mars,1.392049,0.012554
1917-05-01,mars,1.337215,0.460135
1917-06-01,mars,1.149657,0.877532
1917-07-01,mars,0.865526,1.204272
1917-08-01,mars,0.498192,1.43945
1917-09-01,mars,0.090606,1.559707
1917-10-01,mars,-0.310892,1.56597
1917-11-01,mars,-0.704503,1.465426
1917-12-01,mars,-1.041686,1.276091
1918-01-01,mars,-1.32516,1.001097
1918-02-01,mars,-1.526841,0.664232
1918-03-01,mars,-1.628811,0.324352
1918-04-01,mars,-1.64573,-0.070232
1918-05-01,mars,-1.562883,-0.447985
1918-06-01,mars,-1.376087,-0.808823
1918-07-01,mars,-1.104163,-1.104468
1918-08-01,mars,-0.742942,-1.328741
1918-09-01,mars,-0.322616,-1.446373
1918-10-01,mars,0.110699,-1.440829
1918-11-01,mars,0.547347,-1.302744
1918-12-01,mars,0.91803,-1.04548
1919-01-01,mars,1.20624,-0.67285
1919-02-01,mars,1.365921,-0.228595
1919-03-01,mars,1.386089,0.194976
1919-04-01,mars,1.273333,0.643771
1919-05-01,mars,1.04616,1.019419
1919-06-01,mars,0.71823,1.316885
1919-07-01,mars,0.342881,1.500152
1919-08-01,mars,-0.071191,1.575107
1919-09-01,mars,-0.480473,1.536435
1919-10-01,mars,-0.846026,1.399645
1919-11-01,mars,-1.169875,1.169343
1919-12-01,mars,-1.413895,0.876623
1920-01-01,mars,-1.580465,0.521347
1920-02-01,mars,-1.650017,0.134104
1920-03-01,mars,-1.62195,-0.236117
1920-04-01,mars,-1.491072,-0.616485
1920-05-01,mars,-1.268756,-0.945087
1920-06-01,mars,-0.950148,-1.21765
1920-07-01,mars,-0.572443,-1.392443
1920-08-01,mars,-0.136269,-1.45926
1920-09-01,mars,0.311599,-1.395311
1920-10-01,mars,0.716441,-1.205474
1920-11-01,mars,1.062142,-0.888799
1920-12-01,mars,1.29,-0.492636
1921-01-01,mars,1.389912,-0.032034
1921-02-01,mars,1.344496,0.432188
1921-03-01,mars,1.187286,0.815839
1921-04-01,mars,0.907287,1.166734
1921-05-01,mars,0.560061,1.409655
1921-06-01,mars,0.156605,1.548469
1921-07-01,mars,-0.245706,1.572247
1921-08-01,mars,-0.64446,1.488307
1921-09-01,mars,-1.000704,1.305614
1921-10-01,mars,-1.285215,1.049556
1921-11-01,mars,-1.500811,0.721172
1921-12-01,mars,-1.621988,0.361065
1922-01-01,mars,-1.648704,-0.032651
1922-02-01,mars,-1.571375,-0.424174
1922-03-01,mars,-1.412784,-0.75444
1922-04-01,mars,-1.144968,-1.069573
1922-05-01,mars,-0.805668,-1.299655
1922-06-01,mars,-0.39302,-1.435839
1922-07-01,mars,0.038243,-1.450679
1922-08-01,mars,0.479474,-1.334334
1922-09-01,mars,0.872956,-1.086468
1922-10-01,mars,1.167663,-0.739132
1922-11-01,mars,1.349614,-0.30336
1922-12-01,mars,1.389442,0.149648
1923-01-01,mars,1.289782,0.602419
1923-02-01,mars,1.064007,0.996816
1923-03-01,mars,0.775612,1.276021
1923-04-01,mars,0.394399,1.481904
1923-05-01,mars,-0.00468,1.570685
1923-06-01,mars,-0.416736,1.549716
1923-07-01,mars,-0.788849,1.42827
1923-08-01,mars,-1.12276,1.21135
1923-09-01,mars,-1.386275,0.91831
1923-10-01,mars,-1.56023,0.580675
1923-11-01,mars,-1.645743,0.197002
1923-12-01,mars,-1.631143,-0.186123
1924-01-01,mars,-1.513415,-0.569888
1924-02-01,mars,-1.294489,-0.915298
1924-03-01,mars,-1.00635,-1.17987
1924-04-01,mars,-0.625172,-1.375323
1924-05-01,mars,-0.207606,-1.457198
1924-06-01,mars,0.24106,-1.414761
1924-07-01,mars,0.653369,-1.245409
1924-08-01,mars,1.013627,-0.946921
1924-09-01,mars,1.267086,-0.548987
1924-10-01,mars,1.38391,-0.107667
1924-11-01,mars,1.361562,0.359198
1924-12-01,mars,1.208998,0.777352
1925-01-01,mars,0.938473,1.136901
1925-02-01,mars,0.584884,1.396638
1925-03-01,mars,0.223271,1.533858
1925-04-01,mars,-0.192569,1.575024
1925-05-01,mars,-0.582603,1.508595
1925-06-01,mars,-0.947267,1.34076
1925-07-01,mars,-1.242827,1.09647
1925-08-01,mars,-1.472155,0.777154
1925-09-01,mars,-1.611216,0.41017
1925-10-01,mars,-1.651389,0.03079
1925-11-01,mars,-1.59081,-0.362755
1925-12-01,mars,-1.433492,-0.721185
1926-01-01,mars,-1.17453,-1.042438
1926-02-01,mars,-0.830015,-1.287281
1926-03-01,mars,-0.462287,-1.421815
1926-04-01,mars,-0.0194,-1.455723
1926-05-01,mars,0.410834,-1.361971
1926-06-01,mars,0.814995,-1.134314
1926-07-01,mars,1.126259,-0.802546
1926-08-01,mars,1.329857,-0.376415
1926-09-01,mars,1.392052,0.089853
1926-10-01,mars,1.314849,0.533008
1926-11-01,mars,1.10757,0.939206
1926-12-01,mars,0.809212,1.250575
1927-01-01,mars,0.432846,1.467281
1927-02-01,mars,0.021891,1.568289
1927-03-01,mars,-0.351809,1.56057
1927-04-01,mars,-0.741836,1.44967
1927-05-01,mars,-1.073416,1.251704
1927-06-01,mars,-1.34933,0.969552
1927-07-01,mars,-1.537288,0.639318
1927-08-01,mars,-1.63869,0.259757
1927-09-01,mars,-1.638564,-0.13582
1927-10-01,mars,-1.539111,-0.510526
1927-11-01,mars,-1.33594,-0.863889
1927-12-01,mars,-1.049955,-1.148076
1928-01-01,mars,-0.677322,-1.356363
1928-02-01,mars,-0.250189,-1.454464
1928-03-01,mars,0.169567,-1.430794
1928-04-01,mars,0.60145,-1.275067
1928-05-01,mars,0.962015,-1.002521
1928-06-01,mars,1.234899,-0.618106
1928-07-01,mars,1.373831,-0.182907
1928-08-01,mars,1.374721,0.285465
1928-09-01,mars,1.235839,0.725217
1928-10-01,mars,0.98822,1.085399
1928-11-01,mars,0.64559,1.362404
1928-12-01,mars,0.26258,1.523819
1929-01-01,mars,-0.152983,1.576048
1929-02-01,mars,-0.557973,1.516006
1929-03-01,mars,-0.892436,1.373905
1929-04-01,mars,-1.207597,1.132877
1929-05-01,mars,-1.441162,0.832145
1929-06-01,mars,-1.595354,0.471327
1929-07-01,mars,-1.651263,0.09436
1929-08-01,mars,-1.607369,-0.300618
1929-09-01,mars,-1.459472,-0.67596
1929-10-01,mars,-1.221842,-0.995472
1929-11-01,mars,-0.889773,-1.254312
1929-12-01,mars,-0.502637,-1.411984
1930-01-01,mars,-0.061899,-1.458035
1930-02-01,mars,0.383935,-1.371821
1930-03-01,mars,0.755345,-1.179003
1930-04-01,mars,1.091335,-0.851436
1930-05-01,mars,1.306684,-0.448322
1930-06-01,mars,1.39211,0.01478
1930-07-01,mars,1.336638,0.462251
1930-08-01,mars,1.148504,0.87934
1930-09-01,mars,0.853066,1.214927
1930-10-01,mars,0.496311,1.440285
1930-11-01,mars,0.088588,1.559967
1930-12-01,mars,-0.312902,1.565681
1931-01-01,mars,-0.706371,1.464611
1931-02-01,mars,-1.053568,1.267119
1931-03-01,mars,-1.310495,1.019331
1931-04-01,mars,-1.51745,0.685591
1931-05-01,mars,-1.629288,0.322393
1931-06-01,mars,-1.645761,-0.072189
1931-07-01,mars,-1.562498,-0.449818
1931-08-01,mars,-1.375319,-0.810413
1931-09-01,mars,-1.092605,-1.114372
1931-10-01,mars,-0.741642,-1.329575
1931-11-01,mars,-0.321197,-1.446725
1931-12-01,mars,0.112118,-1.440685
1932-01-01,mars,0.548635,-1.302083
1932-02-01,mars,0.930047,-1.033853
1932-03-01,mars,1.199437,-0.684698
1932-04-01,mars,1.363079,-0.241773
1932-05-01,mars,1.38411,0.211903
1932-06-01,mars,1.266386,0.659197
1932-07-01,mars,1.035251,1.03207
1932-08-01,mars,0.70441,1.325751
1932-09-01,mars,0.314339,1.509004
1932-10-01,mars,-0.086977,1.57553
1932-11-01,mars,-0.495527,1.532751
1932-12-01,mars,-0.859461,1.392403
1933-01-01,mars,-1.180866,1.159008
1933-02-01,mars,-1.428616,0.853169
1933-03-01,mars,-1.577322,0.531282
1933-04-01,mars,-1.649571,0.144599
1933-05-01,mars,-1.621624,-0.238348
1933-06-01,mars,-1.490225,-0.618545
1933-07-01,mars,-1.267473,-0.94685
1933-08-01,mars,-0.948523,-1.218989
1933-09-01,mars,-0.557119,-1.397335
1933-10-01,mars,-0.13442,-1.459557
1933-11-01,mars,0.313308,-1.395076
1933-12-01,mars,0.717869,-1.204791
1934-01-01,mars,1.063165,-0.88776
1934-02-01,mars,1.296008,-0.477075
1934-03-01,mars,1.387949,-0.06103
1934-04-01,mars,1.351242,0.404402
1934-05-01,mars,1.186356,0.817015
1934-06-01,mars,0.905914,1.167624
1934-07-01,mars,0.55835,1.410162
1934-08-01,mars,0.154671,1.548502
1934-09-01,mars,-0.26099,1.570735
1934-10-01,mars,-0.646392,1.487342
1934-11-01,mars,-1.002416,1.304191
1934-12-01,mars,-1.286597,1.047769
1935-01-01,mars,-1.501755,0.719109
1935-02-01,mars,-1.624881,0.346366
1935-03-01,mars,-1.650046,-0.009296
1935-04-01,mars,-1.578902,-0.401632
1935-05-01,mars,-1.411654,-0.756374
1935-06-01,mars,-1.143357,-1.071145
1935-07-01,mars,-0.803682,-1.300755
1935-08-01,mars,-0.390785,-1.436345
1935-09-01,mars,0.055062,-1.448887
1935-10-01,mars,0.481626,-1.333536
1935-11-01,mars,0.874738,-1.085085
1935-12-01,mars,1.168917,-0.737337
1936-01-01,mars,1.350218,-0.301357
1936-02-01,mars,1.388357,0.166724
1936-03-01,mars,1.294487,0.590294
1936-04-01,mars,1.071895,0.986784
1936-05-01,mars,0.762731,1.285403
1936-06-01,mars,0.379752,1.487112
1936-07-01,mars,-0.019874,1.571754
1936-08-01,mars,-0.431415,1.54669
1936-09-01,mars,-0.81375,1.415918
1936-10-01,mars,-1.133804,1.201576
1936-11-01,mars,-1.394446,0.90605
1936-12-01,mars,-1.565152,0.566744
1937-01-01,mars,-1.646978,0.182183
1937-02-01,mars,-1.626352,-0.213613
1937-03-01,mars,-1.518043,-0.559913
1937-04-01,mars,-1.301823,-0.906689
1937-05-01,mars,-1.004759,-1.181126
1937-06-01,mars,-0.623318,-1.376058
1937-07-01,mars,-0.20563,-1.457357
1937-08-01,mars,0.243,-1.414291
1937-09-01,mars,0.667987,-1.23656
1937-10-01,mars,1.014967,-0.945308
1937-11-01,mars,1.267871,-0.546968
1937-12-01,mars,1.384058,-0.105448
1938-01-01,mars,1.361027,0.361397
1938-02-01,mars,1.200757,0.79223
1938-03-01,mars,0.957201,1.118088
1938-04-01,mars,0.60759,1.384286
1938-05-01,mars,0.221189,1.534369
1938-06-01,mars,-0.19464,1.574962
1938-07-01,mars,-0.584527,1.508016
1938-08-01,mars,-0.948925,1.33971
1938-09-01,mars,-1.252813,1.08569
1938-10-01,mars,-1.47305,0.775424
1938-11-01,mars,-1.611643,0.408241
1938-12-01,mars,-1.651337,0.028775
1939-01-01,mars,-1.590257,-0.36474
1939-02-01,mars,-1.425587,-0.73429
1939-03-01,mars,-1.192567,-1.025294
1939-04-01,mars,-0.852695,-1.275437
1939-05-01,mars,-0.460305,-1.422447
1939-06-01,mars,-0.017369,-1.45576
1939-07-01,mars,0.412728,-1.361421
1939-08-01,mars,0.81656,-1.133211
1939-09-01,mars,1.135931,-0.788378
1939-10-01,mars,1.33035,-0.374622
1939-11-01,mars,1.391899,0.091724
1939-12-01,mars,1.314087,0.534774
1940-01-01,mars,1.106256,0.940695
1940-02-01,mars,0.796224,1.260391
1940-03-01,mars,0.443703,1.462701
1940-04-01,mars,0.033213,1.566954
1940-05-01,mars,-0.367008,1.558227
1940-06-01,mars,-0.755656,1.443573
1940-07-01,mars,-1.08511,1.242504
1940-08-01,mars,-1.358177,0.957811
1940-09-01,mars,-1.547581,0.614046
1940-10-01,mars,-1.640631,0.245307
1940-11-01,mars,-1.636654,-0.150356
1940-12-01,mars,-1.533477,-0.524254
1941-01-01,mars,-1.326659,-0.87583
1941-02-01,mars,-1.026575,-1.165463
1941-03-01,mars,-0.688569,-1.351916
1941-04-01,mars,-0.262535,-1.453367
1941-05-01,mars,0.171567,-1.430377
1941-06-01,mars,0.603294,-1.274063
1941-07-01,mars,0.963516,-1.001008
1941-08-01,mars,1.235875,-0.616204
1941-09-01,mars,1.376484,-0.165742
1941-10-01,mars,1.374419,0.287533
1941-11-01,mars,1.234923,0.727059
1941-12-01,mars,0.986814,1.086865
1942-01-01,mars,0.643815,1.363373
1942-02-01,mars,0.247331,1.527734
1942-03-01,mars,-0.128225,1.576054
1942-04-01,mars,-0.534677,1.522463
1942-05-01,mars,-0.894216,1.372825
1942-06-01,mars,-1.209079,1.13142
1942-07-01,mars,-1.442286,0.830432
1942-08-01,mars,-1.596063,0.469467
1942-09-01,mars,-1.651752,0.079695
1942-10-01,mars,-1.607233,-0.302404
1942-11-01,mars,-1.458944,-0.677538
1942-12-01,mars,-1.220988,-0.996755
1943-01-01,mars,-0.888657,-1.255212
1943-02-01,mars,-0.48761,-1.415875
1943-03-01,mars,-0.089573,-1.458983
1943-04-01,mars,0.357132,-1.380994
1943-05-01,mars,0.756466,-1.178048
1943-06-01,mars,1.092128,-0.850047
1943-07-01,mars,1.307029,-0.446619
1943-08-01,mars,1.391899,0.016643
1943-09-01,mars,1.331742,0.478467
1943-10-01,mars,1.147187,0.880944
1943-11-01,mars,0.851319,1.216145
1943-12-01,mars,0.494288,1.441027
1944-01-01,mars,0.086435,1.560165
1944-02-01,mars,-0.328203,1.56371
1944-03-01,mars,-0.696258,1.468609
1944-04-01,mars,-1.045009,1.273526
1944-05-01,mars,-1.319847,1.007761
1944-06-01,mars,-1.523522,0.672051
1944-07-01,mars,-1.631838,0.307741
1944-08-01,mars,-1.644479,-0.087101
1944-09-01,mars,-1.552921,-0.476277
1944-10-01,mars,-1.366671,-0.823021
1944-11-01,mars,-1.080752,-1.12435
1944-12-01,mars,-0.727374,-1.336137
1945-01-01,mars,-0.30544,-1.449015
1945-02-01,mars,0.142539,-1.435878
1945-03-01,mars,0.536462,-1.308302
1945-04-01,mars,0.920044,-1.043641
1945-05-01,mars,1.200062,-0.683722
1945-06-01,mars,1.36327,-0.240622
1945-07-01,mars,1.383848,0.213112
1945-08-01,mars,1.265649,0.66034
1945-09-01,mars,1.024688,1.044063
1945-10-01,mars,0.702884,1.326384
1945-11-01,mars,0.312568,1.509229
1945-12-01,mars,-0.088852,1.575314
1946-01-01,mars,-0.497368,1.532075
1946-02-01,mars,-0.872474,1.385089
1946-03-01,mars,-1.163597,1.175019
1946-04-01,mars,-1.416197,0.872984
1946-05-01,mars,-1.577944,0.52937
1946-06-01,mars,-1.649707,0.142598
1946-07-01,mars,-1.62127,-0.240325
1946-08-01,mars,-1.489369,-0.620378
1946-09-01,mars,-1.257201,-0.958395
1946-10-01,mars,-0.946828,-1.220173
1946-11-01,mars,-0.555153,-1.398022
1946-12-01,mars,-0.132345,-1.459692
1947-01-01,mars,0.315306,-1.394621
1947-02-01,mars,0.732109,-1.195373
1947-03-01,mars,1.045243,-0.910061
1947-04-01,mars,1.285752,-0.503993
1947-05-01,mars,1.388172,-0.059347
1947-06-01,mars,1.350918,0.405973
1947-07-01,mars,1.185575,0.818347
1947-08-01,mars,0.904755,1.168611
1947-09-01,mars,0.544422,1.417019
1947-10-01,mars,0.153082,1.548646
1947-11-01,mars,-0.26263,1.570419
1947-12-01,mars,-0.647971,1.486594
1948-01-01,mars,-1.003823,1.30304
1948-02-01,mars,-1.295993,1.03659
1948-03-01,mars,-1.497002,0.728806
1948-04-01,mars,-1.622841,0.357006
1948-05-01,mars,-1.649359,-0.023953
1948-06-01,mars,-1.574407,-0.415737
1948-07-01,mars,-1.403606,-0.769021
1948-08-01,mars,-1.132001,-1.081326
1948-09-01,mars,-0.777185,-1.313644
1948-10-01,mars,-0.375073,-1.439068
1948-11-01,mars,0.071286,-1.446858
1948-12-01,mars,0.496911,-1.326746
1949-01-01,mars,0.887471,-1.073748
1949-02-01,mars,1.185578,-0.709383
1949-03-01,mars,1.34696,-0.314194
1949-04-01,mars,1.389185,0.153708
1949-05-01,mars,1.293669,0.592241
1949-06-01,mars,1.070552,0.988407
1949-07-01,mars,0.761015,1.286581
1949-08-01,mars,0.377809,1.487754
1949-09-01,mars,-0.035339,1.572782
1949-10-01,mars,-0.433354,1.546246
1949-11-01,mars,-0.815496,1.414977
1949-12-01,mars,-1.135268,1.200219
1950-01-01,mars,-1.395539,0.904348
1950-02-01,mars,-1.569997,0.552813
1950-03-01,mars,-1.644981,0.205527
1950-04-01,mars,-1.630588,-0.190298
1950-05-01,mars,-1.517339,-0.561872
1950-06-01,mars,-1.300693,-0.908389
1950-07-01,mars,-1.0033,-1.182455
1950-08-01,mars,-0.62164,-1.376903
1950-09-01,mars,-0.189484,-1.458349
1950-10-01,mars,0.244654,-1.414059
1950-11-01,mars,0.669392,-1.235818
1950-12-01,mars,1.016001,-0.944157
1951-01-01,mars,1.26842,-0.545515
1951-02-01,mars,1.385589,-0.08869
1951-03-01,mars,1.366319,0.3335
1951-04-01,mars,1.21379,0.767787
1951-05-01,mars,0.955697,1.119252
1951-06-01,mars,0.605739,1.385035
1951-07-01,mars,0.219143,1.534646
1951-08-01,mars,-0.196734,1.574723
1951-09-01,mars,-0.599006,1.503346
1951-10-01,mars,-0.950683,1.338523
1951-11-01,mars,-1.254215,1.084117
1951-12-01,mars,-1.47402,0.773568
1952-01-01,mars,-1.612103,0.406199
1952-02-01,mars,-1.650911,0.013864
1952-03-01,mars,-1.593249,-0.354334
1952-04-01,mars,-1.431324,-0.724885
1952-05-01,mars,-1.18125,-1.036236
1952-06-01,mars,-0.838481,-1.283084
1952-07-01,mars,-0.444171,-1.426071
1952-08-01,mars,-0.000492,-1.454599
1952-09-01,mars,0.442711,-1.349913
1952-10-01,mars,0.830285,-1.12249
1952-11-01,mars,1.145732,-0.773913
1952-12-01,mars,1.335329,-0.357966
1953-01-01,mars,1.391482,0.108878
1953-02-01,mars,1.30375,0.564796
1953-03-01,mars,1.113633,0.930328
1953-04-01,mars,0.805965,1.25276
1953-05-01,mars,0.44192,1.463296
1953-06-01,mars,0.031296,1.567013
1953-07-01,mars,-0.368918,1.557781
1953-08-01,mars,-0.757432,1.442649
1953-09-01,mars,-1.096607,1.233117
1953-10-01,mars,-1.359378,0.956176
1953-11-01,mars,-1.548373,0.6122
1953-12-01,mars,-1.64098,0.243367
1954-01-01,mars,-1.636519,-0.152274
1954-02-01,mars,-1.527747,-0.538056
1954-03-01,mars,-1.34191,-0.856258
1954-04-01,mars,-1.047039,-1.150318
1954-05-01,mars,-0.686818,-1.352595
1954-06-01,mars,-0.260584,-1.453466
1954-07-01,mars,0.173557,-1.429853
1954-08-01,mars,0.605131,-1.272879
1954-09-01,mars,0.975548,-0.988267
1954-10-01,mars,1.236792,-0.613966
1954-11-01,mars,1.376699,-0.163254
1954-12-01,mars,1.373914,0.290015
1955-01-01,mars,1.233732,0.72929
1955-02-01,mars,0.975205,1.099194
1955-03-01,mars,0.665851,1.350087
1955-04-01,mars,0.271556,1.521293
1955-05-01,mars,-0.130542,1.576084
1955-06-01,mars,-0.536869,1.521891
1955-07-01,mars,-0.89616,1.371734
1955-08-01,mars,-1.210663,1.129887
1955-09-01,mars,-1.449836,0.817606
1955-10-01,mars,-1.596737,0.467407
1955-11-01,mars,-1.651921,0.077565
1955-12-01,mars,-1.606926,-0.304469
1956-01-01,mars,-1.458186,-0.679406
1956-02-01,mars,-1.210425,-1.007913
1956-03-01,mars,-0.899176,-1.249432
1956-04-01,mars,-0.499787,-1.413129
1956-05-01,mars,-0.073462,-1.458734
1956-06-01,mars,0.372699,-1.375847
1956-07-01,mars,0.770001,-1.16836
1956-08-01,mars,1.102083,-0.836455
1956-09-01,mars,1.317241,-0.416014
1956-10-01,mars,1.391987,0.033632
1956-11-01,mars,1.326633,0.494591
1956-12-01,mars,1.137713,0.894767
1957-01-01,mars,0.838421,1.226488
1957-02-01,mars,0.466535,1.452904
1957-03-01,mars,0.097444,1.558285
1957-04-01,mars,-0.317443,1.564893
1957-05-01,mars,-0.698498,1.467625
1957-06-01,mars,-1.046935,1.272062
1957-07-01,mars,-1.321363,1.005924
1957-08-01,mars,-1.524533,0.66994
1957-09-01,mars,-1.634304,0.29291
1957-10-01,mars,-1.644372,-0.089381
1957-11-01,mars,-1.552243,-0.47844
1957-12-01,mars,-1.365483,-0.824936
1958-01-01,mars,-1.07912,-1.125877
1958-02-01,mars,-0.712572,-1.342598
1958-03-01,mars,-0.331743,-1.445877
1958-04-01,mars,0.115664,-1.440652
1958-05-01,mars,0.538319,-1.307638
1958-06-01,mars,0.921512,-1.042504
1958-07-01,mars,1.201034,-0.682272
1958-08-01,mars,1.363669,-0.23902
1958-09-01,mars,1.382007,0.229709
1958-10-01,mars,1.26495,0.661763
1958-11-01,mars,1.023519,1.045195
1958-12-01,mars,0.701352,1.327136
1959-01-01,mars,0.310776,1.509514
1959-02-01,mars,-0.1042,1.575429
1959-03-01,mars,-0.473658,1.537439
1959-04-01,mars,-0.851508,1.396275
1959-05-01,mars,-1.165094,1.173451
1959-06-01,mars,-1.417317,0.871101
1959-07-01,mars,-1.578624,0.527294
1959-08-01,mars,-1.649886,0.140452
1959-09-01,mars,-1.618299,-0.255051
1959-10-01,mars,-1.488548,-0.622275
1959-11-01,mars,-1.255926,-0.959978
1959-12-01,mars,-0.945184,-1.221345
1960-01-01,mars,-0.553232,-1.398671
1960-02-01,mars,-0.115813,-1.45974
1960-03-01,mars,0.303134,-1.398291
1960-04-01,mars,0.721402,-1.202652
1960-05-01,mars,1.0563,-0.896594
1960-06-01,mars,1.292135,-0.48772
1960-07-01,mars,1.389401,-0.042017
1960-08-01,mars,1.346872,0.422603
1960-09-01,mars,1.169467,0.845359
1960-10-01,mars,0.892717,1.17965
1960-11-01,mars,0.530128,1.423982
1960-12-01,mars,0.137821,1.551434
1961-01-01,mars,-0.277743,1.568985
1961-02-01,mars,-0.674194,1.47682
1961-03-01,mars,-0.994759,1.309182
1961-04-01,mars,-1.288951,1.044746
1961-05-01,mars,-1.497837,0.726979
1961-06-01,mars,-1.623236,0.355
1961-07-01,mars,-1.649298,-0.026012
1961-08-01,mars,-1.573873,-0.417714
1961-09-01,mars,-1.395326,-0.781828
1961-10-01,mars,-1.130665,-1.082742
1961-11-01,mars,-0.775579,-1.314602
1961-12-01,mars,-0.373333,-1.439509
1962-01-01,mars,0.073015,-1.446732
1962-02-01,mars,0.512085,-1.319889
1962-03-01,mars,0.86591,-1.092595
1962-04-01,mars,1.170697,-0.734076
1962-05-01,mars,1.347259,-0.312386
1962-06-01,mars,1.388876,0.155611
1962-07-01,mars,1.292775,0.594051
1962-08-01,mars,1.069125,0.989943
1962-09-01,mars,0.747642,1.295953
1962-10-01,mars,0.375737,1.488381
1962-11-01,mars,-0.037492,1.572865
1962-12-01,mars,-0.435431,1.545811
1963-01-01,mars,-0.817357,1.414055
1963-02-01,mars,-1.146394,1.190417
1963-03-01,mars,-1.382357,0.923709
1963-04-01,mars,-1.562242,0.574902
1963-05-01,mars,-1.645176,0.203556
1963-06-01,mars,-1.630265,-0.192272
1963-07-01,mars,-1.51653,-0.563734
1963-08-01,mars,-1.299422,-0.910013
1963-09-01,mars,-0.9904,-1.19153
1963-10-01,mars,-0.619712,-1.377711
1963-11-01,mars,-0.187428,-1.458603
1963-12-01,mars,0.246659,-1.413742
1964-01-01,mars,0.671152,-1.234937
1964-02-01,mars,1.027342,-0.931311
1964-03-01,mars,1.263099,-0.557888
1964-04-01,mars,1.384273,-0.10206
1964-05-01,mars,1.36306,0.350004
1964-06-01,mars,1.205806,0.782284
1964-07-01,mars,0.944102,1.130649
1964-08-01,mars,0.59163,1.392489
1964-09-01,mars,0.190472,1.540939
1964-10-01,mars,-0.212134,1.57382
1964-11-01,mars,-0.613419,1.498512
1964-12-01,mars,-0.963286,1.330355
1965-01-01,mars,-1.264229,1.073128
1965-02-01,mars,-1.486802,0.749268
1965-03-01,mars,-1.609769,0.416646
1965-04-01,mars,-1.651377,0.02473
1965-05-01,mars,-1.592875,-0.356168
1965-06-01,mars,-1.430473,-0.726496
1965-07-01,mars,-1.179988,-1.037523
1965-08-01,mars,-0.836876,-1.283935
1965-09-01,mars,-0.428422,-1.429303
1965-10-01,mars,0.001428,-1.454367
1965-11-01,mars,0.444546,-1.349077
1965-12-01,mars,0.831852,-1.121103
1966-01-01,mars,1.146839,-0.772062
1966-02-01,mars,1.339922,-0.341103
1966-03-01,mars,1.392182,0.080776
1966-04-01,mars,1.312774,0.538686
1966-05-01,mars,1.112333,0.932077
1966-06-01,mars,0.804228,1.254038
1966-07-01,mars,0.439906,1.464032
1966-08-01,mars,0.029156,1.567151
1966-09-01,mars,-0.3841,1.55523
1966-10-01,mars,-0.759387,1.441658
1966-11-01,mars,-1.098278,1.231648
1966-12-01,mars,-1.360682,0.954342
1967-01-01,mars,-1.549229,0.610111
1967-02-01,mars,-1.64282,0.228503
1967-03-01,mars,-1.639876,-0.128963
1967-04-01,mars,-1.537343,-0.516007
1967-05-01,mars,-1.340959,-0.858025
1967-06-01,mars,-1.045753,-1.151692
1967-07-01,mars,-0.685313,-1.353506
1967-08-01,mars,-0.25898,-1.453843
1967-09-01,mars,0.189539,-1.42672
1967-10-01,mars,0.606514,-1.272182
1967-11-01,mars,0.976601,-0.987088
1967-12-01,mars,1.237399,-0.612421
1968-01-01,mars,1.376741,-0.161479
1968-02-01,mars,1.370922,0.306699
1968-03-01,mars,1.239121,0.71769
1968-04-01,mars,0.98345,1.090014
1968-05-01,mars,0.651811,1.358307
1968-06-01,mars,0.256096,1.525238
1968-07-01,mars,-0.1462,1.575866
1968-08-01,mars,-0.551656,1.517625
1968-09-01,mars,-0.920297,1.357368
1968-10-01,mars,-1.221185,1.119137
1968-11-01,mars,-1.457222,0.804566
1968-12-01,mars,-1.600667,0.452913
1969-01-01,mars,-1.652004,0.062431
1969-02-01,mars,-1.599869,-0.331845
1969-03-01,mars,-1.463494,-0.670028
1969-04-01,mars,-1.218293,-1.000122
1969-05-01,mars,-0.897238,-1.250786
1969-06-01,mars,-0.497626,-1.413912
1969-07-01,mars,-0.071266,-1.458914
1969-08-01,mars,0.37473,-1.375417
1969-09-01,mars,0.783861,-1.158439
1969-10-01,mars,1.103291,-0.835115
1969-11-01,mars,1.31788,-0.414446
1969-12-01,mars,1.392051,0.035258
1970-01-01,mars,1.326125,0.496117
1970-02-01,mars,1.128527,0.908203
1970-03-01,mars,0.858896,1.209059
1970-04-01,mars,0.490318,1.442259
1970-05-01,mars,0.095564,1.558341
1970-06-01,mars,-0.319354,1.564445
1970-07-01,mars,-0.700301,1.466713
1970-08-01,mars,-1.0485,1.27073
1970-09-01,mars,-1.330484,0.994281
1970-10-01,mars,-1.52534,0.668046
1970-11-01,mars,-1.634629,0.290892
1970-12-01,mars,-1.644201,-0.091408
1971-01-01,mars,-1.551552,-0.480354
1971-02-01,mars,-1.356478,-0.837367
1971-03-01,mars,-1.098614,-1.110082
1971-04-01,mars,-0.73626,-1.332527
1971-05-01,mars,-0.329533,-1.446191
1971-06-01,mars,0.117941,-1.440305
1971-07-01,mars,0.540453,-1.306636
1971-08-01,mars,0.923267,-1.040893
1971-09-01,mars,1.209593,-0.666816
1971-10-01,mars,1.364175,-0.236754
1971-11-01,mars,1.381803,0.231942
1971-12-01,mars,1.26413,0.66375
1972-01-01,mars,1.022196,1.046769
1972-02-01,mars,0.687816,1.335869
1972-03-01,mars,0.322087,1.505993
1972-04-01,mars,-0.09267,1.575105
1972-05-01,mars,-0.488315,1.533945
1972-06-01,mars,-0.864547,1.389154
1972-07-01,mars,-1.17584,1.163384
1972-08-01,mars,-1.425101,0.85868
1972-09-01,mars,-1.58685,0.501211
1972-10-01,mars,-1.650679,0.125772
1972-11-01,mars,-1.615274,-0.269541
1972-12-01,mars,-1.481891,-0.635663
1973-01-01,mars,-1.245798,-0.971259
1973-02-01,mars,-0.920493,-1.23688
1973-03-01,mars,-0.565236,-1.39523
1973-04-01,mars,-0.128695,-1.459814
1973-05-01,mars,0.304675,-1.39782
1973-06-01,mars,0.722744,-1.201654
1973-07-01,mars,1.057304,-0.895141
1973-08-01,mars,1.292649,-0.485907
1973-09-01,mars,1.39021,-0.024833
1973-10-01,mars,1.346186,0.424593
1973-11-01,mars,1.168197,0.84713
1973-12-01,mars,0.890992,1.181043
1974-01-01,mars,0.528092,1.424868
1974-02-01,mars,0.122239,1.554119
1974-03-01,mars,-0.253361,1.571078
1974-04-01,mars,-0.651692,1.485151
1974-05-01,mars,-0.996466,1.308021
1974-06-01,mars,-1.290283,1.043213
1974-07-01,mars,-1.498745,0.725181
1974-08-01,mars,-1.623667,0.353037
1974-09-01,mars,-1.648437,-0.040823
1974-10-01,mars,-1.573346,-0.419658
1974-11-01,mars,-1.394354,-0.78358
1974-12-01,mars,-1.129326,-1.084194
1975-01-01,mars,-0.773963,-1.315637
1975-02-01,mars,-0.357482,-1.442297
1975-03-01,mars,0.045732,-1.450323
1975-04-01,mars,0.486397,-1.331683
1975-05-01,mars,0.867174,-1.091713
1975-06-01,mars,1.171524,-0.732864
1975-07-01,mars,1.347593,-0.310988
1975-08-01,mars,1.388675,0.157052
1975-09-01,mars,1.286688,0.609265
1975-10-01,mars,1.06796,0.991052
1975-11-01,mars,0.746108,1.296718
1975-12-01,mars,0.373963,1.488741
1976-01-01,mars,-0.039379,1.57277
1976-02-01,mars,-0.45021,1.542599
1976-03-01,mars,-0.807466,1.418883
1976-04-01,mars,-1.138262,1.197598
1976-05-01,mars,-1.390662,0.911669
1976-06-01,mars,-1.567176,0.561198
1976-07-01,mars,-1.646539,0.18904
1976-08-01,mars,-1.627786,-0.206746
1976-09-01,mars,-1.50478,-0.589127
1976-10-01,mars,-1.289663,-0.921621
1976-11-01,mars,-0.977545,-1.200243
1976-12-01,mars,-0.604602,-1.382768
1977-01-01,mars,-0.171073,-1.459166
1977-02-01,mars,0.277158,-1.405733
1977-03-01,mars,0.660027,-1.241737
1977-04-01,mars,1.01872,-0.941336
1977-05-01,mars,1.263966,-0.556086
1977-06-01,mars,1.384542,-0.100123
1977-07-01,mars,1.362747,0.351879
1977-08-01,mars,1.204951,0.783919
1977-09-01,mars,0.932566,1.142016
1977-10-01,mars,0.590047,1.393302
1977-11-01,mars,0.188719,1.541247
1977-12-01,mars,-0.213923,1.573636
1978-01-01,mars,-0.615124,1.497851
1978-02-01,mars,-0.975565,1.322216
1978-03-01,mars,-1.248278,1.090564
1978-04-01,mars,-1.475996,0.770162
1978-05-01,mars,-1.610318,0.4149
1978-06-01,mars,-1.651526,0.022969
1978-07-01,mars,-1.592642,-0.357837
1978-08-01,mars,-1.429876,-0.727963
1978-09-01,mars,-1.169262,-1.047968
1978-10-01,mars,-0.835732,-1.284741
1978-11-01,mars,-0.427125,-1.429671
1978-12-01,mars,0.002772,-1.45427
1979-01-01,mars,0.445816,-1.348483
1979-02-01,mars,0.844633,-1.110432
1979-03-01,mars,1.130611,-0.796034
1979-04-01,mars,1.331884,-0.368768
1979-05-01,mars,1.391875,0.08267
1979-06-01,mars,1.311875,0.540515
1979-07-01,mars,1.110919,0.933659
1979-08-01,mars,0.802399,1.255213
1979-09-01,mars,0.424932,1.469853
1979-10-01,mars,0.026968,1.567288
1979-11-01,mars,-0.386236,1.554818
1979-12-01,mars,-0.761343,1.440751
1980-01-01,mars,-1.099933,1.230295
1980-02-01,mars,-1.369404,0.942335
1980-03-01,mars,-1.545412,0.619972
1980-04-01,mars,-1.641702,0.239083
1980-05-01,mars,-1.63805,-0.143795
1980-06-01,mars,-1.53169,-0.53001
1980-07-01,mars,-1.331822,-0.870286
1980-08-01,mars,-1.033492,-1.161192
1980-09-01,mars,-0.657646,-1.364412
1980-10-01,mars,-0.243095,-1.455455
1980-11-01,mars,0.205403,-1.423556
1980-12-01,mars,0.620901,-1.264429
1981-01-01,mars,0.987961,-0.975178
1981-02-01,mars,1.251139,-0.583737
1981-03-01,mars,1.374607,-0.175347
1981-04-01,mars,1.372985,0.293089
1981-05-01,mars,1.238265,0.718857
1981-06-01,mars,0.982137,1.090952
1981-07-01,mars,0.650137,1.358902
1981-08-01,mars,0.254172,1.525388
1981-09-01,mars,-0.161617,1.575356
1981-10-01,mars,-0.55363,1.516799
1981-11-01,mars,-0.922078,1.356084
1981-12-01,mars,-1.222659,1.117476
1982-01-01,mars,-1.45828,0.802608
1982-02-01,mars,-1.604467,0.438481
1982-03-01,mars,-1.651871,0.085794
1982-04-01,mars,-1.605925,-0.30894
1982-05-01,mars,-1.462511,-0.672009
1982-06-01,mars,-1.21682,-1.001786
1982-07-01,mars,-0.895376,-1.252018
1982-08-01,mars,-0.495495,-1.414591
1982-09-01,mars,-0.054535,-1.458382
1982-10-01,mars,0.376838,-1.374861
1982-11-01,mars,0.785646,-1.15732
1982-12-01,mars,1.104599,-0.833592
1983-01-01,mars,1.318595,-0.412699
1983-02-01,mars,1.392264,0.052203
1983-03-01,mars,1.334171,0.469036
1983-04-01,mars,1.143895,0.885171
1983-05-01,mars,0.85765,1.210023
1983-06-01,mars,0.488809,1.44278
1983-07-01,mars,0.093909,1.558399
1983-08-01,mars,-0.321045,1.564014
1983-09-01,mars,-0.713981,1.460916
1983-10-01,mars,-1.049921,1.269405
1983-11-01,mars,-1.331604,0.992595
1983-12-01,mars,-1.526083,0.666103
1984-01-01,mars,-1.634917,0.288802
1984-02-01,mars,-1.642639,-0.106286
1984-03-01,mars,-1.555494,-0.47015
1984-04-01,mars,-1.363169,-0.828352
1984-05-01,mars,-1.086565,-1.120043
1984-06-01,mars,-0.721609,-1.338903
1984-07-01,mars,-0.313322,-1.448334
1984-08-01,mars,0.134463,-1.437556
1984-09-01,mars,0.569156,-1.292287
1984-10-01,mars,0.935769,-1.028802
1984-11-01,mars,1.217836,-0.651319
1984-12-01,mars,1.367411,-0.219498
1985-01-01,mars,1.37963,0.249208
1985-02-01,mars,1.250969,0.692849
1985-03-01,mars,1.030176,1.037468
1985-04-01,mars,0.697878,1.329417
1985-05-01,mars,0.320087,1.506637
1985-06-01,mars,-0.094699,1.575169
1985-07-01,mars,-0.490236,1.533476
1985-08-01,mars,-0.866241,1.388192
1985-09-01,mars,-1.186487,1.153208
1985-10-01,mars,-1.426094,0.856974
1985-11-01,mars,-1.587396,0.49927
1985-12-01,mars,-1.650754,0.123709
1986-01-01,mars,-1.614845,-0.271605
1986-02-01,mars,-1.474875,-0.649233
1986-03-01,mars,-1.262546,-0.953113
1986-04-01,mars,-0.942155,-1.22364
1986-05-01,mars,-0.563296,-1.395997
1986-06-01,mars,-0.12667,-1.459981
1986-07-01,mars,0.306606,-1.397381
1986-08-01,mars,0.724388,-1.200629
1986-09-01,mars,1.068009,-0.881704
1986-10-01,mars,1.293269,-0.484072
1986-11-01,mars,1.390173,-0.022851
1986-12-01,mars,1.345509,0.426527
1987-01-01,mars,1.166918,0.848826
1987-02-01,mars,0.878554,1.191908
1987-03-01,mars,0.55111,1.413381
1987-04-01,mars,0.146817,1.549617
1987-05-01,mars,-0.255595,1.570851
1987-06-01,mars,-0.653771,1.484411
1987-07-01,mars,-0.998268,1.306851
1987-08-01,mars,-1.291695,1.041687
1987-09-01,mars,-1.50521,0.711978
1987-10-01,mars,-1.624116,0.351127
1987-11-01,mars,-1.648352,-0.042757
1987-12-01,mars,-1.572747,-0.421505
1988-01-01,mars,-1.393253,-0.785219
1988-02-01,mars,-1.117517,-1.094365
1988-03-01,mars,-0.784637,-1.310589
1988-04-01,mars,-0.369457,-1.440433
1988-05-01,mars,0.062438,-1.44839
1988-06-01,mars,0.502109,-1.32476
1988-07-01,mars,0.880349,-1.080338
1988-08-01,mars,1.180618,-0.717903
1988-09-01,mars,1.355206,-0.279151
1988-10-01,mars,1.387429,0.174279
1988-11-01,mars,1.280367,0.625024
1988-12-01,mars,1.057571,1.00405
1989-01-01,mars,0.732696,1.305935
1989-02-01,mars,0.345775,1.498233
1989-03-01,mars,-0.028075,1.571889
1989-04-01,mars,-0.439408,1.544732
1989-05-01,mars,-0.809409,1.417854
1989-06-01,mars,-1.139916,1.196158
1989-07-01,mars,-1.391951,0.909937
1989-08-01,mars,-1.568029,0.559284
1989-09-01,mars,-1.647939,0.174356
1989-10-01,mars,-1.627712,-0.208645
1989-11-01,mars,-1.504253,-0.590838
1989-12-01,mars,-1.288744,-0.923042
1990-01-01,mars,-0.976289,-1.201271
1990-02-01,mars,-0.589726,-1.387671
1990-03-01,mars,-0.198283,-1.458105
1990-04-01,mars,0.250196,-1.412764
1990-05-01,mars,0.661483,-1.240689
1990-06-01,mars,1.019836,-0.939773
1990-07-01,mars,1.264596,-0.55414
1990-08-01,mars,1.384552,-0.097965
1990-09-01,mars,1.359065,0.368746
1990-10-01,mars,1.203704,0.785842
1990-11-01,mars,0.930816,1.14353
1990-12-01,mars,0.587959,1.394302
1991-01-01,mars,0.18645,1.541651
1991-02-01,mars,-0.22953,1.572672
1991-03-01,mars,-0.592379,1.505164
1991-04-01,mars,-0.955881,1.335016
1991-05-01,mars,-1.249822,1.08888
1991-06-01,mars,-1.477089,0.768154
1991-07-01,mars,-1.610925,0.412705
1991-08-01,mars,-1.651613,0.020721
1991-09-01,mars,-1.588581,-0.372439
1991-10-01,mars,-1.429029,-0.729897
1991-11-01,mars,-1.168053,-1.049554
1991-12-01,mars,-0.834282,-1.285901
1992-01-01,mars,-0.425557,-1.430334
1992-02-01,mars,0.018844,-1.453121
1992-03-01,mars,0.433374,-1.353693
1992-04-01,mars,0.834041,-1.119287
1992-05-01,mars,1.139898,-0.782246
1992-06-01,mars,1.336372,-0.352707
1992-07-01,mars,1.391284,0.099304
1992-08-01,mars,1.306239,0.556058
1992-09-01,mars,1.09248,0.958522
1992-10-01,mars,0.789401,1.26478
1992-11-01,mars,0.410005,1.475306
1992-12-01,mars,0.011377,1.568596
1993-01-01,mars,-0.401379,1.551991
1993-02-01,mars,-0.786854,1.428779
1993-03-01,mars,-1.091667,1.236925
1993-04-01,mars,-1.363231,0.950824
1993-05-01,mars,-1.546226,0.617912
1993-06-01,mars,-1.641985,0.236886
1993-07-01,mars,-1.637791,-0.146005
1993-08-01,mars,-1.530875,-0.532097
1993-09-01,mars,-1.322261,-0.882596
1993-10-01,mars,-1.031739,-1.16263
1993-11-01,mars,-0.655584,-1.365333
1993-12-01,mars,-0.240897,-1.455798
1994-01-01,mars,0.207543,-1.423276
1994-02-01,mars,0.635837,-1.256139
1994-03-01,mars,0.968503,-0.996006
1994-04-01,mars,1.238893,-0.60979
1994-05-01,mars,1.37497,-0.173669
1994-06-01,mars,1.372769,0.294706
1994-07-01,mars,1.237545,0.720274
1994-08-01,mars,0.98098,1.092048
1994-09-01,mars,0.636529,1.366764
1994-10-01,mars,0.252471,1.525631
1994-11-01,mars,-0.163412,1.575109
1994-12-01,mars,-0.555389,1.516084
1995-01-01,mars,-0.923673,1.354924
1995-02-01,mars,-1.232846,1.106768
1995-03-01,mars,-1.446638,0.82285
1995-04-01,mars,-1.598483,0.461075
1995-05-01,mars,-1.651958,0.083789
1995-06-01,mars,-1.605526,-0.310869
1995-07-01,mars,-1.461659,-0.673743
1995-08-01,mars,-1.215545,-1.003204
1995-09-01,mars,-0.881803,-1.259907
1995-10-01,mars,-0.493629,-1.415088
1995-11-01,mars,-0.052553,-1.458292
1995-12-01,mars,0.378768,-1.374167
1996-01-01,mars,0.787328,-1.15602
1996-02-01,mars,1.114736,-0.819372
1996-03-01,mars,1.314479,-0.425097
1996-04-01,mars,1.392166,0.039268
1996-05-01,mars,1.32934,0.485533
1996-06-01,mars,1.134575,0.899189
1996-07-01,mars,0.845073,1.220597
1996-08-01,mars,0.474142,1.449192
1996-09-01,mars,0.06499,1.562426
1996-10-01,mars,-0.336207,1.561992
1996-11-01,mars,-0.727834,1.455045
1996-12-01,mars,-1.061719,1.260323
1997-01-01,mars,-1.340622,0.980846
1997-02-01,mars,-1.536831,0.640791
1997-03-01,mars,-1.63333,0.29927
1997-04-01,mars,-1.643893,-0.095654
1997-05-01,mars,-1.554903,-0.472187
1997-06-01,mars,-1.362132,-0.83014
1997-07-01,mars,-1.085172,-1.121465
1997-08-01,mars,-0.719964,-1.339842
1997-09-01,mars,-0.297347,-1.450416
1997-10-01,mars,0.136169,-1.437391
1997-11-01,mars,0.570657,-1.291576
1997-12-01,mars,0.936933,-1.027628
1998-01-01,mars,1.218528,-0.649776
1998-02-01,mars,1.370223,-0.202711
1998-03-01,mars,1.382813,0.221043
1998-04-01,mars,1.262192,0.667536
1998-05-01,mars,1.028668,1.038879
1998-06-01,mars,0.695975,1.3304
1998-07-01,mars,0.317951,1.507121
1998-08-01,mars,-0.09691,1.575097
1998-09-01,mars,-0.505136,1.529727
1998-10-01,mars,-0.868138,1.387086
1998-11-01,mars,-1.188032,1.151672
1998-12-01,mars,-1.427207,0.855113
1999-01-01,mars,-1.587995,0.49718
1999-02-01,mars,-1.651266,0.108747
1999-03-01,mars,-1.61985,-0.248538
1999-04-01,mars,-1.485973,-0.62795
1999-05-01,mars,-1.261039,-0.954874
1999-06-01,mars,-0.940229,-1.224983
1999-07-01,mars,-0.561089,-1.396818
1999-08-01,mars,-0.124346,-1.460179
1999-09-01,mars,0.323019,-1.392657
1999-10-01,mars,0.726321,-1.199593
1999-11-01,mars,1.069449,-0.880192
1999-12-01,mars,1.294112,-0.482276
2000-01-01,mars,1.39035,-0.020967
2000-02-01,mars,1.341285,0.442809
2000-03-01,mars,1.173565,0.837787
2000-04-01,mars,0.887803,1.183477
2000-05-01,mars,0.536839,1.420251
2000-06-01,mars,0.131498,1.552206
2000-07-01,mars,-0.270808,1.569377
2000-08-01,mars,-0.667861,1.479071
2000-09-01,mars,-1.020924,1.290812
2000-10-01,mars,-1.301205,1.030372
2000-11-01,mars,-1.511507,0.69868
2000-12-01,mars,-1.626932,0.336691
2001-01-01,mars,-1.647346,-0.0575
2001-02-01,mars,-1.563663,-0.447925
2001-03-01,mars,-1.399582,-0.775811
2001-04-01,mars,-1.12633,-1.086783
2001-05-01,mars,-0.782822,-1.311398
2001-06-01,mars,-0.367397,-1.440673
2001-07-01,mars,0.064581,-1.448005
2001-08-01,mars,0.50414,-1.323704
2001-09-01,mars,0.893376,-1.068561
2001-10-01,mars,1.181791,-0.715743
2001-11-01,mars,1.355692,-0.276708
2001-12-01,mars,1.387199,0.176754
2002-01-01,mars,1.279443,0.627287
2002-02-01,mars,1.046927,1.017195
2002-03-01,mars,0.754043,1.291
2002-04-01,mars,0.369818,1.490086
2002-05-01,mars,-0.03025,1.572057
2002-06-01,mars,-0.441505,1.544309
2002-07-01,mars,-0.811305,1.416919
2002-08-01,mars,-1.141499,1.194779
2002-09-01,mars,-1.400226,0.897674
2002-10-01,mars,-1.56879,0.557363
2002-11-01,mars,-1.648235,0.172348
2002-12-01,mars,-1.627561,-0.210613
2003-01-01,mars,-1.503673,-0.59264
2003-02-01,mars,-1.279066,-0.93471
2003-03-01,mars,-0.99769,-1.187005
2003-04-01,mars,-0.615021,-1.379616
2003-05-01,mars,-0.196777,-1.458347
2003-06-01,mars,0.25166,-1.412478
2003-07-01,mars,0.662771,-1.239896
2003-08-01,mars,1.020796,-0.938502
2003-09-01,mars,1.271167,-0.538446
2003-10-01,mars,1.384474,-0.096093
2003-11-01,mars,1.358346,0.370651
2003-12-01,mars,1.202388,0.787576
2004-01-01,mars,0.92898,1.144901
2004-02-01,mars,0.573375,1.401739
2004-03-01,mars,0.197429,1.53906
2004-04-01,mars,-0.218593,1.5732
2004-05-01,mars,-0.607087,1.500389
2004-06-01,mars,-0.968651,1.32674
2004-07-01,mars,-1.260019,1.077824
2004-08-01,mars,-1.484071,0.754949
2004-09-01,mars,-1.617187,0.385794
2004-10-01,mars,-1.651253,0.005738
2004-11-01,mars,-1.58431,-0.386958
2004-12-01,mars,-1.421107,-0.743031
2005-01-01,mars,-1.156729,-1.060279
2005-02-01,mars,-0.807909,-1.299629
2005-03-01,mars,-0.437639,-1.42812
2005-04-01,mars,0.006157,-1.454529
2005-05-01,mars,0.435042,-1.353288
2005-06-01,mars,0.835387,-1.118445
2005-07-01,mars,1.140827,-0.781097
2005-08-01,mars,1.336807,-0.351376
2005-09-01,mars,1.39067,0.115826
2005-10-01,mars,1.305669,0.557344
2005-11-01,mars,1.091445,0.959594
2005-12-01,mars,0.787985,1.265537
2006-01-01,mars,0.4083,1.475648
2006-02-01,mars,-0.003949,1.569696
2006-03-01,mars,-0.377177,1.555829
2006-04-01,mars,-0.765068,1.43867
2006-05-01,mars,-1.093205,1.235497
2006-06-01,mars,-1.364422,0.949078
2006-07-01,mars,-1.547003,0.615963
2006-08-01,mars,-1.642286,0.234843
2006-09-01,mars,-1.635775,-0.160757
2006-10-01,mars,-1.530207,-0.533966
2006-11-01,mars,-1.321139,-0.884201
2006-12-01,mars,-1.030238,-1.163873
2007-01-01,mars,-0.653786,-1.366104
2007-02-01,mars,-0.224586,-1.457034
2007-03-01,mars,0.180726,-1.429118
2007-04-01,mars,0.611476,-1.27001
2007-05-01,mars,0.969953,-0.994616
2007-06-01,mars,1.239828,-0.608047
2007-07-01,mars,1.375328,-0.171778
2007-08-01,mars,1.372529,0.296541
2007-09-01,mars,1.230212,0.735123
2007-10-01,mars,0.979815,1.093291
2007-11-01,mars,0.635079,1.367564
2007-12-01,mars,0.250868,1.525967
2008-01-01,mars,-0.165057,1.574962
2008-02-01,mars,-0.569557,1.511794
2008-03-01,mars,-0.914035,1.360561
2008-04-01,mars,-1.22516,1.114578
2008-05-01,mars,-1.45384,0.810204
2008-06-01,mars,-1.602254,0.446975
2008-07-01,mars,-1.652147,0.069105
2008-08-01,mars,-1.601913,-0.325243
2008-09-01,mars,-1.447902,-0.698327
2008-10-01,mars,-1.204939,-1.01412
2008-11-01,mars,-0.868381,-1.267635
2008-12-01,mars,-0.47832,-1.418929
2009-01-01,mars,-0.03646,-1.457507
2009-02-01,mars,0.408202,-1.363512
2009-03-01,mars,0.776445,-1.164057
2009-04-01,mars,1.106743,-0.830404
2009-05-01,mars,1.314904,-0.423414
2009-06-01,mars,1.392035,0.04109
2009-07-01,mars,1.328657,0.487313
2009-08-01,mars,1.133375,0.900746
2009-09-01,mars,0.832459,1.230883
2009-10-01,mars,0.47229,1.449926
2009-11-01,mars,0.063036,1.562652
2009-12-01,mars,-0.338117,1.561729
2010-01-01,mars,-0.729569,1.454314
2010-02-01,mars,-1.073311,1.251321
2010-03-01,mars,-1.326109,0.99949
2010-04-01,mars,-1.527633,0.66248
2010-05-01,mars,-1.633617,0.297457
2010-06-01,mars,-1.643717,-0.097506
2010-07-01,mars,-1.554285,-0.47397
2010-08-01,mars,-1.36109,-0.831736
2010-09-01,mars,-1.073144,-1.131247
2010-10-01,mars,-0.718304,-1.340738
2010-11-01,mars,-0.295553,-1.450821
2010-12-01,mars,0.137937,-1.437285
2011-01-01,mars,0.572232,-1.290959
2011-02-01,mars,0.948977,-1.015893
2011-03-01,mars,1.204818,-0.675376
2011-04-01,mars,1.36501,-0.231226
2011-05-01,mars,1.382536,0.222573
2011-06-01,mars,1.261381,0.668929
2011-07-01,mars,1.027408,1.040009
2011-08-01,mars,0.694355,1.331156
2011-09-01,mars,0.302929,1.511447
2011-10-01,mars,-0.098848,1.574953
2011-11-01,mars,-0.507027,1.529124
2011-12-01,mars,-0.869859,1.386081
2012-01-01,mars,-1.189468,1.150321
2012-02-01,mars,-1.434888,0.842667
2012-03-01,mars,-1.584944,0.507575
2012-04-01,mars,-1.651002,0.119716
2012-05-01,mars,-1.61687,-0.262904
2012-06-01,mars,-1.479205,-0.641187
2012-07-01,mars,-1.250866,-0.966092
2012-08-01,mars,-0.927059,-1.233174
2012-09-01,mars,-0.53221,-1.405063
2012-10-01,mars,-0.107995,-1.460037
2012-11-01,mars,0.338997,-1.387601
2012-12-01,mars,0.740402,-1.189934
2013-01-01,mars,1.080036,-0.866538
2013-02-01,mars,1.305343,-0.451651
2013-03-01,mars,1.38965,-0.034147
2013-04-01,mars,1.344571,0.430224
2013-05-01,mars,1.172535,0.839449
2013-06-01,mars,0.886329,1.184732
2013-07-01,mars,0.535064,1.421023
2013-08-01,mars,0.129556,1.552432
2013-09-01,mars,-0.286021,1.567802
2013-10-01,mars,-0.669721,1.478241
2013-11-01,mars,-1.022558,1.289526
2013-12-01,mars,-1.302526,1.028731
2014-01-01,mars,-1.512435,0.696785
2014-02-01,mars,-1.62968,0.322146
2014-03-01,mars,-1.649234,-0.033941
2014-04-01,mars,-1.571841,-0.425258
2014-05-01,mars,-1.398824,-0.77749
2014-06-01,mars,-1.125231,-1.088114
2014-07-01,mars,-0.78148,-1.312309
2014-08-01,mars,-0.365912,-1.441087
2014-09-01,mars,0.080588,-1.445992
2014-10-01,mars,0.505519,-1.323069
2014-11-01,mars,0.894484,-1.067429
2014-12-01,mars,1.182497,-0.714214
2015-01-01,mars,1.355864,-0.274907
2015-02-01,mars,1.385467,0.193703
2015-03-01,mars,1.289458,0.601429
2015-04-01,mars,1.063666,0.996042
2015-05-01,mars,0.752164,1.292077
2015-06-01,mars,0.367693,1.49064
2015-07-01,mars,-0.032457,1.572065
2015-08-01,mars,-0.443645,1.543757
2015-09-01,mars,-0.824824,1.410031
2015-10-01,mars,-1.14312,1.193257
2015-11-01,mars,-1.401425,0.895778
2015-12-01,mars,-1.56951,0.555209
2016-01-01,mars,-1.648413,0.170053
2016-02-01,mars,-1.624808,-0.22558
2016-03-01,mars,-1.508395,-0.582948
2016-04-01,mars,-1.286446,-0.926434
2016-05-01,mars,-0.984695,-1.196213
2016-06-01,mars,-0.599737,-1.384979
2016-07-01,mars,-0.180362,-1.459313
2016-08-01,mars,0.267845,-1.408536
2016-09-01,mars,0.689978,-1.223302
2016-10-01,mars,1.031942,-0.925815
2016-11-01,mars,1.277774,-0.522922
2016-12-01,mars,1.386045,-0.079396
2017-01-01,mars,1.354701,0.386836
2017-02-01,mars,1.186927,0.81455
2017-03-01,mars,0.937892,1.135887
2017-04-01,mars,0.584041,1.395826
2017-05-01,mars,0.195495,1.539227
2017-06-01,mars,-0.220588,1.572857
2017-07-01,mars,-0.608998,1.499566
2017-08-01,mars,-0.97034,1.325472
2017-09-01,mars,-1.269899,1.066712
2017-10-01,mars,-1.485013,0.753049
2017-11-01,mars,-1.617639,0.383727
2017-12-01,mars,-1.651191,0.00362
2018-01-01,mars,-1.5837,-0.389006
2018-02-01,mars,-1.412901,-0.756056
2018-03-01,mars,-1.174917,-1.043428
2018-04-01,mars,-0.830586,-1.288124
2018-05-01,mars,-0.435351,-1.428642
2018-06-01,mars,0.008548,-1.454383
2018-07-01,mars,0.437318,-1.352472
2018-08-01,mars,0.83731,-1.116999
2018-09-01,mars,1.150565,-0.76639
2018-10-01,mars,1.337511,-0.349212
2018-11-01,mars,1.390664,0.118
2018-12-01,mars,1.305034,0.559317
2019-01-01,mars,1.090277,0.961198
2019-02-01,mars,0.775045,1.275199
2019-03-01,mars,0.432365,1.466212
2019-04-01,mars,0.021085,1.567254
2019-05-01,mars,-0.379054,1.55542
2019-06-01,mars,-0.766805,1.437771
2019-07-01,mars,-1.094704,1.234186
2019-08-01,mars,-1.365581,0.947431
2019-09-01,mars,-1.552353,0.602264
2019-10-01,mars,-1.642591,0.23287
2019-11-01,mars,-1.635606,-0.162704
2019-12-01,mars,-1.529591,-0.535763
2020-01-01,mars,-1.320104,-0.885721
2020-02-01,mars,-1.017808,-1.17304
2020-03-01,mars,-0.665282,-1.361897
2020-04-01,mars,-0.237162,-1.456187
2020-05-01,mars,0.196907,-1.425673
2020-06-01,mars,0.626204,-1.26166
2020-07-01,mars,0.981748,-0.982048
2020-08-01,mars,1.247246,-0.59227
2020-09-01,mars,1.379713,-0.139345
2020-10-01,mars,1.369516,0.313655
2020-11-01,mars,1.222333,0.750339
2020-12-01,mars,0.96819,1.105424
2021-01-01,mars,0.620835,1.375704
2021-02-01,mars,0.222039,1.533151
2021-03-01,mars,-0.153904,1.575138
2021-04-01,mars,-0.559073,1.514876
2021-05-01,mars,-0.91588,1.359459
2021-06-01,mars,-1.226644,1.113056
2021-07-01,mars,-1.454905,0.808372
2021-08-01,mars,-1.602839,0.444937
2021-09-01,mars,-1.652236,0.054193
2021-10-01,mars,-1.601506,-0.327324
2021-11-01,mars,-1.447021,-0.700232
2021-12-01,mars,-1.203661,-1.015728
2022-01-01,mars,-0.866791,-1.26882
2022-02-01,mars,-0.462743,-1.422808
2022-03-01,mars,-0.063699,-1.459103
2022-04-01,mars,0.381901,-1.373279
2022-05-01,mars,0.77781,-1.163191
2022-06-01,mars,1.107681,-0.829141
2022-07-01,mars,1.315338,-0.421897
2022-08-01,mars,1.391896,0.042716
2022-09-01,mars,1.323592,0.503188
2022-10-01,mars,1.132149,0.902106
2022-11-01,mars,0.830799,1.231893
2022-12-01,mars,0.470336,1.450501
2023-01-01,mars,0.060929,1.562723
2023-02-01,mars,-0.353349,1.559456
2023-03-01,mars,-0.70748,1.463408
2023-04-01,mars,-1.054675,1.265691
2023-05-01,mars,-1.327428,0.997855
2023-06-01,mars,-1.52849,0.660606
2023-07-01,mars,-1.633976,0.295463
2023-08-01,mars,-1.64354,-0.099506
2023-09-01,mars,-1.54892,-0.488027
2023-10-01,mars,-1.359902,-0.833388
2023-11-01,mars,-1.071526,-1.132544
2023-12-01,mars,-0.716365,-1.341586
2024-01-01,mars,-0.293419,-1.451116
2024-02-01,mars,0.154541,-1.434363
2024-03-01,mars,0.56087,-1.296885
2024-04-01,mars,0.939788,-1.02518
2024-05-01,mars,1.213227,-0.660155
2024-06-01,mars,1.368277,-0.214252
2024-07-01,mars,1.380615,0.239519
2024-08-01,mars,1.254539,0.684189
2024-09-01,mars,1.007119,1.063243
2024-10-01,mars,0.680843,1.339687
2024-11-01,mars,0.287896,1.515733
2024-12-01,mars,-0.114188,1.575097
2025-01-01,mars,-0.521616,1.525237
2025-02-01,mars,-0.894065,1.372329
2025-03-01,mars,-1.181661,1.157743
2025-04-01,mars,-1.429362,0.85183
2025-05-01,mars,-1.585628,0.505732
2025-06-01,mars,-1.651245,0.117826
2025-07-01,mars,-1.61668,-0.264724
2025-08-01,mars,-1.478584,-0.642817
2025-09-01,mars,-1.240733,-0.977266
2025-10-01,mars,-0.925745,-1.23412
2025-11-01,mars,-0.53067,-1.40553
2025-12-01,mars,-0.106351,-1.459981
2026-01-01,mars,0.340605,-1.386971
2026-02-01,mars,0.754175,-1.180082
2026-03-01,mars,1.062278,-0.888914
2026-04-01,mars,1.295357,-0.478361
2026-05-01,mars,1.389558,-0.031949
2026-06-01,mars,1.343815,0.432374
2026-07-01,mars,1.171194,0.841346
2026-08-01,mars,0.884508,1.186196
2026-09-01,mars,0.520341,1.428002
2026-10-01,mars,0.127281,1.552774
2026-11-01,mars,-0.288278,1.567544
2026-12-01,mars,-0.671819,1.477436
2027-01-01,mars,-1.024368,1.288223
2027-02-01,mars,-1.312051,1.017204
2027-03-01,mars,-1.502585,0.717753
2027-04-01,mars,-1.625592,0.345028
2027-05-01,mars,-1.649242,-0.036113
2027-06-01,mars,-1.571358,-0.427322
2027-07-01,mars,-1.397921,-0.779323
2027-08-01,mars,-1.123983,-1.089594
2027-09-01,mars,-0.767419,-1.319251
2027-10-01,mars,-0.364343,-1.441645
2027-11-01,mars,0.082115,-1.446043
2027-12-01,mars,0.506875,-1.322652
2028-01-01,mars,0.895544,-1.066585
2028-02-01,mars,1.190857,-0.699811
2028-03-01,mars,1.35267,-0.288396
2028-04-01,mars,1.386443,0.180143
2028-05-01,mars,1.283118,0.616719
2028-06-01,mars,1.053162,1.008616
2028-07-01,mars,0.738728,1.301099
2028-08-01,mars,0.352489,1.49548
2028-09-01,mars,-0.061628,1.573441
2028-10-01,mars,-0.458766,1.540309
2028-11-01,mars,-0.838367,1.402879
2028-12-01,mars,-1.154363,1.183073
2029-01-01,mars,-1.409659,0.883148
2029-02-01,mars,-1.578347,0.528905
2029-03-01,mars,-1.647686,0.180431
2029-04-01,mars,-1.626852,-0.215233
2029-05-01,mars,-1.507488,-0.585121
2029-06-01,mars,-1.285009,-0.928305
2029-07-01,mars,-0.982835,-1.197659
2029-08-01,mars,-0.597578,-1.385869
2029-09-01,mars,-0.163664,-1.460016
2029-10-01,mars,0.270029,-1.408169
2029-11-01,mars,0.69186,-1.222354
2029-12-01,mars,1.033365,-0.924437
2030-01-01,mars,1.278617,-0.521281
2030-02-01,mars,1.387536,-0.062519
2030-03-01,mars,1.360734,0.359059
2030-04-01,mars,1.200653,0.790289
2030-05-01,mars,0.936677,1.136919
2030-06-01,mars,0.582507,1.396431
2030-07-01,mars,0.193762,1.539367
2030-08-01,mars,-0.222401,1.572489
2030-09-01,mars,-0.623173,1.49457
2030-10-01,mars,-0.971927,1.324154
2030-11-01,mars,-1.271187,1.065
2030-12-01,mars,-1.485916,0.751052
2031-01-01,mars,-1.618069,0.381555
2031-02-01,mars,-1.650558,-0.011389
2031-03-01,mars,-1.590638,-0.36629
2031-04-01,mars,-1.425872,-0.735558
2031-05-01,mars,-1.173396,-1.044972
2031-06-01,mars,-0.828692,-1.289185
2031-07-01,mars,-0.433215,-1.429136
2031-08-01,mars,0.010777,-1.454218
2031-09-01,mars,0.453262,-1.346045
2031-10-01,mars,0.839127,-1.115526
2031-11-01,mars,1.151862,-0.764399
2031-12-01,mars,1.338161,-0.346917
2032-01-01,mars,1.390588,0.120359
2032-02-01,mars,1.299229,0.57552
2032-03-01,mars,1.09766,0.95128
2032-04-01,mars,0.784751,1.267993
2032-05-01,mars,0.417545,1.472056
2032-06-01,mars,0.005643,1.568743
2032-07-01,mars,-0.394015,1.552871
2032-08-01,mars,-0.78032,1.431449
2032-09-01,mars,-1.115881,1.216518
2032-10-01,mars,-1.374074,0.935428
2032-11-01,mars,-1.5575,0.58846
2032-12-01,mars,-1.644179,0.218123
2033-01-01,mars,-1.633344,-0.177532
2033-02-01,mars,-1.518285,-0.561695
2033-03-01,mars,-1.327162,-0.877021
2033-04-01,mars,-1.027262,-1.166386
2033-05-01,mars,-0.663418,-1.362768
2033-06-01,mars,-0.235179,-1.456467
2033-07-01,mars,0.198839,-1.425347
2033-08-01,mars,0.6279,-1.260729
2033-09-01,mars,0.993408,-0.969448
2033-10-01,mars,1.247999,-0.59044
2033-11-01,mars,1.379823,-0.137306
2033-12-01,mars,1.368976,0.315702
2034-01-01,mars,1.221165,0.752191
2034-02-01,mars,0.956464,1.117269
2034-03-01,mars,0.643156,1.362619
2034-04-01,mars,0.246421,1.527012
2034-05-01,mars,-0.156147,1.575083
2034-06-01,mars,-0.561182,1.514287
2034-07-01,mars,-0.917729,1.358415
2034-08-01,mars,-1.228119,1.111628
2034-09-01,mars,-1.462154,0.795597
2034-10-01,mars,-1.603377,0.443055
2034-11-01,mars,-1.65225,0.052247
2034-12-01,mars,-1.601012,-0.329224
2035-01-01,mars,-1.446024,-0.701966
2035-02-01,mars,-1.192618,-1.026636
2035-03-01,mars,-0.88902,-1.256315
2035-04-01,mars,-0.488277,-1.416892
2035-05-01,mars,-0.061548,-1.459124
2035-06-01,mars,0.383965,-1.372684
2035-07-01,mars,0.77959,-1.162037
2035-08-01,mars,1.108981,-0.827521
2035-09-01,mars,1.320757,-0.405443
2035-10-01,mars,1.39193,0.044702
2035-11-01,mars,1.32297,0.505051
2035-12-01,mars,1.13097,0.90368
2036-01-01,mars,0.829166,1.233035
2036-02-01,mars,0.455599,1.456576
2036-03-01,mars,0.072306,1.561046
2036-04-01,mars,-0.34229,1.560887
2036-05-01,mars,-0.72146,1.457572
2036-06-01,mars,-1.06654,1.256594
2036-07-01,mars,-1.336607,0.986246
2036-08-01,mars,-1.534392,0.647156
2036-09-01,mars,-1.638167,0.26842
2036-10-01,mars,-1.642132,-0.114089
2036-11-01,mars,-1.543698,-0.50182
2036-12-01,mars,-1.35117,-0.845498
2037-01-01,mars,-1.059588,-1.141969
2037-02-01,mars,-0.689025,-1.352753
2037-03-01,mars,-0.306015,-1.44963
2037-04-01,mars,0.141769,-1.436597
2037-05-01,mars,0.562431,-1.295947
2037-06-01,mars,0.941056,-1.023723
2037-07-01,mars,1.214047,-0.658301
2037-08-01,mars,1.368511,-0.21216
2037-09-01,mars,1.378279,0.256604
2037-10-01,mars,1.253546,0.686122
2037-11-01,mars,1.005616,1.06481
2037-12-01,mars,0.678982,1.340779
2038-01-01,mars,0.285822,1.516263
2038-02-01,mars,-0.129741,1.575162
2038-03-01,mars,-0.498172,1.531136
2038-04-01,mars,-0.873395,1.383964
2038-05-01,mars,-1.183197,1.156255
2038-06-01,mars,-1.430502,0.850021
2038-07-01,mars,-1.586337,0.503732
2038-08-01,mars,-1.651489,0.11576
2038-09-01,mars,-1.613635,-0.279325
2038-10-01,mars,-1.477983,-0.644627
2038-11-01,mars,-1.239796,-0.978775
2038-12-01,mars,-0.924573,-1.235255
2039-01-01,mars,-0.529365,-1.406225
2039-02-01,mars,-0.09054,-1.459955
2039-03-01,mars,0.313534,-1.395584
2039-04-01,mars,0.730403,-1.196685
2039-05-01,mars,1.063011,-0.887937
2039-06-01,mars,1.295685,-0.477096
2039-07-01,mars,1.389417,-0.030522
2039-08-01,mars,1.343151,0.433817
2039-09-01,mars,1.162336,0.855155
2039-10-01,mars,0.882923,1.187193
2039-11-01,mars,0.518449,1.428581
2039-12-01,mars,0.125236,1.552883
2040-01-01,mars,-0.29033,1.567149
2040-02-01,mars,-0.685919,1.471906
2040-03-01,mars,-1.015582,1.294417
2040-04-01,mars,-1.305275,1.025396
2040-05-01,mars,-1.508936,0.704397
2040-06-01,mars,-1.628321,0.33046
2040-07-01,mars,-1.648253,-0.051012
2040-08-01,mars,-1.566485,-0.441637
2040-09-01,mars,-1.38194,-0.803063
2040-10-01,mars,-1.112177,-1.09987
2040-11-01,mars,-0.752979,-1.326049
2040-12-01,mars,-0.348316,-1.444316
2041-01-01,mars,0.098486,-1.443941
2041-02-01,mars,0.53562,-1.309418
2041-03-01,mars,0.885591,-1.075821
2041-04-01,mars,1.18406,-0.711851
2041-05-01,mars,1.353082,-0.28708
2041-06-01,mars,1.386357,0.181456
2041-07-01,mars,1.282581,0.617912
2041-08-01,mars,1.05221,1.00958
2041-09-01,mars,0.725764,1.309787
2041-10-01,mars,0.350961,1.495744
2041-11-01,mars,-0.063285,1.573272
2041-12-01,mars,-0.460426,1.539713
2042-01-01,mars,-0.839906,1.401866
2042-02-01,mars,-1.165117,1.173086
2042-03-01,mars,-1.396677,0.902742
2042-04-01,mars,-1.57091,0.551183
2042-05-01,mars,-1.647872,0.178562
2042-06-01,mars,-1.626581,-0.21706
2042-07-01,mars,-1.506779,-0.586802
2042-08-01,mars,-1.283881,-0.929725
2042-09-01,mars,-0.969964,-1.206344
2042-10-01,mars,-0.595822,-1.386478
2042-11-01,mars,-0.161757,-1.460087
2042-12-01,mars,0.271928,-1.407675
2043-01-01,mars,0.693564,-1.221286
2043-02-01,mars,1.044481,-0.911198
2043-03-01,mars,1.267533,-0.547604
2043-04-01,mars,1.385117,-0.090846
2043-05-01,mars,1.36035,0.360993
2043-06-01,mars,1.199728,0.79196
2043-07-01,mars,0.935346,1.138204
2043-08-01,mars,0.580895,1.397238
2043-09-01,mars,0.178645,1.542539
2043-10-01,mars,-0.224171,1.572292
2043-11-01,mars,-0.624847,1.49389
2043-12-01,mars,-0.973411,1.323052
2044-01-01,mars,-1.272386,1.063534
2044-02-01,mars,-1.492499,0.737994
2044-03-01,mars,-1.615783,0.392067
2044-04-01,mars,-1.651136,-0.000541
2044-05-01,mars,-1.58651,-0.380589
2044-06-01,mars,-1.41806,-0.748432
2044-07-01,mars,-1.162363,-1.055529
2044-08-01,mars,-0.814954,-1.29642
2044-09-01,mars,-0.403763,-1.43503
2044-10-01,mars,0.026835,-1.452775
2044-11-01,mars,0.468431,-1.33973
2044-12-01,mars,0.851937,-1.104823
2045-01-01,mars,1.160817,-0.750081
2045-02-01,mars,1.346204,-0.315676
2045-03-01,mars,1.390926,0.106999
2045-04-01,mars,1.303466,0.563219
2045-05-01,mars,1.096331,0.952764
2045-06-01,mars,0.783015,1.269089
2045-07-01,mars,0.415557,1.472681
2045-08-01,mars,0.003555,1.568835
2045-09-01,mars,-0.409069,1.55012
2045-10-01,mars,-0.782165,1.430525
2045-11-01,mars,-1.117417,1.21516
2045-12-01,mars,-1.375224,0.933732
2046-01-01,mars,-1.558185,0.586513
2046-02-01,mars,-1.645625,0.203353
2046-03-01,mars,-1.636895,-0.154187
2046-04-01,mars,-1.528015,-0.539772
2046-05-01,mars,-1.32589,-0.878806
2046-06-01,mars,-1.025588,-1.167808
2046-07-01,mars,-0.661466,-1.363726
2046-08-01,mars,-0.233096,-1.45686
2046-09-01,mars,0.21524,-1.421933
2046-10-01,mars,0.629682,-1.25998
2046-11-01,mars,0.99477,-0.968239
2046-12-01,mars,1.248839,-0.588933
2047-01-01,mars,1.380067,-0.135667
2047-02-01,mars,1.365946,0.332111
2047-03-01,mars,1.233691,0.727235
2047-04-01,mars,0.97519,1.097571
2047-05-01,mars,0.641534,1.363321
2047-06-01,mars,0.24459,1.527248
2047-07-01,mars,-0.158047,1.574852
2047-08-01,mars,-0.563019,1.513589
2047-09-01,mars,-0.930413,1.350609
2047-10-01,mars,-1.229478,1.11017
2047-11-01,mars,-1.463126,0.793876
2047-12-01,mars,-1.603909,0.441178
2048-01-01,mars,-1.652282,0.050321
2048-02-01,mars,-1.597134,-0.343578
2048-03-01,mars,-1.451646,-0.692223
2048-04-01,mars,-1.200798,-1.018551
2048-05-01,mars,-0.875228,-1.264095
2048-06-01,mars,-0.472408,-1.420596
2048-07-01,mars,-0.044821,-1.458249
2048-08-01,mars,0.400099,-1.366788
2048-09-01,mars,0.805579,-1.142309
2048-10-01,mars,1.119201,-0.81308
2048-11-01,mars,1.326053,-0.388548
2048-12-01,mars,1.391974,0.062256
2049-01-01,mars,1.317789,0.521507
2049-02-01,mars,1.113104,0.92961
2049-03-01,mars,0.838575,1.225386
2049-04-01,mars,0.46649,1.45199
2049-05-01,mars,0.070272,1.561317
2049-06-01,mars,-0.344298,1.560584
2049-07-01,mars,-0.723316,1.456763
2049-08-01,mars,-1.068131,1.25534
2049-09-01,mars,-1.345589,0.974552
2049-10-01,mars,-1.535239,0.645334
2049-11-01,mars,-1.638574,0.266489
2049-12-01,mars,-1.642106,-0.116007
2050-01-01,mars,-1.543239,-0.503603
2050-02-01,mars,-1.342325,-0.857665
2050-03-01,mars,-1.07984,-1.126369
2050-04-01,mars,-0.713503,-1.343006
2050-05-01,mars,-0.304479,-1.449923
2050-06-01,mars,0.143322,-1.43634
2050-07-01,mars,0.563858,-1.295144
2050-08-01,mars,0.942188,-1.022385
2050-09-01,mars,1.221852,-0.642985
2050-10-01,mars,1.3686,-0.210103
2050-11-01,mars,1.377695,0.258736
2050-12-01,mars,1.252324,0.688106
2051-01-01,mars,1.00383,1.066436
2051-02-01,mars,0.664808,1.349352
2051-03-01,mars,0.309826,1.509042
2051-04-01,mars,-0.10533,1.574819
2051-05-01,mars,-0.500502,1.530539
2051-06-01,mars,-0.875466,1.382838
2051-07-01,mars,-1.184907,1.154698
2051-08-01,mars,-1.431752,0.848122
2051-09-01,mars,-1.59073,0.489455
2051-10-01,mars,-1.651689,0.113552
2051-11-01,mars,-1.613292,-0.281488
2051-12-01,mars,-1.477152,-0.646613
2052-01-01,mars,-1.238534,-0.98045
2052-02-01,mars,-0.911227,-1.243642
2052-03-01,mars,-0.541213,-1.403223
2052-04-01,mars,-0.103249,-1.460476
2052-05-01,mars,0.32935,-1.390986
2052-06-01,mars,0.744211,-1.187408
2052-07-01,mars,1.073445,-0.874872
2052-08-01,mars,1.301494,-0.461415
2052-09-01,mars,1.39078,0.001298
2052-10-01,mars,1.33877,0.449719
2052-11-01,mars,1.153451,0.868817
2052-12-01,mars,0.870675,1.197618
2053-01-01,mars,0.503947,1.434994
2053-02-01,mars,0.096322,1.557278
2053-03-01,mars,-0.279189,1.56798
2053-04-01,mars,-0.675738,1.475595
2053-05-01,mars,-1.017344,1.293001
2053-06-01,mars,-1.306676,1.023616
2053-07-01,mars,-1.509902,0.702369
2053-08-01,mars,-1.628779,0.328295
2053-09-01,mars,-1.647166,-0.065977
2053-10-01,mars,-1.565883,-0.443701
2053-11-01,mars,-1.380827,-0.804885
2053-12-01,mars,-1.110628,-1.101338
2054-01-01,mars,-0.751076,-1.327038
2054-02-01,mars,-0.332056,-1.446742
2054-03-01,mars,0.071653,-1.447819
2054-04-01,mars,0.510559,-1.321368
2054-05-01,mars,0.887248,-1.074513
2054-06-01,mars,1.185196,-0.710148
2054-07-01,mars,1.353622,-0.285191
2054-08-01,mars,1.386271,0.183325
2054-09-01,mars,1.276322,0.633346
2054-10-01,mars,1.051113,1.010908
2054-11-01,mars,0.724328,1.310682
2054-12-01,mars,0.349316,1.496172
2055-01-01,mars,-0.065026,1.573196
2055-02-01,mars,-0.475005,1.536267
2055-03-01,mars,-0.818431,1.41268
2055-04-01,mars,-1.147513,1.188861
2055-05-01,mars,-1.397712,0.901022
2055-06-01,mars,-1.571539,0.54924
2055-07-01,mars,-1.648062,0.176524
2055-08-01,mars,-1.626296,-0.219064
2055-09-01,mars,-1.500385,-0.600455
2055-10-01,mars,-1.28274,-0.931267
2055-11-01,mars,-0.968491,-1.207478
2055-12-01,mars,-0.594129,-1.387133
2056-01-01,mars,-0.159963,-1.460187
2056-02-01,mars,0.287927,-1.403266
2056-03-01,mars,0.682389,-1.228318
2056-04-01,mars,1.035887,-0.921372
2056-05-01,mars,1.274236,-0.531646
2056-06-01,mars,1.386567,-0.0736
2056-07-01,mars,1.356676,0.377761
2056-08-01,mars,1.191353,0.806634
2056-09-01,mars,0.913004,1.159591
2056-10-01,mars,0.566571,1.404694
2056-11-01,mars,0.163218,1.545672
2056-12-01,mars,-0.239518,1.571302
2057-01-01,mars,-0.639083,1.488961
2057-02-01,mars,-0.99638,1.307551
2057-03-01,mars,-1.265182,1.071573
2057-04-01,mars,-1.487642,0.747557
2057-05-01,mars,-1.616209,0.390123
2057-06-01,mars,-1.651076,-0.002561
2057-07-01,mars,-1.585979,-0.382564
2057-08-01,mars,-1.417066,-0.750232
2057-09-01,mars,-1.150993,-1.06614
2057-10-01,mars,-0.813262,-1.297499
2057-11-01,mars,-0.401902,-1.435589
2057-12-01,mars,0.028703,-1.452784
2058-01-01,mars,0.47013,-1.339176
2058-02-01,mars,0.864861,-1.093964
2058-03-01,mars,1.145245,-0.774413
2058-04-01,mars,1.338824,-0.343601
2058-05-01,mars,1.39072,0.108716
2058-06-01,mars,1.302667,0.564839
2058-07-01,mars,1.095019,0.954138
2058-08-01,mars,0.781281,1.270079
2058-09-01,mars,0.400586,1.478127
2058-10-01,mars,0.001421,1.568852
2058-11-01,mars,-0.411172,1.549624
2058-12-01,mars,-0.784098,1.429572
2059-01-01,mars,-1.119051,1.213803
2059-02-01,mars,-1.38375,0.921651
2059-03-01,mars,-1.549977,0.608385
2059-04-01,mars,-1.643313,0.226758
2059-05-01,mars,-1.636677,-0.156119
2059-06-01,mars,-1.527277,-0.541563
2059-07-01,mars,-1.324688,-0.880348
2059-08-01,mars,-1.023974,-1.168981
2059-09-01,mars,-0.6464,-1.369273
2059-10-01,mars,-0.231005,-1.457018
2059-11-01,mars,0.21733,-1.421485
2059-12-01,mars,0.631581,-1.258952
2060-01-01,mars,0.996274,-0.966692
2060-02-01,mars,1.256212,-0.573134
2060-03-01,mars,1.378423,-0.148717
2060-04-01,mars,1.368311,0.31932
2060-05-01,mars,1.226126,0.742238
2060-06-01,mars,0.963777,1.109401
2060-07-01,mars,0.627579,1.371317
2060-08-01,mars,0.229277,1.530934
2060-09-01,mars,-0.186894,1.57397
2060-10-01,mars,-0.57759,1.509085
2060-11-01,mars,-0.943174,1.342568
2060-12-01,mars,-1.239781,1.099309
2061-01-01,mars,-1.470321,0.780829
2061-02-01,mars,-1.610717,0.414454
2061-03-01,mars,-1.652523,0.061006
2061-04-01,mars,-1.600259,-0.333089
2061-05-01,mars,-1.45092,-0.694011
2061-06-01,mars,-1.199672,-1.019997
2061-07-01,mars,-0.873795,-1.265112
2061-08-01,mars,-0.470768,-1.421089
2061-09-01,mars,-0.028593,-1.457323
2061-10-01,mars,0.401732,-1.366127
2061-11-01,mars,0.806959,-1.14108
2061-12-01,mars,1.120169,-0.811386
2062-01-01,mars,1.326453,-0.386522
2062-02-01,mars,1.391553,0.079578
2062-03-01,mars,1.325898,0.495052
2062-04-01,mars,1.128329,0.907337
2062-05-01,mars,0.836698,1.226725
2062-06-01,mars,0.464317,1.452774
2062-07-01,mars,0.067977,1.561517
2062-08-01,mars,-0.346558,1.560176
2062-09-01,mars,-0.737375,1.450701
2062-10-01,mars,-1.06991,1.253868
2062-11-01,mars,-1.346953,0.972662
2062-12-01,mars,-1.536126,0.64315
2063-01-01,mars,-1.638917,0.264134
2063-02-01,mars,-1.640327,-0.131141
2063-03-01,mars,-1.55204,-0.481589
2063-04-01,mars,-1.357045,-0.83835
2063-05-01,mars,-1.078263,-1.127975
2063-06-01,mars,-0.711664,-1.344104
2063-07-01,mars,-0.302538,-1.450465
2063-08-01,mars,0.145198,-1.436292
2063-09-01,mars,0.578831,-1.287685
2063-10-01,mars,0.943468,-1.021331
2063-11-01,mars,1.222641,-0.641582
2063-12-01,mars,1.36884,-0.208503
2064-01-01,mars,1.377335,0.260375
2064-02-01,mars,1.245112,0.703038
2064-03-01,mars,1.012018,1.056831
2064-04-01,mars,0.674979,1.342729
2064-05-01,mars,0.29457,1.513312
2064-06-01,mars,-0.120911,1.574801
2064-07-01,mars,-0.515337,1.526598
2064-08-01,mars,-0.888598,1.375285
2064-09-01,mars,-1.204761,1.135271
2064-10-01,mars,-1.439422,0.835321
2064-11-01,mars,-1.594874,0.475121
2064-12-01,mars,-1.652139,0.098552
2065-01-01,mars,-1.609798,-0.296266
2065-02-01,mars,-1.463596,-0.67179
2065-03-01,mars,-1.246128,-0.972387
2065-04-01,mars,-0.920987,-1.23782
2065-05-01,mars,-0.538897,-1.403961
2065-06-01,mars,-0.100804,-1.460548
2065-07-01,mars,0.331703,-1.390386
2065-08-01,mars,0.746237,-1.186172
2065-09-01,mars,1.084251,-0.861049
2065-10-01,mars,1.302357,-0.459416
2065-11-01,mars,1.390951,0.003351
2065-12-01,mars,1.338313,0.451624
2066-01-01,mars,1.152445,0.870407
2066-02-01,mars,0.858414,1.208149
2066-03-01,mars,0.52752,1.423807
2066-04-01,mars,0.121331,1.553111
2066-05-01,mars,-0.281072,1.567659
2066-06-01,mars,-0.677519,1.474776
2066-07-01,mars,-1.018912,1.291759
2066-08-01,mars,-1.307923,1.022021
2066-09-01,mars,-1.51608,0.689016
2066-10-01,mars,-1.629185,0.326334
2066-11-01,mars,-1.647092,-0.067937
2066-12-01,mars,-1.565349,-0.445538
2067-01-01,mars,-1.379849,-0.806477
2067-02-01,mars,-1.098845,-1.111267
2067-03-01,mars,-0.77471,-1.316261
2067-04-01,mars,-0.358471,-1.442921
2067-05-01,mars,0.07357,-1.447538
2067-06-01,mars,0.512376,-1.320463
2067-07-01,mars,0.888781,-1.073034
2067-08-01,mars,1.186243,-0.708181
2067-09-01,mars,1.357371,-0.26802
2067-10-01,mars,1.385998,0.185652
2067-11-01,mars,1.275375,0.635493
2067-12-01,mars,1.049624,1.012684
2068-01-01,mars,0.722444,1.311937
2068-02-01,mars,0.334103,1.501149
2068-03-01,mars,-0.053705,1.572629
2068-04-01,mars,-0.464183,1.538692
2068-05-01,mars,-0.831812,1.405855
2068-06-01,mars,-1.158528,1.178915
2068-07-01,mars,-1.405857,0.888722
2068-08-01,mars,-1.576273,0.535279
2068-09-01,mars,-1.650007,0.149033
2068-10-01,mars,-1.623609,-0.233743
2068-11-01,mars,-1.493914,-0.614093
2068-12-01,mars,-1.272866,-0.942954
2069-01-01,mars,-0.955621,-1.216191
2069-02-01,mars,-0.565674,-1.396235
2069-03-01,mars,-0.172769,-1.460057
2069-04-01,mars,0.275207,-1.406944
2069-05-01,mars,0.683686,-1.227579
2069-06-01,mars,1.03682,-0.920224
2069-07-01,mars,1.27472,-0.530208
2069-08-01,mars,1.386517,-0.072
2069-09-01,mars,1.352776,0.394019
2069-10-01,mars,1.19023,0.808078
2069-11-01,mars,0.91143,1.160724
2069-12-01,mars,0.564681,1.405418
2070-01-01,mars,0.161151,1.545906
2070-02-01,mars,-0.254901,1.570048
2070-03-01,mars,-0.616299,1.496693
2070-04-01,mars,-0.976754,1.320799
2070-05-01,mars,-1.26655,1.070071
2070-06-01,mars,-1.488571,0.745793
2070-07-01,mars,-1.616664,0.388209
2070-08-01,mars,-1.651018,-0.004517
2070-09-01,mars,-1.58156,-0.396838
2070-10-01,mars,-1.416037,-0.751928
2070-11-01,mars,-1.149544,-1.067532
2070-12-01,mars,-0.811494,-1.298493
2071-01-01,mars,-0.399929,-1.436084
2071-02-01,mars,0.04523,-1.451171
2071-03-01,mars,0.444474,-1.350012
2071-04-01,mars,0.843253,-1.112419
2071-05-01,mars,1.146382,-0.77298
2071-06-01,mars,1.339403,-0.341958
2071-07-01,mars,1.390731,0.110387
2071-08-01,mars,1.302123,0.566369
2071-09-01,mars,1.085281,0.967087
2071-10-01,mars,0.7799,1.270957
2071-11-01,mars,0.398957,1.478558
2071-12-01,mars,-0.000325,1.568827
2072-01-01,mars,-0.41291,1.549138
2072-02-01,mars,-0.797426,1.42308
2072-03-01,mars,-1.11065,1.220818
2072-04-01,mars,-1.377562,0.930566
2072-05-01,mars,-1.555249,0.594864
2072-06-01,mars,-1.64497,0.212348
2072-07-01,mars,-1.634678,-0.17054
2072-08-01,mars,-1.521511,-0.555077
2072-09-01,mars,-1.307057,-0.902416
2072-10-01,mars,-1.011661,-1.1779
2072-11-01,mars,-0.63172,-1.374498
2072-12-01,mars,-0.215037,-1.457968
2073-01-01,mars,0.233297,-1.417585
2073-02-01,mars,0.658977,-1.242679
2073-03-01,mars,0.987123,-0.976382
2073-04-01,mars,1.250505,-0.585155
2073-05-01,mars,1.378558,-0.146649
2073-06-01,mars,1.367827,0.321377
2073-07-01,mars,1.225085,0.744088
2073-08-01,mars,0.962269,1.110875
2073-09-01,mars,0.613522,1.37926
2073-10-01,mars,0.227279,1.531395
2073-11-01,mars,-0.188914,1.573878
2073-12-01,mars,-0.579503,1.508482
2074-01-01,mars,-0.94486,1.341494
2074-02-01,mars,-1.249865,1.08854
2074-03-01,mars,-1.459061,0.801335
2074-04-01,mars,-1.605158,0.437219
2074-05-01,mars,-1.652677,0.05907
2074-06-01,mars,-1.599987,-0.334948
2074-07-01,mars,-1.450279,-0.695683
2074-08-01,mars,-1.198721,-1.021373
2074-09-01,mars,-0.860554,-1.272811
2074-10-01,mars,-0.469494,-1.421677
2074-11-01,mars,-0.027321,-1.457463
2074-12-01,mars,0.402895,-1.365842
2075-01-01,mars,0.807902,-1.140386
2075-02-01,mars,1.129464,-0.797761
2075-03-01,mars,1.317501,-0.414408
2075-04-01,mars,1.391522,0.050669
2075-05-01,mars,1.325125,0.496492
2075-06-01,mars,1.127041,0.908605
2075-07-01,mars,0.83499,1.227678
2075-08-01,mars,0.462304,1.453285
2075-09-01,mars,0.052361,1.563258
2075-10-01,mars,-0.348707,1.559673
2075-11-01,mars,-0.739366,1.449702
2075-12-01,mars,-1.071625,1.252444
2076-01-01,mars,-1.348279,0.970881
2076-02-01,mars,-1.541818,0.629383
2076-03-01,mars,-1.637525,0.274572
2076-04-01,mars,-1.641729,-0.120576
2076-05-01,mars,-1.546626,-0.495819
2076-06-01,mars,-1.347934,-0.850856
2076-07-01,mars,-1.066003,-1.137866
2076-08-01,mars,-0.696882,-1.350375
2076-09-01,mars,-0.272062,-1.453936
2076-10-01,mars,0.16155,-1.433497
2076-11-01,mars,0.593756,-1.280055
2076-12-01,mars,0.955512,-1.009572
2077-01-01,mars,1.230415,-0.626695
2077-02-01,mars,1.37411,-0.177034
2077-03-01,mars,1.379169,0.246733
2077-04-01,mars,1.25077,0.690787
2077-05-01,mars,1.010989,1.057752
2077-06-01,mars,0.673615,1.343305
2077-07-01,mars,0.292973,1.513486
2077-08-01,mars,-0.122632,1.574516
2077-09-01,mars,-0.529764,1.522506
2077-10-01,mars,-0.890178,1.3741
2077-11-01,mars,-1.206083,1.1337
2077-12-01,mars,-1.440394,0.833463
2078-01-01,mars,-1.595407,0.473072
2078-02-01,mars,-1.652444,0.083663
2078-03-01,mars,-1.615266,-0.273161
2078-04-01,mars,-1.475183,-0.650538
2078-05-01,mars,-1.244762,-0.97397
2078-06-01,mars,-0.919229,-1.238976
2078-07-01,mars,-0.536862,-1.4046
2078-08-01,mars,-0.098632,-1.460571
2078-09-01,mars,0.347943,-1.385231
2078-10-01,mars,0.748108,-1.184934
2078-11-01,mars,1.08566,-0.859296
2078-12-01,mars,1.303174,-0.457347
2079-01-01,mars,1.391092,0.005512
2079-02-01,mars,1.333795,0.468077
2079-03-01,mars,1.167033,0.847238
2079-04-01,mars,0.87862,1.190614
2079-05-01,mars,0.525875,1.424595
2079-06-01,mars,0.119575,1.553368
2079-07-01,mars,-0.282815,1.567412
2079-08-01,mars,-0.679139,1.474042
2079-09-01,mars,-1.030744,1.283076
2079-10-01,mars,-1.30903,1.020497
2079-11-01,mars,-1.516811,0.687213
2079-12-01,mars,-1.629498,0.324362
2080-01-01,mars,-1.646938,-0.069961
2080-02-01,mars,-1.560319,-0.459723
2080-03-01,mars,-1.386333,-0.797298
2080-04-01,mars,-1.107841,-1.103965
2080-05-01,mars,-0.760384,-1.323027
2080-06-01,mars,-0.342485,-1.445398
2080-07-01,mars,0.08993,-1.445345
2080-08-01,mars,0.527616,-1.313326
2080-09-01,mars,0.912548,-1.051201
2080-10-01,mars,1.194759,-0.693167
2080-11-01,mars,1.360813,-0.25105
2080-12-01,mars,1.384235,0.202804
2081-01-01,mars,1.268601,0.651136
2081-02-01,mars,1.02951,1.036645
2081-03-01,mars,0.732245,1.305141
2081-04-01,mars,0.345095,1.497519
2081-05-01,mars,-0.055887,1.572745
2081-06-01,mars,-0.46626,1.538265
2081-07-01,mars,-0.833659,1.404957
2081-08-01,mars,-1.160032,1.177609
2081-09-01,mars,-1.413851,0.876442
2081-10-01,mars,-1.576897,0.533452
2081-11-01,mars,-1.650128,0.147099
2081-12-01,mars,-1.623236,-0.235674
2082-01-01,mars,-1.493045,-0.615903
2082-02-01,mars,-1.262644,-0.954528
2082-03-01,mars,-0.97684,-1.202347
2082-04-01,mars,-0.590602,-1.388658
2082-05-01,mars,-0.170684,-1.460275
2082-06-01,mars,0.277239,-1.406557
2082-07-01,mars,0.685475,-1.226629
2082-08-01,mars,1.038173,-0.918787
2082-09-01,mars,1.281327,-0.514293
2082-10-01,mars,1.386662,-0.070103
2082-11-01,mars,1.352267,0.395854
2082-12-01,mars,1.189147,0.80968
2083-01-01,mars,0.909862,1.161943
2083-02-01,mars,0.550288,1.412506
2083-03-01,mars,0.185826,1.540637
2083-04-01,mars,-0.230411,1.571647
2083-05-01,mars,-0.618316,1.495942
2083-06-01,mars,-0.978536,1.31962
2083-07-01,mars,-1.268005,1.068567
2083-08-01,mars,-1.48961,0.744059
2083-09-01,mars,-1.619932,0.373938
2083-10-01,mars,-1.651114,-0.006364
2083-11-01,mars,-1.581167,-0.398569
2083-12-01,mars,-1.415199,-0.75344
2084-01-01,mars,-1.148299,-1.068715
2084-02-01,mars,-0.7975,-1.305414
2084-03-01,mars,-0.412133,-1.433757
2084-04-01,mars,0.032589,-1.452466
2084-05-01,mars,0.460059,-1.343517
2084-06-01,mars,0.856407,-1.1013
2084-07-01,mars,1.155752,-0.758289
2084-08-01,mars,1.343808,-0.32505
2084-09-01,mars,1.389098,0.142854
2084-10-01,mars,1.296201,0.582418
2084-11-01,mars,1.075086,0.980389
2084-12-01,mars,0.766693,1.280651
2085-01-01,mars,0.383917,1.484009
2085-02-01,mars,-0.029403,1.571042
2085-03-01,mars,-0.402002,1.551044
2085-04-01,mars,-0.787646,1.427694
2085-05-01,mars,-1.1123,1.219396
2085-06-01,mars,-1.378836,0.928799
2085-07-01,mars,-1.556103,0.592881
2085-08-01,mars,-1.645362,0.210276
2085-09-01,mars,-1.632585,-0.185282
2085-10-01,mars,-1.521029,-0.556939
2085-11-01,mars,-1.306206,-0.903993
2085-12-01,mars,-1.01053,-1.179112
2086-01-01,mars,-0.630401,-1.375262
2086-02-01,mars,-0.199265,-1.459012
2086-03-01,mars,0.205943,-1.424076
2086-04-01,mars,0.634254,-1.257259
2086-05-01,mars,0.98803,-0.975276
2086-06-01,mars,1.25099,-0.583689
2086-07-01,mars,1.378535,-0.144964
2086-08-01,mars,1.367223,0.323112
2086-09-01,mars,1.217117,0.7588
2086-10-01,mars,0.960623,1.112159
2086-11-01,mars,0.611522,1.380094
2086-12-01,mars,0.225089,1.531717
2087-01-01,mars,-0.191138,1.573645
2087-02-01,mars,-0.594124,1.503831
2087-03-01,mars,-0.924779,1.353828
2087-04-01,mars,-1.233887,1.105476
2087-05-01,mars,-1.460149,0.799384
2087-06-01,mars,-1.605735,0.435055
2087-07-01,mars,-1.652727,0.056824
2087-08-01,mars,-1.599491,-0.33714
2087-09-01,mars,-1.442652,-0.709071
2087-10-01,mars,-1.197297,-1.023047
2087-11-01,mars,-0.858813,-1.274038
2087-12-01,mars,-0.467591,-1.422394
2088-01-01,mars,-0.025421,-1.457624
2088-02-01,mars,0.418543,-1.360236
2088-03-01,mars,0.797335,-1.148827
2088-04-01,mars,1.121788,-0.809219
2088-05-01,mars,1.322662,-0.398511
2088-06-01,mars,1.391451,0.067239
2088-07-01,mars,1.320159,0.51209
2088-08-01,mars,1.117736,0.921774
2088-09-01,mars,0.811352,1.246392
2088-10-01,mars,0.447784,1.459067
2088-11-01,mars,0.037037,1.564796
2088-12-01,mars,-0.363712,1.557221
2089-01-01,mars,-0.753053,1.443487
2089-02-01,mars,-1.093227,1.235067
2089-03-01,mars,-1.341792,0.979307
2089-04-01,mars,-1.537783,0.63919
2089-05-01,mars,-1.637842,0.27253
2089-06-01,mars,-1.641535,-0.122617
2089-07-01,mars,-1.545934,-0.497741
2089-08-01,mars,-1.346752,-0.852533
2089-09-01,mars,-1.053616,-1.147496
2089-10-01,mars,-0.694939,-1.351215
2089-11-01,mars,-0.269915,-1.454196
2089-12-01,mars,0.163721,-1.433138
2090-01-01,mars,0.595743,-1.279062
2090-02-01,mars,0.967735,-0.997153
2090-03-01,mars,1.217465,-0.651997
2090-04-01,mars,1.369596,-0.205074
2090-05-01,mars,1.378953,0.248763
2090-06-01,mars,1.249963,0.692572
2090-07-01,mars,1.009725,1.059162
2090-08-01,mars,0.672014,1.344236
2090-09-01,mars,0.27795,1.517685
2090-10-01,mars,-0.124491,1.574406
2090-11-01,mars,-0.531566,1.521879
2090-12-01,mars,-0.891813,1.373014
2091-01-01,mars,-1.207443,1.132209
2091-02-01,mars,-1.447833,0.82072
2091-03-01,mars,-1.58889,0.49546
2091-04-01,mars,-1.651986,0.107141
2091-05-01,mars,-1.614942,-0.275169
2091-06-01,mars,-1.474402,-0.652351
2091-07-01,mars,-1.243593,-0.975473
2091-08-01,mars,-0.917746,-1.240051
2091-09-01,mars,-0.521562,-1.408897
2091-10-01,mars,-0.096883,-1.460594
2091-11-01,mars,0.349615,-1.384678
2091-12-01,mars,0.749552,-1.183844
2092-01-01,mars,1.086712,-0.857723
2092-02-01,mars,1.308779,-0.440996
2092-03-01,mars,1.390467,-0.007595
2092-04-01,mars,1.337103,0.455695
2092-05-01,mars,1.15798,0.861519
2092-06-01,mars,0.866068,1.201445
2092-07-01,mars,0.511169,1.431439
2092-08-01,mars,0.103923,1.555849
2092-09-01,mars,-0.311454,1.564281
2092-10-01,mars,-0.693316,1.468477
2092-11-01,mars,-1.04281,1.274125
2092-12-01,mars,-1.3184,1.008897
2093-01-01,mars,-1.522878,0.673615
2093-02-01,mars,-1.634058,0.29706
2093-03-01,mars,-1.647842,-0.059439
2093-04-01,mars,-1.564043,-0.449671
2093-05-01,mars,-1.385148,-0.799276
2093-06-01,mars,-1.106222,-1.105583
2093-07-01,mars,-0.758455,-1.324173
2093-08-01,mars,-0.340392,-1.445962
2093-09-01,mars,0.106482,-1.443139
2093-10-01,mars,0.529467,-1.312684
2093-11-01,mars,0.914001,-1.050048
2093-12-01,mars,1.195698,-0.691656
2094-01-01,mars,1.361144,-0.249343
2094-02-01,mars,1.382369,0.219558
2094-03-01,mars,1.27923,0.625291
2094-04-01,mars,1.046772,1.015621
2094-05-01,mars,0.730517,1.306031
2094-06-01,mars,0.343109,1.497923
2094-07-01,mars,-0.057975,1.572645
2094-08-01,mars,-0.468304,1.53765
2094-09-01,mars,-0.846996,1.397873
2094-10-01,mars,-1.161587,1.176129
2094-11-01,mars,-1.414993,0.874646
2094-12-01,mars,-1.577565,0.531453
2095-01-01,mars,-1.650254,0.145007
2095-02-01,mars,-1.620216,-0.250373
2095-03-01,mars,-1.503596,-0.594252
2095-04-01,mars,-1.278902,-0.93608
2095-05-01,mars,-0.974936,-1.203561
2095-06-01,mars,-0.58836,-1.38933
2095-07-01,mars,-0.168268,-1.460328
2095-08-01,mars,0.279632,-1.405916
2095-09-01,mars,0.700312,-1.217218
2095-10-01,mars,1.039842,-0.916923
2095-11-01,mars,1.282342,-0.512054
2095-12-01,mars,1.386961,-0.067734
2096-01-01,mars,1.351839,0.398112
2096-02-01,mars,1.180678,0.82434
2096-03-01,mars,0.918788,1.153562
2096-04-01,mars,0.560922,1.407111
2096-05-01,mars,0.170428,1.543811
2096-06-01,mars,-0.245763,1.570535
2096-07-01,mars,-0.632625,1.491
2096-08-01,mars,-0.990906,1.311235
2096-09-01,mars,-1.286185,1.047854
2096-10-01,mars,-1.496262,0.730899
2096-11-01,mars,-1.623031,0.359538
2096-12-01,mars,-1.650561,-0.021122
2097-01-01,mars,-1.576785,-0.412778
2097-02-01,mars,-1.399983,-0.777255
2097-03-01,mars,-1.15714,-1.060941
2097-04-01,mars,-0.808453,-1.300138
2097-05-01,mars,-0.410457,-1.43412
2097-06-01,mars,0.034338,-1.452241
2097-07-01,mars,0.461723,-1.342694
2097-08-01,mars,0.857798,-1.099879
2097-09-01,mars,1.164816,-0.743419
2097-10-01,mars,1.344129,-0.322794
2097-11-01,mars,1.388706,0.145223
2097-12-01,mars,1.295125,0.584658
2098-01-01,mars,1.0734,0.982274
2098-02-01,mars,0.753044,1.290343
2098-03-01,mars,0.407527,1.475189
2098-04-01,mars,-0.004923,1.569124
2098-05-01,mars,-0.404375,1.550627
2098-06-01,mars,-0.789786,1.426715
2098-07-01,mars,-1.1141,1.217954
2098-08-01,mars,-1.380195,0.926983
2098-09-01,mars,-1.561373,0.578918
2098-10-01,mars,-1.645702,0.208094
2098-11-01,mars,-1.632395,-0.187445
2098-12-01,mars,-1.520361,-0.55895
2099-01-01,mars,-1.305112,-0.905721
2099-02-01,mars,-0.997927,-1.188303
2099-03-01,mars,-0.655182,-1.366686
2099-04-01,mars,-0.226343,-1.457767
2099-05-01,mars,0.207522,-1.423974
2099-06-01,mars,0.635612,-1.256681
2099-07-01,mars,0.989055,-0.974305
2099-08-01,mars,1.251573,-0.582409
2099-09-01,mars,1.380517,-0.128376
2099-10-01,mars,1.366744,0.32461
2099-11-01,mars,1.216082,0.760173
2099-12-01,mars,0.959106,1.113258
2100-01-01,mars,0.609616,1.380777
2100-02-01,mars,0.209619,1.535062
2100-03-01,mars,-0.166587,1.574092
2100-04-01,mars,-0.571188,1.51068
2100-05-01,mars,-0.926684,1.352531
2100-06-01,mars,-1.235441,1.103787
2100-07-01,mars,-1.461274,0.797415
2100-08-01,mars,-1.606354,0.432912
2100-09-01,mars,-1.652715,0.041843
2100-10-01,mars,-1.599037,-0.339261
2100-11-01,mars,-1.441674,-0.710988
2100-12-01,mars,-1.195866,-1.024645
1900-01-01,jupiter,-3.016003,-4.45993
1900-02-01,jupiter,-2.822089,-4.575962
1900-03-01,jupiter,-2.64249,-4.673574
1900-04-01,jupiter,-2.439034,-4.773461
1900-05-01,jupiter,-2.237848,-4.861736
1900-06-01,jupiter,-2.025872,-4.944075
1900-07-01,jupiter,-1.817131,-5.014981
1900-08-01,jupiter,-1.598083,-5.078999
1900-09-01,jupiter,-1.376023,-5.133444
1900-10-01,jupiter,-1.158636,-5.176871
1900-11-01,jupiter,-0.931835,-5.212037
1900-12-01,jupiter,-0.710644,-5.236557
1901-01-01,jupiter,-0.480736,-5.25196
1901-02-01,jupiter,-0.249894,-5.257176
1901-03-01,jupiter,-0.040961,-5.253069
1901-04-01,jupiter,0.190422,-5.238709
1901-05-01,jupiter,0.413987,-5.21496
1901-06-01,jupiter,0.644189,-5.180221
1901-07-01,jupiter,0.865743,-5.136737
1901-08-01,jupiter,1.092963,-5.081629
1901-09-01,jupiter,1.317967,-5.016225
1901-10-01,jupiter,1.533157,-4.943189
1901-11-01,jupiter,1.752419,-4.857737
1901-12-01,jupiter,1.961164,-4.765484
1902-01-01,jupiter,2.172849,-4.66041
1902-02-01,jupiter,2.379985,-4.545583
1902-03-01,jupiter,2.562779,-4.433634
1902-04-01,jupiter,2.759975,-4.300759
1902-05-01,jupiter,2.945211,-4.163439
1902-06-01,jupiter,3.1304,-4.012758
1902-07-01,jupiter,3.303185,-3.858691
1902-08-01,jupiter,3.474668,-3.691251
1902-09-01,jupiter,3.638563,-3.515753
1902-10-01,jupiter,3.789564,-3.338562
1902-11-01,jupiter,3.93736,-3.148217
1902-12-01,jupiter,4.072068,-2.957356
1903-01-01,jupiter,4.202321,-2.753646
1903-02-01,jupiter,4.323147,-2.543762
1903-03-01,jupiter,4.423914,-2.349253
1903-04-01,jupiter,4.525941,-2.12886
1903-05-01,jupiter,4.614884,-1.910967
1903-06-01,jupiter,4.696427,-1.681529
1903-07-01,jupiter,4.765097,-1.455821
1903-08-01,jupiter,4.825276,-1.219305
1903-09-01,jupiter,4.874325,-0.979979
1903-10-01,jupiter,4.911055,-0.746212
1903-11-01,jupiter,4.937801,-0.502957
1903-12-01,jupiter,4.952752,-0.266433
1904-01-01,jupiter,4.956847,-0.021422
1904-02-01,jupiter,4.949371,0.223636
1904-03-01,jupiter,4.931902,0.45242
1904-04-01,jupiter,4.902061,0.695944
1904-05-01,jupiter,4.862249,0.930064
1904-06-01,jupiter,4.809902,1.169836
1904-07-01,jupiter,4.748508,1.399267
1904-08-01,jupiter,4.674123,1.633112
1904-09-01,jupiter,4.58879,1.863131
1904-10-01,jupiter,4.495983,2.081583
1904-11-01,jupiter,4.389745,2.302523
1904-12-01,jupiter,4.277175,2.511222
1905-01-01,jupiter,4.151051,2.721115
1905-02-01,jupiter,4.015276,2.924681
1905-03-01,jupiter,3.884626,3.102728
1905-04-01,jupiter,3.731435,3.293007
1905-05-01,jupiter,3.574986,3.469919
1905-06-01,jupiter,3.405239,3.644873
1905-07-01,jupiter,3.233533,3.806236
1905-08-01,jupiter,3.048846,3.964426
1905-09-01,jupiter,2.857227,4.113604
1905-10-01,jupiter,2.665626,4.249107
1905-11-01,jupiter,2.461733,4.379703
1905-12-01,jupiter,2.259153,4.496737
1906-01-01,jupiter,2.044864,4.607797
1906-02-01,jupiter,1.826034,4.708626
1906-03-01,jupiter,1.624899,4.790765
1906-04-01,jupiter,1.398831,4.871683
1906-05-01,jupiter,1.177138,4.939858
1906-06-01,jupiter,0.945543,4.999748
1906-07-01,jupiter,0.719467,5.047426
1906-08-01,jupiter,0.484339,5.086032
1906-09-01,jupiter,0.248176,5.113788
1906-10-01,jupiter,0.019122,5.130325
1906-11-01,jupiter,-0.217604,5.136778
1906-12-01,jupiter,-0.446268,5.132782
1907-01-01,jupiter,-0.681637,5.118147
1907-02-01,jupiter,-0.9156,5.092931
1907-03-01,jupiter,-1.125321,5.061161
1907-04-01,jupiter,-1.355313,5.016158
1907-05-01,jupiter,-1.575277,4.962916
1907-06-01,jupiter,-1.799446,4.898058
1907-07-01,jupiter,-2.012959,4.825948
1907-08-01,jupiter,-2.229646,4.741986
1907-09-01,jupiter,-2.441925,4.648644
1907-10-01,jupiter,-2.642794,4.54961
1907-11-01,jupiter,-2.845276,4.438531
1907-12-01,jupiter,-3.035973,4.322825
1908-01-01,jupiter,-3.227258,4.195053
1908-02-01,jupiter,-3.412352,4.059229
1908-03-01,jupiter,-3.579617,3.925149
1908-04-01,jupiter,-3.751839,3.774617
1908-05-01,jupiter,-3.911767,3.622152
1908-06-01,jupiter,-4.069797,3.457915
1908-07-01,jupiter,-4.215495,3.29282
1908-08-01,jupiter,-4.358339,3.116202
1908-09-01,jupiter,-4.493122,2.933818
1908-10-01,jupiter,-4.615683,2.752168
1908-11-01,jupiter,-4.734003,2.559503
1908-12-01,jupiter,-4.840283,2.368599
1909-01-01,jupiter,-4.941446,2.167097
1909-02-01,jupiter,-5.033661,1.96167
1909-03-01,jupiter,-5.109151,1.773069
1909-04-01,jupiter,-5.183981,1.561237
1909-05-01,jupiter,-5.247551,1.353569
1909-06-01,jupiter,-5.304013,1.136601
1909-07-01,jupiter,-5.349654,0.9247
1909-08-01,jupiter,-5.38746,0.704121
1909-09-01,jupiter,-5.415712,0.482293
1909-10-01,jupiter,-5.433928,0.266803
1909-11-01,jupiter,-5.443308,0.043671
1909-12-01,jupiter,-5.443247,-0.172342
1910-01-01,jupiter,-5.433753,-0.395251
1910-02-01,jupiter,-5.414702,-0.617466
1910-03-01,jupiter,-5.389316,-0.817254
1910-04-01,jupiter,-5.352205,-1.03707
1910-05-01,jupiter,-5.307346,-1.248066
1910-06-01,jupiter,-5.251829,-1.463936
1910-07-01,jupiter,-5.189326,-1.670399
1910-08-01,jupiter,-5.115779,-1.880854
1910-09-01,jupiter,-5.033246,-2.088006
1910-10-01,jupiter,-4.94495,-2.284983
1910-11-01,jupiter,-4.845153,-2.484566
1910-12-01,jupiter,-4.740446,-2.673546
1911-01-01,jupiter,-4.624022,-2.864179
1911-02-01,jupiter,-4.499425,-3.049749
1911-03-01,jupiter,-4.380032,-3.212727
1911-04-01,jupiter,-4.240456,-3.387729
1911-05-01,jupiter,-4.098199,-3.55135
1911-06-01,jupiter,-3.944012,-3.714188
1911-07-01,jupiter,-3.788078,-3.86545
1911-08-01,jupiter,-3.620264,-4.014925
1911-09-01,jupiter,-3.445932,-4.15717
1911-10-01,jupiter,-3.271294,-4.287677
1911-11-01,jupiter,-3.085002,-4.414879
1911-12-01,jupiter,-2.899369,-4.530327
1912-01-01,jupiter,-2.702338,-4.64147
1912-02-01,jupiter,-2.500346,-4.744089
1912-03-01,jupiter,-2.307205,-4.832168
1912-04-01,jupiter,-2.096615,-4.917651
1912-05-01,jupiter,-1.889099,-4.991659
1912-06-01,jupiter,-1.671193,-5.058941
1912-07-01,jupiter,-1.45732,-5.114992
1912-08-01,jupiter,-1.233612,-5.163392
1912-09-01,jupiter,-1.00756,-5.201972
1912-10-01,jupiter,-0.786963,-5.229835
1912-11-01,jupiter,-0.557529,-5.248729
1912-12-01,jupiter,-0.334466,-5.257344
1913-01-01,jupiter,-0.103333,-5.256179
1913-02-01,jupiter,0.128,-5.24472
1913-03-01,jupiter,0.336741,-5.225489
1913-04-01,jupiter,0.567196,-5.194342
1913-05-01,jupiter,0.789144,-5.154335
1913-06-01,jupiter,1.016925,-5.102819
1913-07-01,jupiter,1.235406,-5.04315
1913-08-01,jupiter,1.458693,-4.971408
1913-09-01,jupiter,1.678995,-4.889495
1913-10-01,jupiter,1.888902,-4.800637
1913-11-01,jupiter,2.101948,-4.699032
1913-12-01,jupiter,2.303952,-4.591372
1914-01-01,jupiter,2.507925,-4.470644
1914-02-01,jupiter,2.706601,-4.340475
1914-03-01,jupiter,2.881117,-4.214967
1914-04-01,jupiter,3.068456,-4.067445
1914-05-01,jupiter,3.243472,-3.916351
1914-06-01,jupiter,3.417413,-3.751887
1914-07-01,jupiter,3.578665,-3.584952
1914-08-01,jupiter,3.737582,-3.404737
1914-09-01,jupiter,3.888273,-3.217029
1914-10-01,jupiter,4.025913,-3.028594
1914-11-01,jupiter,4.159326,-2.827255
1914-12-01,jupiter,4.279584,-2.626387
1915-01-01,jupiter,4.394389,-2.413024
1915-02-01,jupiter,4.499274,-2.194215
1915-03-01,jupiter,4.58525,-1.992292
1915-04-01,jupiter,4.670498,-1.764435
1915-05-01,jupiter,4.742837,-1.540083
1915-06-01,jupiter,4.806885,-1.304785
1915-07-01,jupiter,4.858335,-1.074211
1915-08-01,jupiter,4.900465,-0.833519
1915-09-01,jupiter,4.93125,-0.590896
1915-10-01,jupiter,4.950145,-0.354787
1915-11-01,jupiter,4.95834,-0.110002
1915-12-01,jupiter,4.955267,0.127137
1916-01-01,jupiter,4.940708,0.371883
1916-02-01,jupiter,4.9146,0.61576
1916-03-01,jupiter,4.879763,0.842611
1916-04-01,jupiter,4.831466,1.083186
1916-05-01,jupiter,4.77395,1.313591
1916-06-01,jupiter,4.703515,1.548644
1916-07-01,jupiter,4.624862,1.772667
1916-08-01,jupiter,4.532939,2.000072
1916-09-01,jupiter,4.430417,2.2228
1916-10-01,jupiter,4.321347,2.433408
1916-11-01,jupiter,4.198731,2.645449
1916-12-01,jupiter,4.070762,2.844795
1917-01-01,jupiter,3.929231,3.044282
1917-02-01,jupiter,3.778597,3.236719
1917-03-01,jupiter,3.635028,3.40412
1917-04-01,jupiter,3.468121,3.581985
1917-05-01,jupiter,3.299013,3.746288
1917-06-01,jupiter,3.116847,3.907635
1917-07-01,jupiter,2.933791,4.055304
1917-08-01,jupiter,2.738086,4.198841
1917-09-01,jupiter,2.536195,4.332893
1917-10-01,jupiter,2.33538,4.453347
1917-11-01,jupiter,2.122733,4.568009
1917-12-01,jupiter,1.912438,4.66929
1918-01-01,jupiter,1.690968,4.763769
1918-02-01,jupiter,1.465771,4.847752
1918-03-01,jupiter,1.259591,4.914481
1918-04-01,jupiter,1.028722,4.978164
1918-05-01,jupiter,0.803171,5.029522
1918-06-01,jupiter,0.568403,5.071932
1918-07-01,jupiter,0.340043,5.102634
1918-08-01,jupiter,0.103362,5.123675
1918-09-01,jupiter,-0.133539,5.133879
1918-10-01,jupiter,-0.362537,5.133481
1918-11-01,jupiter,-0.59842,5.122522
1918-12-01,jupiter,-0.825518,5.101794
1919-01-01,jupiter,-1.058508,5.070025
1919-02-01,jupiter,-1.28933,5.02787
1919-03-01,jupiter,-1.495572,4.980992
1919-04-01,jupiter,-1.72102,4.919506
1919-05-01,jupiter,-1.935906,4.850584
1919-06-01,jupiter,-2.154146,4.76983
1919-07-01,jupiter,-2.36128,4.682663
1919-08-01,jupiter,-2.570731,4.583502
1919-09-01,jupiter,-2.775141,4.475353
1919-10-01,jupiter,-2.967813,4.362385
1919-11-01,jupiter,-3.161248,4.237339
1919-12-01,jupiter,-3.34265,4.108554
1920-01-01,jupiter,-3.523798,3.967738
1920-02-01,jupiter,-3.698238,3.819368
1920-03-01,jupiter,-3.855091,3.674017
1920-04-01,jupiter,-4.015729,3.511952
1920-05-01,jupiter,-4.164024,3.348845
1920-06-01,jupiter,-4.309622,3.174163
1920-07-01,jupiter,-4.442914,2.999506
1920-08-01,jupiter,-4.572578,2.813583
1920-09-01,jupiter,-4.693838,2.622489
1920-10-01,jupiter,-4.803012,2.432988
1920-11-01,jupiter,-4.907214,2.232812
1920-12-01,jupiter,-4.999578,2.035233
1921-01-01,jupiter,-5.086127,1.827453
1921-02-01,jupiter,-5.163515,1.616381
1921-03-01,jupiter,-5.225451,1.423232
1921-04-01,jupiter,-5.28512,1.206977
1921-05-01,jupiter,-5.333887,0.995644
1921-06-01,jupiter,-5.374941,0.775528
1921-07-01,jupiter,-5.405587,0.561199
1921-08-01,jupiter,-5.427837,0.338753
1921-09-01,jupiter,-5.440494,0.115709
1921-10-01,jupiter,-5.443607,-0.100338
1921-11-01,jupiter,-5.437391,-0.323406
1921-12-01,jupiter,-5.422271,-0.538741
1922-01-01,jupiter,-5.397275,-0.760317
1922-02-01,jupiter,-5.362806,-0.980557
1922-03-01,jupiter,-5.323585,-1.178015
1922-04-01,jupiter,-5.271282,-1.394651
1922-05-01,jupiter,-5.211866,-1.601973
1922-06-01,jupiter,-5.14148,-1.813438
1922-07-01,jupiter,-5.064777,-2.015054
1922-08-01,jupiter,-4.976774,-2.219907
1922-09-01,jupiter,-4.880031,-2.42086
1922-10-01,jupiter,-4.778236,-2.61128
1922-11-01,jupiter,-4.664774,-2.803519
1922-12-01,jupiter,-4.547138,-2.984851
1923-01-01,jupiter,-4.41768,-3.167036
1923-02-01,jupiter,-4.280403,-3.343613
1923-03-01,jupiter,-4.149877,-3.498011
1923-04-01,jupiter,-3.998352,-3.663022
1923-05-01,jupiter,-3.844924,-3.816492
1923-06-01,jupiter,-3.67962,-3.968359
1923-07-01,jupiter,-3.513361,-4.10855
1923-08-01,jupiter,-3.335341,-4.246134
1923-09-01,jupiter,-3.151296,-4.376046
1923-10-01,jupiter,-2.967745,-4.494213
1923-11-01,jupiter,-2.772762,-4.608264
1923-12-01,jupiter,-2.57924,-4.710616
1924-01-01,jupiter,-2.374611,-4.807865
1924-02-01,jupiter,-2.165601,-4.896243
1924-03-01,jupiter,-1.966435,-4.970706
1924-04-01,jupiter,-1.749998,-5.04134
1924-05-01,jupiter,-1.53742,-5.100711
1924-06-01,jupiter,-1.314914,-5.152615
1924-07-01,jupiter,-1.097213,-5.193564
1924-08-01,jupiter,-0.870206,-5.226154
1924-09-01,jupiter,-0.641536,-5.248745
1924-10-01,jupiter,-0.419061,-5.260989
1924-11-01,jupiter,-0.188378,-5.26362
1924-12-01,jupiter,0.035217,-5.256406
1925-01-01,jupiter,0.266192,-5.238817
1925-02-01,jupiter,0.496643,-5.210898
1925-03-01,jupiter,0.703957,-5.176794
1925-04-01,jupiter,0.932132,-5.129205
1925-05-01,jupiter,1.151168,-5.07334
1925-06-01,jupiter,1.375211,-5.005523
1925-07-01,jupiter,1.589368,-4.930197
1925-08-01,jupiter,1.807456,-4.842428
1925-09-01,jupiter,2.021819,-4.74468
1925-10-01,jupiter,2.225279,-4.640711
1925-11-01,jupiter,2.430944,-4.523747
1925-12-01,jupiter,2.625117,-4.401503
1926-01-01,jupiter,2.820297,-4.266032
1926-02-01,jupiter,3.009477,-4.121484
1926-03-01,jupiter,3.174823,-3.983332
1926-04-01,jupiter,3.351366,-3.822226
1926-05-01,jupiter,3.515307,-3.65843
1926-06-01,jupiter,3.677173,-3.481336
1926-07-01,jupiter,3.826149,-3.302688
1926-08-01,jupiter,3.971793,-3.110929
1926-09-01,jupiter,4.108638,-2.912278
1926-10-01,jupiter,4.232359,-2.713854
1926-11-01,jupiter,4.350879,-2.502845
1926-12-01,jupiter,4.456261,-2.293277
1927-01-01,jupiter,4.555245,-2.071631
1927-02-01,jupiter,4.643889,-1.845282
1927-03-01,jupiter,4.714864,-1.637209
1927-04-01,jupiter,4.783172,-1.403295
1927-05-01,jupiter,4.838821,-1.173853
1927-06-01,jupiter,4.885355,-0.934108
1927-07-01,jupiter,4.919639,-0.700036
1927-08-01,jupiter,4.943847,-0.456572
1927-09-01,jupiter,4.956568,-0.212047
1927-10-01,jupiter,4.957888,0.025065
1927-11-01,jupiter,4.94787,0.270017
1927-12-01,jupiter,4.927166,0.506471
1928-01-01,jupiter,4.894429,0.749635
1928-02-01,jupiter,4.850228,0.991042
1928-03-01,jupiter,4.798585,1.214782
1928-04-01,jupiter,4.732497,1.451184
1928-05-01,jupiter,4.657975,1.676726
1928-06-01,jupiter,4.570231,1.905913
1928-07-01,jupiter,4.475124,2.123461
1928-08-01,jupiter,4.366549,2.343367
1928-09-01,jupiter,4.247772,2.557797
1928-10-01,jupiter,4.12339,2.759633
1928-11-01,jupiter,3.985421,2.961871
1928-12-01,jupiter,3.843086,3.151038
1929-01-01,jupiter,3.68725,3.339322
1929-02-01,jupiter,3.522897,3.519892
1929-03-01,jupiter,3.367466,3.676031
1929-04-01,jupiter,3.18804,3.840858
1929-05-01,jupiter,3.007456,3.992007
1929-06-01,jupiter,2.814117,4.139244
1929-07-01,jupiter,2.620934,4.272795
1929-08-01,jupiter,2.415494,4.4013
1929-09-01,jupiter,2.204625,4.519912
1929-10-01,jupiter,1.995859,4.625074
1929-11-01,jupiter,1.77577,4.723613
1929-12-01,jupiter,1.559033,4.809019
1930-01-01,jupiter,1.331701,4.886852
1930-02-01,jupiter,1.101453,4.953987
1930-03-01,jupiter,0.891414,5.00536
1930-04-01,jupiter,0.657049,5.051923
1930-05-01,jupiter,0.428894,5.086635
1930-06-01,jupiter,0.192237,5.111801
1930-07-01,jupiter,-0.03718,5.12581
1930-08-01,jupiter,-0.274161,5.129634
1930-09-01,jupiter,-0.510568,5.122692
1930-10-01,jupiter,-0.738339,5.105802
1930-11-01,jupiter,-0.972193,5.077942
1930-12-01,jupiter,-1.196602,5.041026
1931-01-01,jupiter,-1.42608,4.992736
1931-02-01,jupiter,-1.652659,4.9343
1931-03-01,jupiter,-1.854456,4.872951
1931-04-01,jupiter,-2.07432,4.795728
1931-05-01,jupiter,-2.283157,4.711887
1931-06-01,jupiter,-2.494501,4.616066
1931-07-01,jupiter,-2.694354,4.514679
1931-08-01,jupiter,-2.895677,4.401219
1931-09-01,jupiter,-3.091368,4.279198
1931-10-01,jupiter,-3.27506,4.153232
1931-11-01,jupiter,-3.458678,4.015214
1931-12-01,jupiter,-3.630084,3.874338
1932-01-01,jupiter,-3.800413,3.721525
1932-02-01,jupiter,-3.96356,3.561677
1932-03-01,jupiter,-4.109444,3.406074
1932-04-01,jupiter,-4.257946,3.233581
1932-05-01,jupiter,-4.394116,3.060918
1932-06-01,jupiter,-4.526819,2.876926
1932-07-01,jupiter,-4.6473,2.693816
1932-08-01,jupiter,-4.763407,2.499742
1932-09-01,jupiter,-4.870814,2.301101
1932-10-01,jupiter,-4.966322,2.104876
1932-11-01,jupiter,-5.056159,1.898362
1932-12-01,jupiter,-5.134411,1.695241
1933-01-01,jupiter,-5.206183,1.482351
1933-02-01,jupiter,-5.268623,1.266803
1933-03-01,jupiter,-5.316929,1.070157
1933-04-01,jupiter,-5.361392,0.850636
1933-05-01,jupiter,-5.395347,0.636752
1933-06-01,jupiter,-5.421021,0.414631
1933-07-01,jupiter,-5.436734,0.198971
1933-08-01,jupiter,-5.443525,-0.024221
1933-09-01,jupiter,-5.440721,-0.247371
1933-10-01,jupiter,-5.428889,-0.462913
1933-11-01,jupiter,-5.407273,-0.684837
1933-12-01,jupiter,-5.377312,-0.898461
1934-01-01,jupiter,-5.337069,-1.117652
1934-02-01,jupiter,-5.287464,-1.334883
1934-03-01,jupiter,-5.234688,-1.529091
1934-04-01,jupiter,-5.167526,-1.741545
1934-05-01,jupiter,-5.0939,-1.944241
1934-06-01,jupiter,-5.009027,-2.150334
1934-07-01,jupiter,-4.918516,-2.346188
1934-08-01,jupiter,-4.816484,-2.54451
1934-09-01,jupiter,-4.705977,-2.738355
1934-10-01,jupiter,-4.591137,-2.921355
1934-11-01,jupiter,-4.464498,-3.105378
1934-12-01,jupiter,-4.334423,-3.278239
1935-01-01,jupiter,-4.192457,-3.451142
1935-02-01,jupiter,-4.043042,-3.617913
1935-03-01,jupiter,-3.90189,-3.763014
1935-04-01,jupiter,-3.738991,-3.917255
1935-05-01,jupiter,-3.574966,-4.059841
1935-06-01,jupiter,-3.399155,-4.199997
1935-07-01,jupiter,-3.223175,-4.328421
1935-08-01,jupiter,-3.035592,-4.453413
1935-09-01,jupiter,-2.842492,-4.570309
1935-10-01,jupiter,-2.65068,-4.675494
1935-11-01,jupiter,-2.447697,-4.77575
1935-12-01,jupiter,-2.246969,-4.864401
1936-01-01,jupiter,-2.035465,-4.947151
1936-02-01,jupiter,-1.820179,-5.020704
1936-03-01,jupiter,-1.615697,-5.081021
1936-04-01,jupiter,-1.394186,-5.136261
1936-05-01,jupiter,-1.177312,-5.180487
1936-06-01,jupiter,-0.951016,-5.216511
1936-07-01,jupiter,-0.730289,-5.241891
1936-08-01,jupiter,-0.50083,-5.258215
1936-09-01,jupiter,-0.270406,-5.264383
1936-10-01,jupiter,-0.046912,-5.260613
1936-11-01,jupiter,0.184116,-5.246599
1936-12-01,jupiter,0.40735,-5.223211
1937-01-01,jupiter,0.637225,-5.188873
1937-02-01,jupiter,0.865829,-5.144199
1937-03-01,jupiter,1.070829,-5.094983
1937-04-01,jupiter,1.295723,-5.030717
1937-05-01,jupiter,1.510862,-4.958801
1937-06-01,jupiter,1.730128,-4.874523
1937-07-01,jupiter,1.938938,-4.783418
1937-08-01,jupiter,2.150753,-4.679539
1937-09-01,jupiter,2.358088,-4.565913
1937-10-01,jupiter,2.55403,-4.446836
1937-11-01,jupiter,2.751196,-4.314561
1937-12-01,jupiter,2.936444,-4.177829
1938-01-01,jupiter,3.121688,-4.02776
1938-02-01,jupiter,3.300221,-3.869033
1938-03-01,jupiter,3.455351,-3.718466
1938-04-01,jupiter,3.619939,-3.54408
1938-05-01,jupiter,3.77168,-3.367934
1938-06-01,jupiter,3.920311,-3.178632
1938-07-01,jupiter,4.055894,-2.988737
1938-08-01,jupiter,4.187118,-2.785977
1938-09-01,jupiter,4.308981,-2.576989
1938-10-01,jupiter,4.417698,-2.369226
1938-11-01,jupiter,4.520225,-2.14928
1938-12-01,jupiter,4.609688,-1.931783
1939-01-01,jupiter,4.691803,-1.702714
1939-02-01,jupiter,4.76319,-1.469751
1939-03-01,jupiter,4.818277,-1.256418
1939-04-01,jupiter,4.868702,-1.017491
1939-05-01,jupiter,4.906793,-0.784027
1939-06-01,jupiter,4.934967,-0.540998
1939-07-01,jupiter,4.951318,-0.304606
1939-08-01,jupiter,4.956868,-0.059642
1939-09-01,jupiter,4.950853,0.185463
1939-10-01,jupiter,4.934013,0.422256
1939-11-01,jupiter,4.905249,0.665964
1939-12-01,jupiter,4.866469,0.900332
1940-01-01,jupiter,4.815169,1.14043
1940-02-01,jupiter,4.752572,1.377855
1940-03-01,jupiter,4.683917,1.597047
1940-04-01,jupiter,4.599898,1.827721
1940-05-01,jupiter,4.508321,2.046881
1940-06-01,jupiter,4.403304,2.268627
1940-07-01,jupiter,4.291865,2.478173
1940-08-01,jupiter,4.166852,2.689006
1940-09-01,jupiter,4.032126,2.893573
1940-10-01,jupiter,3.892812,3.085139
1940-11-01,jupiter,3.739972,3.276045
1940-12-01,jupiter,3.583819,3.453583
1941-01-01,jupiter,3.414332,3.629198
1941-02-01,jupiter,3.236996,3.796474
1941-03-01,jupiter,3.070438,3.9401
1941-04-01,jupiter,2.87938,4.090551
1941-05-01,jupiter,2.688251,4.227304
1941-06-01,jupiter,2.484772,4.359205
1941-07-01,jupiter,2.282524,4.477509
1941-08-01,jupiter,2.068506,4.589885
1941-09-01,jupiter,1.849877,4.692029
1941-10-01,jupiter,1.634388,4.780975
1941-11-01,jupiter,1.408174,4.862511
1941-12-01,jupiter,1.186311,4.931266
1942-01-01,jupiter,0.954512,4.991733
1942-02-01,jupiter,0.720643,5.041381
1942-03-01,jupiter,0.508057,5.076891
1942-04-01,jupiter,0.271674,5.105856
1942-05-01,jupiter,0.042359,5.123538
1942-06-01,jupiter,-0.194683,5.131147
1942-07-01,jupiter,-0.423694,5.128241
1942-08-01,jupiter,-0.659464,5.114702
1942-09-01,jupiter,-0.893865,5.09055
1942-10-01,jupiter,-1.118957,5.057186
1942-11-01,jupiter,-1.349292,5.012521
1942-12-01,jupiter,-1.569587,4.959585
1943-01-01,jupiter,-1.794099,4.895022
1943-02-01,jupiter,-2.015008,4.820627
1943-03-01,jupiter,-2.211094,4.745159
1943-04-01,jupiter,-2.424003,4.652655
1943-05-01,jupiter,-2.625499,4.554402
1943-06-01,jupiter,-2.828647,4.444098
1943-07-01,jupiter,-3.020002,4.329113
1943-08-01,jupiter,-3.211981,4.202057
1943-09-01,jupiter,-3.397782,4.066918
1943-10-01,jupiter,-3.571407,3.928733
1943-11-01,jupiter,-3.744134,3.778595
1943-12-01,jupiter,-3.904552,3.626496
1944-01-01,jupiter,-4.063089,3.462621
1944-02-01,jupiter,-4.214026,3.292271
1944-03-01,jupiter,-4.34813,3.127358
1944-04-01,jupiter,-4.483684,2.945476
1944-05-01,jupiter,-4.606999,2.764288
1944-06-01,jupiter,-4.726106,2.572077
1944-07-01,jupiter,-4.833152,2.381589
1944-08-01,jupiter,-4.935115,2.180495
1944-09-01,jupiter,-5.028137,1.975452
1944-10-01,jupiter,-5.10952,1.773626
1944-11-01,jupiter,-5.184573,1.56194
1944-12-01,jupiter,-5.24836,1.354414
1945-01-01,jupiter,-5.305047,1.137595
1945-02-01,jupiter,-5.352284,0.918752
1945-03-01,jupiter,-5.386779,0.719674
1945-04-01,jupiter,-5.415883,0.498066
1945-05-01,jupiter,-5.43493,0.282765
1945-06-01,jupiter,-5.445175,0.059801
1945-07-01,jupiter,-5.445956,-0.156073
1945-08-01,jupiter,-5.437339,-0.378867
1945-09-01,jupiter,-5.419169,-0.600995
1945-10-01,jupiter,-5.392531,-0.814956
1945-11-01,jupiter,-5.355702,-1.034637
1945-12-01,jupiter,-5.311124,-1.245509
1946-01-01,jupiter,-5.255905,-1.461258
1946-02-01,jupiter,-5.191479,-1.674445
1946-03-01,jupiter,-5.125464,-1.864489
1946-04-01,jupiter,-5.04383,-2.071772
1946-05-01,jupiter,-4.956403,-2.268911
1946-06-01,jupiter,-4.8575,-2.468696
1946-07-01,jupiter,-4.753655,-2.657907
1946-08-01,jupiter,-4.638116,-2.848816
1946-09-01,jupiter,-4.514398,-3.0347
1946-10-01,jupiter,-4.387073,-3.209485
1946-11-01,jupiter,-4.247863,-3.384501
1946-12-01,jupiter,-4.105961,-3.548152
1947-01-01,jupiter,-3.952143,-3.711042
1947-02-01,jupiter,-3.79127,-3.867307
1947-03-01,jupiter,-3.640123,-4.002505
1947-04-01,jupiter,-3.466569,-4.145338
1947-05-01,jupiter,-3.292661,-4.276452
1947-06-01,jupiter,-3.107098,-4.404322
1947-07-01,jupiter,-2.922145,-4.520451
1947-08-01,jupiter,-2.725787,-4.632337
1947-09-01,jupiter,-2.524435,-4.735737
1947-10-01,jupiter,-2.325152,-4.827504
1947-11-01,jupiter,-2.114999,-4.913546
1947-12-01,jupiter,-1.90788,-4.988121
1948-01-01,jupiter,-1.690355,-5.056014
1948-02-01,jupiter,-1.469657,-5.114415
1948-03-01,jupiter,-1.260678,-5.16031
1948-04-01,jupiter,-1.034979,-5.199889
1948-05-01,jupiter,-0.814676,-5.228742
1948-06-01,jupiter,-0.585494,-5.24868
1948-07-01,jupiter,-0.362625,-5.258325
1948-08-01,jupiter,-0.131637,-5.258238
1948-09-01,jupiter,0.099608,-5.247871
1948-10-01,jupiter,0.323212,-5.228009
1948-11-01,jupiter,0.553635,-5.197302
1948-12-01,jupiter,0.77558,-5.157725
1949-01-01,jupiter,1.003389,-5.106653
1949-02-01,jupiter,1.229173,-5.045274
1949-03-01,jupiter,1.430974,-4.981023
1949-04-01,jupiter,1.651599,-4.900201
1949-05-01,jupiter,1.861876,-4.812385
1949-06-01,jupiter,2.075366,-4.711838
1949-07-01,jupiter,2.277854,-4.605181
1949-08-01,jupiter,2.482387,-4.485465
1949-09-01,jupiter,2.681678,-4.356277
1949-10-01,jupiter,2.86912,-4.22244
1949-11-01,jupiter,3.056769,-4.075259
1949-12-01,jupiter,3.232107,-3.924474
1950-01-01,jupiter,3.406401,-3.760306
1950-02-01,jupiter,3.573278,-3.587948
1950-03-01,jupiter,3.717287,-3.425503
1950-04-01,jupiter,3.868925,-3.238485
1950-05-01,jupiter,4.007516,-3.050666
1950-06-01,jupiter,4.141946,-2.849907
1950-07-01,jupiter,4.263216,-2.649546
1950-08-01,jupiter,4.379091,-2.436647
1950-09-01,jupiter,4.48507,-2.21824
1950-10-01,jupiter,4.577938,-2.002078
1950-11-01,jupiter,4.66363,-1.774224
1950-12-01,jupiter,4.736394,-1.549846
1951-01-01,jupiter,4.800873,-1.314489
1951-02-01,jupiter,4.854281,-1.076101
1951-03-01,jupiter,4.892871,-0.858626
1951-04-01,jupiter,4.924791,-0.615971
1951-05-01,jupiter,4.944774,-0.379773
1951-06-01,jupiter,4.954079,-0.134835
1951-07-01,jupiter,4.952064,0.102508
1951-08-01,jupiter,4.93858,0.347521
1951-09-01,jupiter,4.913521,0.59172
1951-10-01,jupiter,4.878294,0.826727
1951-11-01,jupiter,4.830625,1.067652
1951-12-01,jupiter,4.77369,1.298424
1952-01-01,jupiter,4.703827,1.533883
1952-02-01,jupiter,4.622917,1.76574
1952-03-01,jupiter,4.537402,1.978898
1952-04-01,jupiter,4.435698,2.202256
1952-05-01,jupiter,4.327383,2.413505
1952-06-01,jupiter,4.205506,2.626238
1952-07-01,jupiter,4.078213,2.826279
1952-08-01,jupiter,3.937339,3.026509
1952-09-01,jupiter,3.78732,3.21971
1952-10-01,jupiter,3.633786,3.399585
1952-11-01,jupiter,3.466885,3.577729
1952-12-01,jupiter,3.29777,3.742294
1953-01-01,jupiter,3.115585,3.9039
1953-02-01,jupiter,2.926287,4.056594
1953-03-01,jupiter,2.749578,4.186592
1953-04-01,jupiter,2.548026,4.321491
1953-05-01,jupiter,2.347505,4.442768
1953-06-01,jupiter,2.135127,4.558283
1953-07-01,jupiter,1.925059,4.660391
1953-08-01,jupiter,1.703792,4.755724
1953-09-01,jupiter,1.478765,4.840561
1953-10-01,jupiter,1.257903,4.912548
1953-11-01,jupiter,1.026985,4.976388
1953-12-01,jupiter,0.80139,5.027892
1954-01-01,jupiter,0.566583,5.070446
1954-02-01,jupiter,0.330562,5.102137
1954-03-01,jupiter,0.116765,5.121423
1954-04-01,jupiter,-0.120158,5.132461
1954-05-01,jupiter,-0.349202,5.132866
1954-06-01,jupiter,-0.585156,5.122732
1954-07-01,jupiter,-0.812345,5.102798
1954-08-01,jupiter,-1.045453,5.071846
1954-09-01,jupiter,-1.276416,5.030502
1954-10-01,jupiter,-1.497459,4.980741
1954-11-01,jupiter,-1.722884,4.919412
1954-12-01,jupiter,-1.937744,4.850649
1955-01-01,jupiter,-2.155954,4.770068
1955-02-01,jupiter,-2.369886,4.680026
1955-03-01,jupiter,-2.55911,4.590763
1955-04-01,jupiter,-2.763822,4.483385
1955-05-01,jupiter,-2.956809,4.371155
1955-06-01,jupiter,-3.150593,4.246863
1955-07-01,jupiter,-3.332356,4.118799
1955-08-01,jupiter,-3.513902,3.978717
1955-09-01,jupiter,-3.688764,3.83107
1955-10-01,jupiter,-3.851345,3.681285
1955-11-01,jupiter,-4.012215,3.519698
1955-12-01,jupiter,-4.160749,3.357052
1956-01-01,jupiter,-4.306612,3.18284
1956-02-01,jupiter,-4.444498,3.002734
1956-03-01,jupiter,-4.566075,2.829231
1956-04-01,jupiter,-4.687924,2.638747
1956-05-01,jupiter,-4.79769,2.449814
1956-06-01,jupiter,-4.902525,2.250203
1956-07-01,jupiter,-4.995523,2.053146
1956-08-01,jupiter,-5.082747,1.845878
1956-09-01,jupiter,-5.16083,1.635291
1956-10-01,jupiter,-5.227589,1.428703
1956-11-01,jupiter,-5.287383,1.212721
1956-12-01,jupiter,-5.336281,1.001646
1957-01-01,jupiter,-5.377481,0.781787
1957-02-01,jupiter,-5.409151,0.560543
1957-03-01,jupiter,-5.429537,0.359847
1957-04-01,jupiter,-5.442989,0.137054
1957-05-01,jupiter,-5.446877,-0.078786
1957-06-01,jupiter,-5.441468,-0.301681
1957-07-01,jupiter,-5.427132,-0.516886
1957-08-01,jupiter,-5.402949,-0.73837
1957-09-01,jupiter,-5.369291,-0.958559
1957-10-01,jupiter,-5.32776,-1.170052
1957-11-01,jupiter,-5.275661,-1.386575
1957-12-01,jupiter,-5.216442,-1.593806
1958-01-01,jupiter,-5.146257,-1.805194
1958-02-01,jupiter,-5.06705,-2.01342
1958-03-01,jupiter,-4.987863,-2.198471
1958-04-01,jupiter,-4.891863,-2.399665
1958-05-01,jupiter,-4.790769,-2.590359
1958-06-01,jupiter,-4.67801,-2.78292
1958-07-01,jupiter,-4.56103,-2.964604
1958-08-01,jupiter,-4.432225,-3.147188
1958-09-01,jupiter,-4.295572,-3.324203
1958-10-01,jupiter,-4.156065,-3.489895
1958-11-01,jupiter,-4.004633,-3.654999
1958-12-01,jupiter,-3.851278,-3.808572
1959-01-01,jupiter,-3.686031,-3.960556
1959-02-01,jupiter,-3.514162,-4.105429
1959-03-01,jupiter,-3.353473,-4.229931
1959-04-01,jupiter,-3.169803,-4.360487
1959-05-01,jupiter,-2.986574,-4.479297
1959-06-01,jupiter,-2.791882,-4.594032
1959-07-01,jupiter,-2.598597,-4.69706
1959-08-01,jupiter,-2.39417,-4.795022
1959-09-01,jupiter,-2.185318,-4.884124
1959-10-01,jupiter,-1.979332,-4.961719
1959-11-01,jupiter,-1.762849,-5.032788
1959-12-01,jupiter,-1.550194,-5.092577
1960-01-01,jupiter,-1.327577,-5.144908
1960-02-01,jupiter,-1.10244,-5.18748
1960-03-01,jupiter,-0.889915,-5.218351
1960-04-01,jupiter,-0.661089,-5.241662
1960-05-01,jupiter,-0.438424,-5.254592
1960-06-01,jupiter,-0.207503,-5.257919
1960-07-01,jupiter,0.016359,-5.251362
1960-08-01,jupiter,0.247649,-5.234434
1960-09-01,jupiter,0.478449,-5.207155
1960-10-01,jupiter,0.700902,-5.170889
1960-11-01,jupiter,0.929385,-5.123226
1960-12-01,jupiter,1.148719,-5.067267
1961-01-01,jupiter,1.373066,-4.999329
1961-02-01,jupiter,1.594608,-4.921183
1961-03-01,jupiter,1.791907,-4.841903
1961-04-01,jupiter,2.006805,-4.744604
1961-05-01,jupiter,2.210797,-4.641041
1961-06-01,jupiter,2.417028,-4.524464
1961-07-01,jupiter,2.611759,-4.402564
1961-08-01,jupiter,2.807524,-4.267417
1961-09-01,jupiter,2.997295,-4.12316
1961-10-01,jupiter,3.174818,-3.975123
1961-11-01,jupiter,3.351503,-3.813704
1961-12-01,jupiter,3.515554,-3.649596
1962-01-01,jupiter,3.677507,-3.472173
1962-02-01,jupiter,3.831372,-3.287117
1962-03-01,jupiter,3.963074,-3.113713
1962-04-01,jupiter,4.100496,-2.91516
1962-05-01,jupiter,4.224767,-2.71681
1962-06-01,jupiter,4.343846,-2.505856
1962-07-01,jupiter,4.449758,-2.296324
1962-08-01,jupiter,4.54928,-2.074696
1962-09-01,jupiter,4.63845,-1.84835
1962-10-01,jupiter,4.714657,-1.625283
1962-11-01,jupiter,4.782765,-1.391122
1962-12-01,jupiter,4.838198,-1.161464
1963-01-01,jupiter,4.884489,-0.921521
1963-02-01,jupiter,4.919471,-0.679447
1963-03-01,jupiter,4.941254,-0.45943
1963-04-01,jupiter,4.954429,-0.214843
1963-05-01,jupiter,4.956181,0.022334
1963-06-01,jupiter,4.946605,0.267358
1963-07-01,jupiter,4.926323,0.503886
1963-08-01,jupiter,4.894019,0.747128
1963-09-01,jupiter,4.850248,0.988619
1963-10-01,jupiter,4.797064,1.220116
1963-11-01,jupiter,4.731045,1.456508
1963-12-01,jupiter,4.656597,1.682028
1964-01-01,jupiter,4.568938,1.911181
1964-02-01,jupiter,4.470587,2.13586
1964-03-01,jupiter,4.369116,2.341532
1964-04-01,jupiter,4.250784,2.556088
1964-05-01,jupiter,4.126837,2.758056
1964-06-01,jupiter,3.989323,2.960442
1964-07-01,jupiter,3.847433,3.149765
1964-08-01,jupiter,3.692062,3.338227
1964-09-01,jupiter,3.528179,3.518992
1964-10-01,jupiter,3.361859,3.686228
1964-11-01,jupiter,3.182424,3.850731
1964-12-01,jupiter,3.001862,4.001567
1965-01-01,jupiter,2.808576,4.148483
1965-02-01,jupiter,2.608938,4.286016
1965-03-01,jupiter,2.423557,4.401952
1965-04-01,jupiter,2.213158,4.520914
1965-05-01,jupiter,2.004841,4.62644
1965-06-01,jupiter,1.785208,4.725382
1965-07-01,jupiter,1.568903,4.811205
1965-08-01,jupiter,1.342003,4.889498
1965-09-01,jupiter,1.112173,4.95712
1965-10-01,jupiter,0.887453,5.012321
1965-11-01,jupiter,0.653363,5.058725
1965-12-01,jupiter,0.425484,5.093307
1966-01-01,jupiter,0.18912,5.118364
1966-02-01,jupiter,-0.047647,5.132582
1966-03-01,jupiter,-0.26143,5.13614
1966-04-01,jupiter,-0.497585,5.129858
1966-05-01,jupiter,-0.725145,5.113626
1966-06-01,jupiter,-0.958813,5.086462
1966-07-01,jupiter,-1.183078,5.050236
1966-08-01,jupiter,-1.412443,5.002672
1966-09-01,jupiter,-1.638949,4.944973
1966-10-01,jupiter,-1.855015,4.879657
1966-11-01,jupiter,-2.07463,4.802562
1966-12-01,jupiter,-2.283242,4.718864
1967-01-01,jupiter,-2.494369,4.623206
1967-02-01,jupiter,-2.700602,4.518473
1967-03-01,jupiter,-2.882361,4.41629
1967-04-01,jupiter,-3.078265,4.295013
1967-05-01,jupiter,-3.262202,4.169758
1967-06-01,jupiter,-3.446116,4.032463
1967-07-01,jupiter,-3.617847,3.892273
1967-08-01,jupiter,-3.788552,3.74015
1967-09-01,jupiter,-3.952114,3.580973
1967-10-01,jupiter,-4.103348,3.42053
1967-11-01,jupiter,-4.252087,3.248461
1967-12-01,jupiter,-4.388514,3.076193
1968-01-01,jupiter,-4.521508,2.892592
1968-02-01,jupiter,-4.646186,2.703667
1968-03-01,jupiter,-4.755121,2.52244
1968-04-01,jupiter,-4.863173,2.324268
1968-05-01,jupiter,-4.95933,2.128463
1968-06-01,jupiter,-5.049862,1.922344
1968-07-01,jupiter,-5.128806,1.719567
1968-08-01,jupiter,-5.201313,1.506994
1968-09-01,jupiter,-5.264503,1.29172
1968-10-01,jupiter,-5.316706,1.081189
1968-11-01,jupiter,-5.361331,0.861749
1968-12-01,jupiter,-5.39545,0.647924
1969-01-01,jupiter,-5.421298,0.425845
1969-02-01,jupiter,-5.437557,0.203013
1969-03-01,jupiter,-5.443993,0.001424
1969-04-01,jupiter,-5.441985,-0.221753
1969-05-01,jupiter,-5.430921,-0.437365
1969-06-01,jupiter,-5.410093,-0.659403
1969-07-01,jupiter,-5.380886,-0.87318
1969-08-01,jupiter,-5.341412,-1.092571
1969-09-01,jupiter,-5.292563,-1.310044
1969-10-01,jupiter,-5.236447,-1.518318
1969-11-01,jupiter,-5.16942,-1.730908
1969-12-01,jupiter,-5.095913,-1.933751
1970-01-01,jupiter,-5.011151,-2.140009
1970-02-01,jupiter,-4.917579,-2.342504
1970-03-01,jupiter,-4.82562,-2.52187
1970-04-01,jupiter,-4.715722,-2.716213
1970-05-01,jupiter,-4.601443,-2.899725
1970-06-01,jupiter,-4.475354,-3.084307
1970-07-01,jupiter,-4.345782,-3.257735
1970-08-01,jupiter,-4.204303,-3.431249
1970-09-01,jupiter,-4.055342,-3.598655
1970-10-01,jupiter,-3.904292,-3.754548
1970-11-01,jupiter,-3.741335,-3.909021
1970-12-01,jupiter,-3.577236,-4.05183
1971-01-01,jupiter,-3.40133,-4.192213
1971-02-01,jupiter,-3.219276,-4.325015
1971-03-01,jupiter,-3.049809,-4.438224
1971-04-01,jupiter,-2.856908,-4.55586
1971-05-01,jupiter,-2.665252,-4.661767
1971-06-01,jupiter,-2.462393,-4.762773
1971-07-01,jupiter,-2.261749,-4.852151
1971-08-01,jupiter,-2.050295,-4.935653
1971-09-01,jupiter,-1.835021,-5.009956
1971-10-01,jupiter,-1.623416,-5.072927
1971-11-01,jupiter,-1.401756,-5.128596
1971-12-01,jupiter,-1.184717,-5.173226
1972-01-01,jupiter,-0.95823,-5.209653
1972-02-01,jupiter,-0.729911,-5.236106
1972-03-01,jupiter,-0.515042,-5.251725
1972-04-01,jupiter,-0.284401,-5.258578
1972-05-01,jupiter,-0.060669,-5.255456
1972-06-01,jupiter,0.170631,-5.242094
1972-07-01,jupiter,0.394152,-5.219321
1972-08-01,jupiter,0.624349,-5.185599
1972-09-01,jupiter,0.853296,-5.141521
1972-10-01,jupiter,1.073229,-5.089026
1972-11-01,jupiter,1.29835,-5.024655
1972-12-01,jupiter,1.513696,-4.952621
1973-01-01,jupiter,1.733163,-4.868205
1973-02-01,jupiter,1.949055,-4.773752
1973-03-01,jupiter,2.14059,-4.67992
1973-04-01,jupiter,2.348378,-4.566743
1973-05-01,jupiter,2.544768,-4.448081
1973-06-01,jupiter,2.742407,-4.316215
1973-07-01,jupiter,2.928118,-4.179857
1973-08-01,jupiter,3.113848,-4.030156
1973-09-01,jupiter,3.292872,-3.871778
1973-10-01,jupiter,3.459333,-3.710519
1973-11-01,jupiter,3.623921,-3.535935
1973-12-01,jupiter,3.775641,-3.359602
1974-01-01,jupiter,3.92423,-3.170113
1974-02-01,jupiter,4.064124,-2.973602
1974-03-01,jupiter,4.18271,-2.790405
1974-04-01,jupiter,4.305085,-2.581652
1974-05-01,jupiter,4.4143,-2.374102
1974-06-01,jupiter,4.517343,-2.154365
1974-07-01,jupiter,4.607308,-1.937057
1974-08-01,jupiter,4.689944,-1.708171
1974-09-01,jupiter,4.761856,-1.47538
1974-10-01,jupiter,4.821043,-1.246868
1974-11-01,jupiter,4.87128,-1.00792
1974-12-01,jupiter,4.909183,-0.774458
1975-01-01,jupiter,4.937161,-0.531455
1975-02-01,jupiter,4.953675,-0.287218
1975-03-01,jupiter,4.958683,-0.066026
1975-04-01,jupiter,4.953225,0.178995
1975-05-01,jupiter,4.936931,0.415719
1975-06-01,jupiter,4.908737,0.659373
1975-07-01,jupiter,4.870515,0.893704
1975-08-01,jupiter,4.819798,1.133782
1975-09-01,jupiter,4.75779,1.371204
1975-10-01,jupiter,4.68717,1.597917
1975-11-01,jupiter,4.6034,1.8285
1975-12-01,jupiter,4.512074,2.047577
1976-01-01,jupiter,4.407328,2.269243
1976-02-01,jupiter,4.292292,2.485613
1976-03-01,jupiter,4.175616,2.682789
1976-04-01,jupiter,4.041499,2.887516
1976-05-01,jupiter,3.902772,3.079263
1976-06-01,jupiter,3.750535,3.270384
1976-07-01,jupiter,3.59496,3.448157
1976-08-01,jupiter,3.426062,3.624045
1976-09-01,jupiter,3.249305,3.791623
1976-10-01,jupiter,3.071176,3.945551
1976-11-01,jupiter,2.880235,4.095771
1976-12-01,jupiter,2.689231,4.23231
1977-01-01,jupiter,2.485893,4.364002
1977-02-01,jupiter,2.27697,4.485893
1977-03-01,jupiter,2.083875,4.587376
1977-04-01,jupiter,1.865694,4.690015
1977-05-01,jupiter,1.650612,4.779462
1977-06-01,jupiter,1.424789,4.861538
1977-07-01,jupiter,1.203275,4.930835
1977-08-01,jupiter,0.971803,4.991881
1977-09-01,jupiter,0.738225,5.042125
1977-10-01,jupiter,0.510664,5.080421
1977-11-01,jupiter,0.274446,5.109306
1977-12-01,jupiter,0.045286,5.126921
1978-01-01,jupiter,-0.191603,5.13447
1978-02-01,jupiter,-0.428092,5.131244
1978-03-01,jupiter,-0.640943,5.11913
1978-04-01,jupiter,-0.875322,5.095622
1978-05-01,jupiter,-1.10043,5.062878
1978-06-01,jupiter,-1.330822,5.018847
1978-07-01,jupiter,-1.551212,4.966518
1978-08-01,jupiter,-1.775861,4.902571
1978-09-01,jupiter,-1.996945,4.828779
1978-10-01,jupiter,-2.207111,4.748194
1978-11-01,jupiter,-2.419973,4.655661
1978-12-01,jupiter,-2.621434,4.557376
1979-01-01,jupiter,-2.824556,4.447035
1979-02-01,jupiter,-3.022182,4.328038
1979-03-01,jupiter,-3.195667,4.213351
1979-04-01,jupiter,-3.381878,4.078669
1979-05-01,jupiter,-3.555926,3.940898
1979-06-01,jupiter,-3.729117,3.79116
1979-07-01,jupiter,-3.890006,3.63942
1979-08-01,jupiter,-4.049053,3.475885
1979-09-01,jupiter,-4.20052,3.305842
1979-10-01,jupiter,-4.339654,3.135417
1979-11-01,jupiter,-4.475509,2.953598
1979-12-01,jupiter,-4.599123,2.772451
1980-01-01,jupiter,-4.718545,2.58026
1980-02-01,jupiter,-4.829339,2.383351
1980-03-01,jupiter,-4.925028,2.19521
1980-04-01,jupiter,-5.018668,1.990248
1980-05-01,jupiter,-5.100654,1.78847
1980-06-01,jupiter,-5.176335,1.576801
1980-07-01,jupiter,-5.240731,1.369263
1980-08-01,jupiter,-5.298049,1.152402
1980-09-01,jupiter,-5.345916,0.933485
1980-10-01,jupiter,-5.383186,0.720046
1980-11-01,jupiter,-5.412299,0.49824
1980-12-01,jupiter,-5.431349,0.282745
1981-01-01,jupiter,-5.441592,0.059581
1981-02-01,jupiter,-5.442238,-0.163687
1981-03-01,jupiter,-5.434582,-0.365111
1981-04-01,jupiter,-5.417011,-0.587492
1981-05-01,jupiter,-5.390944,-0.801719
1981-06-01,jupiter,-5.354697,-1.021698
1981-07-01,jupiter,-5.310674,-1.232876
1981-08-01,jupiter,-5.256019,-1.448961
1981-09-01,jupiter,-5.192147,-1.662503
1981-10-01,jupiter,-5.121663,-1.866383
1981-11-01,jupiter,-5.039989,-2.073831
1981-12-01,jupiter,-4.952523,-2.271123
1982-01-01,jupiter,-4.85358,-2.471059
1982-02-01,jupiter,-4.746098,-2.666646
1982-03-01,jupiter,-4.641825,-2.839276
1982-04-01,jupiter,-4.518593,-3.025622
1982-05-01,jupiter,-4.39173,-3.200868
1982-06-01,jupiter,-4.252987,-3.376371
1982-07-01,jupiter,-4.111529,-3.540508
1982-08-01,jupiter,-3.958159,-3.703911
1982-09-01,jupiter,-3.797725,-3.860702
1982-10-01,jupiter,-3.635991,-4.005857
1982-11-01,jupiter,-3.462445,-4.148768
1982-12-01,jupiter,-3.288554,-4.279952
1983-01-01,jupiter,-3.10302,-4.407889
1983-02-01,jupiter,-2.911853,-4.527823
1983-03-01,jupiter,-2.734615,-4.629062
1983-04-01,jupiter,-2.533636,-4.733078
1983-05-01,jupiter,-2.334703,-4.825456
1983-06-01,jupiter,-2.124902,-4.912143
1983-07-01,jupiter,-1.918112,-4.987357
1983-08-01,jupiter,-1.700914,-5.055927
1983-09-01,jupiter,-1.48053,-5.11502
1983-10-01,jupiter,-1.264596,-5.163031
1983-11-01,jupiter,-1.039112,-5.203019
1983-12-01,jupiter,-0.819013,-5.232281
1984-01-01,jupiter,-0.59004,-5.252655
1984-02-01,jupiter,-0.35993,-5.262909
1984-03-01,jupiter,-0.144026,-5.263266
1984-04-01,jupiter,0.087029,-5.253716
1984-05-01,jupiter,0.310473,-5.234662
1984-06-01,jupiter,0.540757,-5.204809
1984-07-01,jupiter,0.762594,-5.166076
1984-08-01,jupiter,0.990321,-5.115895
1984-09-01,jupiter,1.216056,-5.055423
1984-10-01,jupiter,1.432169,-4.987157
1984-11-01,jupiter,1.652611,-4.906621
1984-12-01,jupiter,1.86272,-4.819101
1985-01-01,jupiter,2.076046,-4.718882
1985-02-01,jupiter,2.28506,-4.608861
1985-03-01,jupiter,2.469753,-4.501201
1985-04-01,jupiter,2.66928,-4.373006
1985-05-01,jupiter,2.856997,-4.240132
1985-06-01,jupiter,3.044981,-4.09395
1985-07-01,jupiter,3.220695,-3.94413
1985-08-01,jupiter,3.395433,-3.780956
1985-09-01,jupiter,3.562809,-3.609584
1985-10-01,jupiter,3.717392,-3.436241
1985-11-01,jupiter,3.869102,-3.249708
1985-12-01,jupiter,4.007797,-3.062365
1986-01-01,jupiter,4.14237,-2.862101
1986-02-01,jupiter,4.26771,-2.655457
1986-03-01,jupiter,4.372713,-2.463687
1986-04-01,jupiter,4.479594,-2.246108
1986-05-01,jupiter,4.573389,-2.030708
1986-06-01,jupiter,4.660093,-1.803598
1986-07-01,jupiter,4.733889,-1.579895
1986-08-01,jupiter,4.799484,-1.345182
1986-09-01,jupiter,4.854056,-1.107381
1986-10-01,jupiter,4.896219,-0.874815
1986-11-01,jupiter,4.928653,-0.632513
1986-12-01,jupiter,4.949164,-0.396626
1987-01-01,jupiter,4.959044,-0.151976
1987-02-01,jupiter,4.957377,0.093029
1987-03-01,jupiter,4.945932,0.314152
1987-04-01,jupiter,4.922265,0.558251
1987-05-01,jupiter,4.888398,0.793238
1987-06-01,jupiter,4.842144,1.034224
1987-07-01,jupiter,4.78658,1.265136
1987-08-01,jupiter,4.718132,1.500821
1987-09-01,jupiter,4.638629,1.73299
1987-10-01,jupiter,4.551346,1.95381
1987-11-01,jupiter,4.450676,2.177486
1987-12-01,jupiter,4.343344,2.389105
1988-01-01,jupiter,4.222462,2.602283
1988-02-01,jupiter,4.091739,2.809397
1988-03-01,jupiter,3.960828,2.997242
1988-04-01,jupiter,3.812002,3.1913
1988-05-01,jupiter,3.659572,3.372069
1988-06-01,jupiter,3.493757,3.551202
1988-07-01,jupiter,3.325634,3.716781
1988-08-01,jupiter,3.144411,3.879491
1988-09-01,jupiter,2.956006,4.033341
1988-10-01,jupiter,2.767273,4.173494
1988-11-01,jupiter,2.566088,4.309015
1988-12-01,jupiter,2.365878,4.430914
1989-01-01,jupiter,2.153776,4.547089
1989-02-01,jupiter,1.936864,4.653107
1989-03-01,jupiter,1.737232,4.739984
1989-04-01,jupiter,1.512571,4.82619
1989-05-01,jupiter,1.291986,4.899512
1989-06-01,jupiter,1.061275,4.964735
1989-07-01,jupiter,0.835804,5.017577
1989-08-01,jupiter,0.601047,5.061509
1989-09-01,jupiter,0.364999,5.094566
1989-10-01,jupiter,0.135818,5.1162
1989-11-01,jupiter,-0.101279,5.127872
1989-12-01,jupiter,-0.33053,5.128871
1990-01-01,jupiter,-0.566734,5.119329
1990-02-01,jupiter,-0.801759,5.099128
1990-03-01,jupiter,-1.012626,5.071811
1990-04-01,jupiter,-1.24409,5.031646
1990-05-01,jupiter,-1.465672,4.982987
1990-06-01,jupiter,-1.691707,4.922755
1990-07-01,jupiter,-1.907207,4.855008
1990-08-01,jupiter,-2.126123,4.775431
1990-09-01,jupiter,-2.340806,4.686343
1990-10-01,jupiter,-2.544157,4.591296
1990-11-01,jupiter,-2.749359,4.484199
1990-12-01,jupiter,-2.942828,4.372207
1991-01-01,jupiter,-3.137118,4.248127
1991-02-01,jupiter,-3.325349,4.115841
1991-03-01,jupiter,-3.489886,3.989557
1991-04-01,jupiter,-3.6657,3.8425
1991-05-01,jupiter,-3.829218,3.693236
1991-06-01,jupiter,-3.991068,3.532135
1991-07-01,jupiter,-4.140561,3.36991
1991-08-01,jupiter,-4.287422,3.196082
1991-09-01,jupiter,-4.42631,3.016311
1991-10-01,jupiter,-4.552922,2.837019
1991-11-01,jupiter,-4.675501,2.646612
1991-12-01,jupiter,-4.785966,2.457722
1992-01-01,jupiter,-4.891515,2.258124
1992-02-01,jupiter,-4.988169,2.054418
1992-03-01,jupiter,-5.070413,1.860478
1992-04-01,jupiter,-5.14947,1.64992
1992-05-01,jupiter,-5.217162,1.443324
1992-06-01,jupiter,-5.277908,1.227299
1992-07-01,jupiter,-5.327716,1.016149
1992-08-01,jupiter,-5.369843,0.796182
1992-09-01,jupiter,-5.402426,0.574798
1992-10-01,jupiter,-5.424839,0.35958
1992-11-01,jupiter,-5.438556,0.136565
1992-12-01,jupiter,-5.442686,-0.07949
1993-01-01,jupiter,-5.437515,-0.302607
1993-02-01,jupiter,-5.422771,-0.525192
1993-03-01,jupiter,-5.401257,-0.725455
1993-04-01,jupiter,-5.368411,-0.945952
1993-05-01,jupiter,-5.327651,-1.157759
1993-06-01,jupiter,-5.276336,-1.374625
1993-07-01,jupiter,-5.217862,-1.582204
1993-08-01,jupiter,-5.148434,-1.793968
1993-09-01,jupiter,-5.069972,-2.002586
1993-10-01,jupiter,-4.985565,-2.20113
1993-11-01,jupiter,-4.889727,-2.402485
1993-12-01,jupiter,-4.788791,-2.593326
1994-01-01,jupiter,-4.676195,-2.786032
1994-02-01,jupiter,-4.555353,-2.973825
1994-03-01,jupiter,-4.439282,-3.138938
1994-04-01,jupiter,-4.303304,-3.316445
1994-05-01,jupiter,-4.164443,-3.482629
1994-06-01,jupiter,-4.013671,-3.648256
1994-07-01,jupiter,-3.860947,-3.802352
1994-08-01,jupiter,-3.696344,-3.954892
1994-09-01,jupiter,-3.525112,-4.100339
1994-10-01,jupiter,-3.35336,-4.234071
1994-11-01,jupiter,-3.16993,-4.364736
1994-12-01,jupiter,-2.986943,-4.483654
1995-01-01,jupiter,-2.792513,-4.598507
1995-02-01,jupiter,-2.592981,-4.704956
1995-03-01,jupiter,-2.408658,-4.793687
1995-04-01,jupiter,-2.200374,-4.88351
1995-05-01,jupiter,-1.994926,-4.961826
1995-06-01,jupiter,-1.778982,-5.033667
1995-07-01,jupiter,-1.566834,-5.094228
1995-08-01,jupiter,-1.344721,-5.147383
1995-09-01,jupiter,-1.120068,-5.190809
1995-10-01,jupiter,-0.900632,-5.223441
1995-11-01,jupiter,-0.672193,-5.247337
1995-12-01,jupiter,-0.44989,-5.260858
1996-01-01,jupiter,-0.219327,-5.264821
1996-02-01,jupiter,0.01166,-5.258542
1996-03-01,jupiter,0.227733,-5.24335
1996-04-01,jupiter,0.458261,-5.217119
1996-05-01,jupiter,0.680492,-5.181892
1996-06-01,jupiter,0.90879,-5.135327
1996-07-01,jupiter,1.12799,-5.080452
1996-08-01,jupiter,1.352249,-5.013655
1996-09-01,jupiter,1.573758,-4.936669
1996-10-01,jupiter,1.785059,-4.852549
1996-11-01,jupiter,1.999782,-4.755797
1996-12-01,jupiter,2.203635,-4.652781
1997-01-01,jupiter,2.409756,-4.536787
1997-02-01,jupiter,2.610818,-4.411271
1997-03-01,jupiter,2.787693,-4.289886
1997-04-01,jupiter,2.977867,-4.14683
1997-05-01,jupiter,3.155847,-3.999943
1997-06-01,jupiter,3.333076,-3.839699
1997-07-01,jupiter,3.497723,-3.676709
1997-08-01,jupiter,3.660363,-3.500417
1997-09-01,jupiter,3.814987,-3.31646
1997-10-01,jupiter,3.956628,-3.131481
1997-11-01,jupiter,4.094368,-2.93352
1997-12-01,jupiter,4.218991,-2.735724
1998-01-01,jupiter,4.338479,-2.525319
1998-02-01,jupiter,4.448214,-2.309238
1998-03-01,jupiter,4.538702,-2.109572
1998-04-01,jupiter,4.629081,-1.883974
1998-05-01,jupiter,4.706507,-1.661564
1998-06-01,jupiter,4.775924,-1.428007
1998-07-01,jupiter,4.832666,-1.198858
1998-08-01,jupiter,4.880348,-0.959359
1998-09-01,jupiter,4.916753,-0.717644
1998-10-01,jupiter,4.941138,-0.482137
1998-11-01,jupiter,4.955041,-0.237682
1998-12-01,jupiter,4.95751,-0.00058
1999-01-01,jupiter,4.948682,0.244422
1999-02-01,jupiter,4.92829,0.488853
1999-03-01,jupiter,4.899956,0.708663
1999-04-01,jupiter,4.857668,0.950428
1999-05-01,jupiter,4.805902,1.18228
1999-06-01,jupiter,4.741325,1.419128
1999-07-01,jupiter,4.668244,1.645174
1999-08-01,jupiter,4.581962,1.874957
1999-09-01,jupiter,4.484946,2.100348
1999-10-01,jupiter,4.381063,2.313796
1999-11-01,jupiter,4.263645,2.529033
1999-12-01,jupiter,4.140538,2.731715
2000-01-01,jupiter,4.003842,2.934889
2000-02-01,jupiter,3.857841,3.131245
2000-03-01,jupiter,3.713157,3.308372
2000-04-01,jupiter,3.550196,3.490307
2000-05-01,jupiter,3.384697,3.658721
2000-06-01,jupiter,3.206039,3.82448
2000-07-01,jupiter,3.026154,3.976566
2000-08-01,jupiter,2.833492,4.124803
2000-09-01,jupiter,2.634399,4.263681
2000-10-01,jupiter,2.436056,4.388912
2000-11-01,jupiter,2.225715,4.508606
2000-12-01,jupiter,2.017413,4.614837
2001-01-01,jupiter,1.797752,4.7145
2001-02-01,jupiter,1.574109,4.803723
2001-03-01,jupiter,1.369113,4.875224
2001-04-01,jupiter,1.139315,4.94422
2001-05-01,jupiter,0.914561,5.000738
2001-06-01,jupiter,0.68037,5.048486
2001-07-01,jupiter,0.452334,5.084349
2001-08-01,jupiter,0.215749,5.110707
2001-09-01,jupiter,-0.021296,5.126201
2001-10-01,jupiter,-0.250657,5.130886
2001-11-01,jupiter,-0.487142,5.125132
2001-12-01,jupiter,-0.715037,5.109387
2002-01-01,jupiter,-0.949066,5.082702
2002-02-01,jupiter,-1.181142,5.045555
2002-03-01,jupiter,-1.388695,5.003129
2002-04-01,jupiter,-1.615788,4.946485
2002-05-01,jupiter,-1.832452,4.882154
2002-06-01,jupiter,-2.052716,4.806043
2002-07-01,jupiter,-2.261983,4.723261
2002-08-01,jupiter,-2.473812,4.628515
2002-09-01,jupiter,-2.680771,4.524657
2002-10-01,jupiter,-2.876064,4.415719
2002-11-01,jupiter,-3.07236,4.294704
2002-12-01,jupiter,-3.256674,4.169688
2003-01-01,jupiter,-3.440972,4.032626
2003-02-01,jupiter,-3.618696,3.88786
2003-03-01,jupiter,-3.773323,3.75075
2003-04-01,jupiter,-3.937722,3.592215
2003-05-01,jupiter,-4.089775,3.432364
2003-06-01,jupiter,-4.239372,3.260876
2003-07-01,jupiter,-4.376637,3.089142
2003-08-01,jupiter,-4.510505,2.906062
2003-09-01,jupiter,-4.636064,2.71763
2003-10-01,jupiter,-4.749481,2.53053
2003-11-01,jupiter,-4.858146,2.332653
2003-12-01,jupiter,-4.954898,2.137118
2004-01-01,jupiter,-5.046046,1.931263
2004-02-01,jupiter,-5.128091,1.721925
2004-03-01,jupiter,-5.196501,1.523284
2004-04-01,jupiter,-5.260616,1.308312
2004-05-01,jupiter,-5.313717,1.098047
2004-06-01,jupiter,-5.359277,0.878854
2004-07-01,jupiter,-5.394305,0.665243
2004-08-01,jupiter,-5.421096,0.443357
2004-09-01,jupiter,-5.438303,0.220689
2004-10-01,jupiter,-5.445819,0.00483
2004-11-01,jupiter,-5.444148,-0.218228
2004-12-01,jupiter,-5.433414,-0.433728
2005-01-01,jupiter,-5.412933,-0.655656
2005-02-01,jupiter,-5.382952,-0.876432
2005-03-01,jupiter,-5.347758,-1.074531
2005-04-01,jupiter,-5.299876,-1.292051
2005-05-01,jupiter,-5.244695,-1.5004
2005-06-01,jupiter,-5.178634,-1.713103
2005-07-01,jupiter,-5.106061,-1.916089
2005-08-01,jupiter,-5.022261,-2.12253
2005-09-01,jupiter,-4.929648,-2.325245
2005-10-01,jupiter,-4.831776,-2.517534
2005-11-01,jupiter,-4.722282,-2.711872
2005-12-01,jupiter,-4.608399,-2.895395
2006-01-01,jupiter,-4.482723,-3.080005
2006-02-01,jupiter,-4.349121,-3.259169
2006-03-01,jupiter,-4.221819,-3.416039
2006-04-01,jupiter,-4.07375,-3.583933
2006-05-01,jupiter,-3.923549,-3.740336
2006-06-01,jupiter,-3.76145,-3.895378
2006-07-01,jupiter,-3.598162,-4.038776
2006-08-01,jupiter,-3.423071,-4.179809
2006-09-01,jupiter,-3.241806,-4.313301
2006-10-01,jupiter,-3.060797,-4.435052
2006-11-01,jupiter,-2.868283,-4.552926
2006-12-01,jupiter,-2.67699,-4.659086
2007-01-01,jupiter,-2.474496,-4.760377
2007-02-01,jupiter,-2.267444,-4.852898
2007-03-01,jupiter,-2.076812,-4.928751
2007-04-01,jupiter,-1.862092,-5.004003
2007-05-01,jupiter,-1.650981,-5.067924
2007-06-01,jupiter,-1.429786,-5.124606
2007-07-01,jupiter,-1.21315,-5.170244
2007-08-01,jupiter,-0.987031,-5.20774
2007-09-01,jupiter,-0.759027,-5.235286
2007-10-01,jupiter,-0.536984,-5.252365
2007-11-01,jupiter,-0.306523,-5.260023
2007-12-01,jupiter,-0.082924,-5.257694
2008-01-01,jupiter,0.148282,-5.245165
2008-02-01,jupiter,0.379197,-5.222306
2008-03-01,jupiter,0.594543,-5.191553
2008-04-01,jupiter,0.823583,-5.148661
2008-05-01,jupiter,1.043667,-5.097313
2008-06-01,jupiter,1.269007,-5.034125
2008-07-01,jupiter,1.484627,-4.963229
2008-08-01,jupiter,1.70444,-4.879977
2008-09-01,jupiter,1.920743,-4.786674
2008-10-01,jupiter,2.126281,-4.686928
2008-11-01,jupiter,2.3343,-4.574236
2008-12-01,jupiter,2.530945,-4.456028
2009-01-01,jupiter,2.728877,-4.324614
2009-02-01,jupiter,2.921004,-4.183999
2009-03-01,jupiter,3.089174,-4.049284
2009-04-01,jupiter,3.269021,-3.891847
2009-05-01,jupiter,3.436326,-3.731457
2009-06-01,jupiter,3.601837,-3.557722
2009-07-01,jupiter,3.754496,-3.382162
2009-08-01,jupiter,3.904097,-3.193417
2009-09-01,jupiter,4.045043,-2.997593
2009-10-01,jupiter,4.172863,-2.801719
2009-11-01,jupiter,4.295744,-2.593145
2009-12-01,jupiter,4.405456,-2.385736
2010-01-01,jupiter,4.509019,-2.166108
2010-02-01,jupiter,4.602338,-1.941557
2010-03-01,jupiter,4.677606,-1.734915
2010-04-01,jupiter,4.750736,-1.502365
2010-05-01,jupiter,4.811111,-1.274023
2010-06-01,jupiter,4.862577,-1.035181
2010-07-01,jupiter,4.901669,-0.801757
2010-08-01,jupiter,4.93087,-0.558726
2010-09-01,jupiter,4.948597,-0.314393
2010-10-01,jupiter,4.954762,-0.077237
2010-11-01,jupiter,4.949739,0.167997
2010-12-01,jupiter,4.933846,0.404952
2011-01-01,jupiter,4.906045,0.648867
2011-02-01,jupiter,4.866732,0.89126
2011-03-01,jupiter,4.821399,1.108414
2011-04-01,jupiter,4.760435,1.346341
2011-05-01,jupiter,4.690791,1.573588
2011-06-01,jupiter,4.60799,1.804771
2011-07-01,jupiter,4.517562,2.024469
2011-08-01,jupiter,4.413703,2.246817
2011-09-01,jupiter,4.29951,2.463906
2011-10-01,jupiter,4.17943,2.668514
2011-11-01,jupiter,4.045757,2.873813
2011-12-01,jupiter,3.907427,3.066127
2012-01-01,jupiter,3.755566,3.257844
2012-02-01,jupiter,3.59501,3.442021
2012-03-01,jupiter,3.437296,3.607133
2012-04-01,jupiter,3.261064,3.775597
2012-05-01,jupiter,3.083398,3.930395
2012-06-01,jupiter,2.892892,4.081524
2012-07-01,jupiter,2.702268,4.218952
2012-08-01,jupiter,2.49928,4.351567
2012-09-01,jupiter,2.290664,4.474384
2012-10-01,jupiter,2.083888,4.583699
2012-11-01,jupiter,1.865654,4.686602
2012-12-01,jupiter,1.650518,4.776296
2013-01-01,jupiter,1.424635,4.858616
2013-02-01,jupiter,1.19563,4.930284
2013-03-01,jupiter,0.986532,4.985783
2013-04-01,jupiter,0.753014,5.036943
2013-05-01,jupiter,0.525479,5.07612
2013-06-01,jupiter,0.289258,5.10591
2013-07-01,jupiter,0.060068,5.124396
2013-08-01,jupiter,-0.176881,5.132837
2013-09-01,jupiter,-0.413458,5.130496
2013-10-01,jupiter,-0.641585,5.118036
2013-11-01,jupiter,-0.876001,5.09472
2013-12-01,jupiter,-1.10114,5.062162
2014-01-01,jupiter,-1.331561,5.018326
2014-02-01,jupiter,-1.559273,4.964288
2014-03-01,jupiter,-1.762252,4.906855
2014-04-01,jupiter,-1.983598,4.833901
2014-05-01,jupiter,-2.194038,4.754117
2014-06-01,jupiter,-2.407209,4.662404
2014-07-01,jupiter,-2.608991,4.564905
2014-08-01,jupiter,-2.81247,4.455368
2014-09-01,jupiter,-3.010476,4.337165
2014-10-01,jupiter,-3.196555,4.214789
2014-11-01,jupiter,-3.382787,4.080367
2014-12-01,jupiter,-3.55686,3.942856
2015-01-01,jupiter,-3.730082,3.793396
2015-02-01,jupiter,-3.896255,3.63677
2015-03-01,jupiter,-4.040062,3.489419
2015-04-01,jupiter,-4.192079,3.320084
2015-05-01,jupiter,-4.331769,3.150329
2015-06-01,jupiter,-4.468223,2.969183
2015-07-01,jupiter,-4.59244,2.788669
2015-08-01,jupiter,-4.712509,2.597112
2015-09-01,jupiter,-4.823975,2.400815
2015-10-01,jupiter,-4.923496,2.206692
2015-11-01,jupiter,-5.017561,2.002171
2015-12-01,jupiter,-5.099976,1.800807
2016-01-01,jupiter,-5.176117,1.58955
2016-02-01,jupiter,-5.242986,1.375447
2016-03-01,jupiter,-5.297067,1.172927
2016-04-01,jupiter,-5.345749,0.954427
2016-05-01,jupiter,-5.383822,0.741358
2016-06-01,jupiter,-5.413779,0.519899
2016-07-01,jupiter,-5.43366,0.304705
2016-08-01,jupiter,-5.444773,0.081813
2016-09-01,jupiter,-5.446298,-0.141223
2016-10-01,jupiter,-5.438655,-0.356832
2016-11-01,jupiter,-5.421361,-0.579008
2016-12-01,jupiter,-5.395569,-0.793053
2017-01-01,jupiter,-5.359612,-1.012863
2017-02-01,jupiter,-5.314264,-1.230898
2017-03-01,jupiter,-5.2653,-1.425991
2017-04-01,jupiter,-5.202316,-1.6396
2017-05-01,jupiter,-5.132685,-1.843587
2017-06-01,jupiter,-5.051881,-2.051192
2017-07-01,jupiter,-4.965244,-2.248678
2017-08-01,jupiter,-4.867142,-2.448861
2017-09-01,jupiter,-4.760483,-2.644739
2017-10-01,jupiter,-4.649282,-2.82987
2017-11-01,jupiter,-4.526308,-3.01626
2017-12-01,jupiter,-4.399682,-3.191566
2018-01-01,jupiter,-4.261171,-3.367154
2018-02-01,jupiter,-4.115093,-3.536765
2018-03-01,jupiter,-3.976848,-3.684561
2018-04-01,jupiter,-3.817043,-3.841926
2018-05-01,jupiter,-3.655881,-3.987669
2018-06-01,jupiter,-3.482888,-4.131221
2018-07-01,jupiter,-3.309492,-4.263056
2018-08-01,jupiter,-3.124426,-4.391694
2018-09-01,jupiter,-2.933682,-4.512355
2018-10-01,jupiter,-2.74399,-4.621289
2018-11-01,jupiter,-2.543029,-4.725521
2018-12-01,jupiter,-2.344089,-4.818112
2019-01-01,jupiter,-2.134255,-4.905022
2019-02-01,jupiter,-1.920452,-4.982816
2019-03-01,jupiter,-1.724243,-5.045086
2019-04-01,jupiter,-1.503942,-5.105011
2019-05-01,jupiter,-1.288039,-5.15383
2019-06-01,jupiter,-1.062537,-5.194653
2019-07-01,jupiter,-0.842372,-5.22472
2019-08-01,jupiter,-0.61328,-5.24592
2019-09-01,jupiter,-0.383002,-5.25699
2019-10-01,jupiter,-0.159438,-5.257977
2019-11-01,jupiter,0.071881,-5.248885
2019-12-01,jupiter,0.29561,-5.230256
2020-01-01,jupiter,0.526216,-5.200819
2020-02-01,jupiter,0.755776,-5.161023
2020-03-01,jupiter,0.969163,-5.114424
2020-04-01,jupiter,1.195365,-5.054628
2020-05-01,jupiter,1.411965,-4.986987
2020-06-01,jupiter,1.63294,-4.907064
2020-07-01,jupiter,1.843594,-4.820106
2020-08-01,jupiter,2.05751,-4.720433
2020-09-01,jupiter,2.267137,-4.610923
2020-10-01,jupiter,2.465479,-4.495734
2020-11-01,jupiter,2.665307,-4.367372
2020-12-01,jupiter,2.853302,-4.234315
2021-01-01,jupiter,3.041558,-4.087921
2021-02-01,jupiter,3.223272,-3.932735
2021-03-01,jupiter,3.381416,-3.785245
2021-04-01,jupiter,3.549489,-3.614125
2021-05-01,jupiter,3.704748,-3.440992
2021-06-01,jupiter,3.857155,-3.254642
2021-07-01,jupiter,3.996521,-3.067442
2021-08-01,jupiter,4.131781,-2.867295
2021-09-01,jupiter,4.257801,-2.660738
2021-10-01,jupiter,4.370647,-2.455147
2021-11-01,jupiter,4.477542,-2.237257
2021-12-01,jupiter,4.571322,-2.021561
2022-01-01,jupiter,4.657981,-1.794153
2022-02-01,jupiter,4.733989,-1.562644
2022-03-01,jupiter,4.793306,-1.350444
2022-04-01,jupiter,4.84847,-1.112568
2022-05-01,jupiter,4.891191,-0.879915
2022-06-01,jupiter,4.924186,-0.63751
2022-07-01,jupiter,4.945227,-0.401511
2022-08-01,jupiter,4.955641,-0.156735
2022-09-01,jupiter,4.954496,0.088405
2022-10-01,jupiter,4.942364,0.325444
2022-11-01,jupiter,4.918451,0.569626
2022-12-01,jupiter,4.884341,0.804665
2023-01-01,jupiter,4.837831,1.045674
2023-02-01,jupiter,4.779979,1.284229
2023-03-01,jupiter,4.718088,1.497123
2023-04-01,jupiter,4.639047,1.729468
2023-05-01,jupiter,4.552206,1.950465
2023-06-01,jupiter,4.451991,2.174329
2023-07-01,jupiter,4.345098,2.386135
2023-08-01,jupiter,4.224668,2.599516
2023-09-01,jupiter,4.094398,2.806839
2023-10-01,jupiter,3.959266,3.001266
2023-11-01,jupiter,3.810603,3.195322
2023-12-01,jupiter,3.658343,3.376088
2024-01-01,jupiter,3.492718,3.555217
2024-02-01,jupiter,3.319069,3.726179
2024-03-01,jupiter,3.14974,3.878398
2024-04-01,jupiter,2.961792,4.032548
2024-05-01,jupiter,2.773499,4.173012
2024-06-01,jupiter,2.572767,4.308872
2024-07-01,jupiter,2.372993,4.43112
2024-08-01,jupiter,2.161336,4.547677
2024-09-01,jupiter,1.944863,4.654101
2024-10-01,jupiter,1.731264,4.747273
2024-11-01,jupiter,1.506794,4.833252
2024-12-01,jupiter,1.286415,4.90637
2025-01-01,jupiter,1.055935,4.971401
2025-02-01,jupiter,0.823166,5.025659
2025-03-01,jupiter,0.611384,5.065364
2025-04-01,jupiter,0.375679,5.098996
2025-05-01,jupiter,0.14681,5.121209
2025-06-01,jupiter,-0.08999,5.133503
2025-07-01,jupiter,-0.318977,5.135124
2025-08-01,jupiter,-0.554939,5.126246
2025-09-01,jupiter,-0.789751,5.106728
2025-10-01,jupiter,-1.015444,5.077812
2025-11-01,jupiter,-1.24661,5.037695
2025-12-01,jupiter,-1.467909,4.989107
2026-01-01,jupiter,-1.693661,4.92897
2026-02-01,jupiter,-1.916012,4.858925
2026-03-01,jupiter,-2.113569,4.787313
2026-04-01,jupiter,-2.32829,4.698989
2026-05-01,jupiter,-2.531716,4.604684
2026-06-01,jupiter,-2.737038,4.498353
2026-07-01,jupiter,-2.930663,4.387101
2026-08-01,jupiter,-3.125155,4.26378
2026-09-01,jupiter,-3.31363,4.132246
2026-10-01,jupiter,-3.48999,3.997417
2026-11-01,jupiter,-3.66569,3.850608
2026-12-01,jupiter,-3.829119,3.701588
2027-01-01,jupiter,-3.9909,3.540744
2027-02-01,jupiter,-4.145205,3.373264
2027-03-01,jupiter,-4.277946,3.216577
2027-04-01,jupiter,-4.417351,3.037433
2027-05-01,jupiter,-4.544496,2.858721
2027-06-01,jupiter,-4.667661,2.668884
2027-07-01,jupiter,-4.778722,2.480516
2027-08-01,jupiter,-4.884916,2.281422
2027-09-01,jupiter,-4.982245,2.078186
2027-10-01,jupiter,-5.067859,1.877922
2027-11-01,jupiter,-5.147344,1.667655
2027-12-01,jupiter,-5.215465,1.461315
2028-01-01,jupiter,-5.276673,1.245526
2028-02-01,jupiter,-5.328463,1.027512
2028-03-01,jupiter,-5.368328,0.821898
2028-04-01,jupiter,-5.401718,0.600699
2028-05-01,jupiter,-5.42492,0.385616
2028-06-01,jupiter,-5.439459,0.162696
2028-07-01,jupiter,-5.44439,-0.053311
2028-08-01,jupiter,-5.440046,-0.276424
2028-09-01,jupiter,-5.426129,-0.499051
2028-10-01,jupiter,-5.40358,-0.713666
2028-11-01,jupiter,-5.370941,-0.934198
2028-12-01,jupiter,-5.330378,-1.14606
2029-01-01,jupiter,-5.279261,-1.363002
2029-02-01,jupiter,-5.21888,-1.577553
2029-03-01,jupiter,-5.156468,-1.768972
2029-04-01,jupiter,-5.078758,-1.977934
2029-05-01,jupiter,-4.995059,-2.176851
2029-06-01,jupiter,-4.899931,-2.378629
2029-07-01,jupiter,-4.799658,-2.569915
2029-08-01,jupiter,-4.687721,-2.763117
2029-09-01,jupiter,-4.56751,-2.951441
2029-10-01,jupiter,-4.443482,-3.128723
2029-11-01,jupiter,-4.307575,-3.306455
2029-12-01,jupiter,-4.168764,-3.472864
2030-01-01,jupiter,-4.018025,-3.638732
2030-02-01,jupiter,-3.860111,-3.7981
2030-03-01,jupiter,-3.711529,-3.936206
2030-04-01,jupiter,-3.540691,-4.08237
2030-05-01,jupiter,-3.369284,-4.216814
2030-06-01,jupiter,-3.18617,-4.348229
2030-07-01,jupiter,-3.003451,-4.467888
2030-08-01,jupiter,-2.809258,-4.583517
2030-09-01,jupiter,-2.609921,-4.690752
2030-10-01,jupiter,-2.412441,-4.786314
2030-11-01,jupiter,-2.203997,-4.876356
2030-12-01,jupiter,-1.998379,-4.954875
2031-01-01,jupiter,-1.782244,-5.026912
2031-02-01,jupiter,-1.562767,-5.089521
2031-03-01,jupiter,-1.361988,-5.137827
2031-04-01,jupiter,-1.137254,-5.182039
2031-05-01,jupiter,-0.917704,-5.215423
2031-06-01,jupiter,-0.689112,-5.240086
2031-07-01,jupiter,-0.466626,-5.254338
2031-08-01,jupiter,-0.23584,-5.259041
2031-09-01,jupiter,-0.004596,-5.253486
2031-10-01,jupiter,0.2192,-5.238293
2031-11-01,jupiter,0.450023,-5.212417
2031-12-01,jupiter,0.672553,-5.177514
2032-01-01,jupiter,0.90117,-5.131263
2032-02-01,jupiter,1.127971,-5.074686
2032-03-01,jupiter,1.33808,-5.012453
2032-04-01,jupiter,1.560029,-4.936045
2032-05-01,jupiter,1.771775,-4.852462
2032-06-01,jupiter,1.986974,-4.75624
2032-07-01,jupiter,2.191304,-4.653713
2032-08-01,jupiter,2.397932,-4.538199
2032-09-01,jupiter,2.599513,-4.413137
2032-10-01,jupiter,2.789354,-4.28321
2032-11-01,jupiter,2.97967,-4.139979
2032-12-01,jupiter,3.157769,-3.992916
2033-01-01,jupiter,3.335099,-3.832484
2033-02-01,jupiter,3.505193,-3.663738
2033-03-01,jupiter,3.652263,-3.504443
2033-04-01,jupiter,3.807454,-3.320777
2033-05-01,jupiter,3.949646,-3.136059
2033-06-01,jupiter,4.087957,-2.938348
2033-07-01,jupiter,4.213133,-2.740775
2033-08-01,jupiter,4.333194,-2.530581
2033-09-01,jupiter,4.443501,-2.314694
2033-10-01,jupiter,4.540687,-2.100783
2033-11-01,jupiter,4.630965,-1.875054
2033-12-01,jupiter,4.708279,-1.652532
2034-01-01,jupiter,4.777567,-1.418877
2034-02-01,jupiter,4.83588,-1.181964
2034-03-01,jupiter,4.878976,-0.965622
2034-04-01,jupiter,4.915954,-0.723994
2034-05-01,jupiter,4.940894,-0.488557
2034-06-01,jupiter,4.955373,-0.244163
2034-07-01,jupiter,4.9584,-0.007105
2034-08-01,jupiter,4.950151,0.237866
2034-09-01,jupiter,4.93034,0.48228
2034-10-01,jupiter,4.900189,0.717743
2034-11-01,jupiter,4.85775,0.959396
2034-12-01,jupiter,4.805846,1.19112
2035-01-01,jupiter,4.741138,1.427818
2035-02-01,jupiter,4.665326,1.661173
2035-03-01,jupiter,4.587457,1.868618
2035-04-01,jupiter,4.491038,2.094113
2035-05-01,jupiter,4.387734,2.307681
2035-06-01,jupiter,4.270914,2.523064
2035-07-01,jupiter,4.148384,2.725909
2035-08-01,jupiter,4.012283,2.929275
2035-09-01,jupiter,3.866874,3.125847
2035-10-01,jupiter,3.717633,3.309198
2035-11-01,jupiter,3.554982,3.491146
2035-12-01,jupiter,3.38979,3.659586
2036-01-01,jupiter,3.211451,3.825387
2036-02-01,jupiter,3.025779,3.982455
2036-03-01,jupiter,2.845847,4.121199
2036-04-01,jupiter,2.647277,4.260473
2036-05-01,jupiter,2.449424,4.386113
2036-06-01,jupiter,2.23957,4.506254
2036-07-01,jupiter,2.031717,4.612942
2036-08-01,jupiter,1.812497,4.713099
2036-09-01,jupiter,1.58927,4.80284
2036-10-01,jupiter,1.36991,4.879636
2036-11-01,jupiter,1.140295,4.948496
2036-12-01,jupiter,0.91572,5.004896
2037-01-01,jupiter,0.681715,5.052534
2037-02-01,jupiter,0.446244,5.08932
2037-03-01,jupiter,0.232726,5.113208
2037-04-01,jupiter,-0.004126,5.129326
2037-05-01,jupiter,-0.233336,5.134623
2037-06-01,jupiter,-0.469702,5.129506
2037-07-01,jupiter,-0.697519,5.114379
2037-08-01,jupiter,-0.931506,5.088333
2037-09-01,jupiter,-1.163579,5.051822
2037-10-01,jupiter,-1.385909,5.006659
2037-11-01,jupiter,-1.612878,4.949989
2037-12-01,jupiter,-1.829434,4.885636
2038-01-01,jupiter,-2.049597,4.809502
2038-02-01,jupiter,-2.265678,4.723786
2038-03-01,jupiter,-2.457006,4.63832
2038-04-01,jupiter,-2.66422,4.535016
2038-05-01,jupiter,-2.859793,4.426595
2038-06-01,jupiter,-3.056411,4.306092
2038-07-01,jupiter,-3.241065,4.181547
2038-08-01,jupiter,-3.425744,4.044946
2038-09-01,jupiter,-3.603878,3.900615
2038-10-01,jupiter,-3.76975,3.75388
2038-11-01,jupiter,-3.93414,3.595276
2038-12-01,jupiter,-4.086189,3.435349
2039-01-01,jupiter,-4.235785,3.263773
2039-02-01,jupiter,-4.3775,3.086124
2039-03-01,jupiter,-4.49854,2.920744
2039-04-01,jupiter,-4.624651,2.732531
2039-05-01,jupiter,-4.738614,2.545611
2039-06-01,jupiter,-4.847853,2.347886
2039-07-01,jupiter,-4.945171,2.152466
2039-08-01,jupiter,-5.03691,1.946698
2039-09-01,jupiter,-5.119552,1.737413
2039-10-01,jupiter,-5.190757,1.531898
2039-11-01,jupiter,-5.255174,1.316834
2039-12-01,jupiter,-5.308566,1.106461
2040-01-01,jupiter,-5.354423,0.887139
2040-02-01,jupiter,-5.390758,0.666239
2040-03-01,jupiter,-5.416092,0.458514
2040-04-01,jupiter,-5.433893,0.235686
2040-05-01,jupiter,-5.441979,0.019647
2040-06-01,jupiter,-5.440891,-0.203624
2040-07-01,jupiter,-5.430713,-0.419353
2040-08-01,jupiter,-5.410798,-0.641543
2040-09-01,jupiter,-5.381376,-0.862605
2040-10-01,jupiter,-5.343905,-1.075096
2040-11-01,jupiter,-5.295959,-1.292809
2040-12-01,jupiter,-5.240711,-1.501342
2041-01-01,jupiter,-5.174578,-1.71423
2041-02-01,jupiter,-5.099365,-1.924107
2041-03-01,jupiter,-5.023732,-2.11078
2041-04-01,jupiter,-4.931602,-2.313912
2041-05-01,jupiter,-4.834186,-2.50662
2041-06-01,jupiter,-4.725152,-2.701405
2041-07-01,jupiter,-4.611703,-2.885374
2041-08-01,jupiter,-4.486464,-3.070458
2041-09-01,jupiter,-4.353287,-3.250108
2041-10-01,jupiter,-4.217057,-3.418479
2041-11-01,jupiter,-4.068915,-3.58648
2041-12-01,jupiter,-3.918648,-3.742979
2042-01-01,jupiter,-3.756488,-3.898111
2042-02-01,jupiter,-3.587596,-4.046256
2042-03-01,jupiter,-3.429497,-4.173817
2042-04-01,jupiter,-3.248583,-4.307872
2042-05-01,jupiter,-3.067902,-4.430179
2042-06-01,jupiter,-2.875718,-4.548637
2042-07-01,jupiter,-2.684734,-4.655372
2042-08-01,jupiter,-2.482549,-4.757268
2042-09-01,jupiter,-2.275795,-4.850406
2042-10-01,jupiter,-2.071701,-4.932
2042-11-01,jupiter,-1.857021,-5.007295
2042-12-01,jupiter,-1.645962,-5.071259
2043-01-01,jupiter,-1.424833,-5.127987
2043-02-01,jupiter,-1.201016,-5.175038
2043-03-01,jupiter,-0.99689,-5.209099
2043-04-01,jupiter,-0.769098,-5.237352
2043-05-01,jupiter,-0.547245,-5.255129
2043-06-01,jupiter,-0.316965,-5.263523
2043-07-01,jupiter,-0.093523,-5.261921
2043-08-01,jupiter,0.13754,-5.250158
2043-09-01,jupiter,0.368333,-5.228082
2043-10-01,jupiter,0.590992,-5.196879
2043-11-01,jupiter,0.81991,-5.154467
2043-12-01,jupiter,1.039886,-5.1036
2044-01-01,jupiter,1.265129,-5.040925
2044-02-01,jupiter,1.487806,-4.968031
2044-03-01,jupiter,1.693378,-4.890662
2044-04-01,jupiter,1.909754,-4.798244
2044-05-01,jupiter,2.115397,-4.699366
2044-06-01,jupiter,2.323563,-4.587581
2044-07-01,jupiter,2.520389,-4.47026
2044-08-01,jupiter,2.71855,-4.33977
2044-09-01,jupiter,2.910951,-4.200084
2044-10-01,jupiter,3.09124,-4.056374
2044-11-01,jupiter,3.27101,-3.899315
2044-12-01,jupiter,3.438264,-3.739308
2045-01-01,jupiter,3.603746,-3.565983
2045-02-01,jupiter,3.76136,-3.384873
2045-03-01,jupiter,3.896632,-3.21489
2045-04-01,jupiter,4.038204,-3.019955
2045-05-01,jupiter,4.166681,-2.824924
2045-06-01,jupiter,4.290296,-2.617198
2045-07-01,jupiter,4.400771,-2.410582
2045-08-01,jupiter,4.505178,-2.191744
2045-09-01,jupiter,4.599394,-1.967948
2045-10-01,jupiter,4.680624,-1.747109
2045-11-01,jupiter,4.754057,-1.514993
2045-12-01,jupiter,4.81476,-1.287056
2046-01-01,jupiter,4.8666,-1.048617
2046-02-01,jupiter,4.907223,-0.807761
2046-03-01,jupiter,4.934166,-0.588593
2046-04-01,jupiter,4.95311,-0.34466
2046-05-01,jupiter,4.960487,-0.107828
2046-06-01,jupiter,4.956746,0.137139
2046-07-01,jupiter,4.942119,0.373906
2046-08-01,jupiter,4.915647,0.6177
2046-09-01,jupiter,4.877681,0.86005
2046-10-01,jupiter,4.830068,1.092671
2046-11-01,jupiter,4.769743,1.330524
2046-12-01,jupiter,4.700726,1.557742
2047-01-01,jupiter,4.618581,1.78894
2047-02-01,jupiter,4.525627,2.015951
2047-03-01,jupiter,4.432565,2.216955
2047-04-01,jupiter,4.319686,2.434551
2047-05-01,jupiter,4.200852,2.639725
2047-06-01,jupiter,4.068435,2.845686
2047-07-01,jupiter,3.931286,3.03871
2047-08-01,jupiter,3.780601,3.231233
2047-09-01,jupiter,3.621175,3.416284
2047-10-01,jupiter,3.458941,3.587871
2047-11-01,jupiter,3.283483,3.757061
2047-12-01,jupiter,3.106524,3.912607
2048-01-01,jupiter,2.916698,4.064552
2048-02-01,jupiter,2.720247,4.207262
2048-03-01,jupiter,2.530891,4.332154
2048-04-01,jupiter,2.32297,4.456212
2048-05-01,jupiter,2.116794,4.566758
2048-06-01,jupiter,1.899106,4.670963
2048-07-01,jupiter,1.684422,4.761939
2048-08-01,jupiter,1.45893,4.845602
2048-09-01,jupiter,1.230236,4.918627
2048-10-01,jupiter,1.006358,4.979073
2048-11-01,jupiter,0.772874,5.0309
2048-12-01,jupiter,0.54533,5.07072
2049-01-01,jupiter,0.309056,5.101166
2049-02-01,jupiter,0.072124,5.120738
2049-03-01,jupiter,-0.142023,5.129091
2049-04-01,jupiter,-0.378814,5.12806
2049-05-01,jupiter,-0.607216,5.116843
2049-06-01,jupiter,-0.841983,5.094784
2049-07-01,jupiter,-1.067524,5.063411
2049-08-01,jupiter,-1.298422,5.020766
2049-09-01,jupiter,-1.52667,4.967878
2049-10-01,jupiter,-1.744613,4.907108
2049-11-01,jupiter,-1.966359,4.834591
2049-12-01,jupiter,-2.177209,4.755199
2050-01-01,jupiter,-2.390823,4.66386
2050-02-01,jupiter,-2.599712,4.563303
2050-03-01,jupiter,-2.784008,4.464769
2050-04-01,jupiter,-2.982865,4.347388
2050-05-01,jupiter,-3.169798,4.225757
2050-06-01,jupiter,-3.356941,4.092051
2050-07-01,jupiter,-3.531918,3.955181
2050-08-01,jupiter,-3.706097,3.806329
2050-09-01,jupiter,-3.873245,3.650257
2050-10-01,jupiter,-4.028048,3.492658
2050-11-01,jupiter,-4.18057,3.323361
2050-12-01,jupiter,-4.320744,3.153614
2051-01-01,jupiter,-4.45769,2.972447
2051-02-01,jupiter,-4.586395,2.785783
2051-03-01,jupiter,-4.695396,2.612767
2051-04-01,jupiter,-4.807881,2.416668
2051-05-01,jupiter,-4.908385,2.22269
2051-06-01,jupiter,-5.003461,2.018275
2051-07-01,jupiter,-5.086847,1.81697
2051-08-01,jupiter,-5.163983,1.605734
2051-09-01,jupiter,-5.231836,1.391609
2051-10-01,jupiter,-5.288575,1.182013
2051-11-01,jupiter,-5.33791,0.963356
2051-12-01,jupiter,-5.376599,0.750113
2052-01-01,jupiter,-5.407178,0.528453
2052-02-01,jupiter,-5.428171,0.305856
2052-03-01,jupiter,-5.439116,0.097121
2052-04-01,jupiter,-5.441521,-0.126169
2052-05-01,jupiter,-5.434713,-0.342049
2052-06-01,jupiter,-5.418265,-0.564529
2052-07-01,jupiter,-5.393274,-0.778893
2052-08-01,jupiter,-5.358127,-0.999052
2052-09-01,jupiter,-5.313572,-1.217459
2052-10-01,jupiter,-5.261574,-1.42679
2052-11-01,jupiter,-5.198759,-1.640633
2052-12-01,jupiter,-5.129281,-1.844841
2053-01-01,jupiter,-5.048629,-2.052666
2053-02-01,jupiter,-4.959108,-2.256886
2053-03-01,jupiter,-4.870752,-2.437944
2053-04-01,jupiter,-4.764777,-2.634307
2053-05-01,jupiter,-4.654225,-2.819921
2053-06-01,jupiter,-4.531908,-3.006823
2053-07-01,jupiter,-4.405907,-3.182638
2053-08-01,jupiter,-4.268028,-3.358764
2053-09-01,jupiter,-4.122572,-3.528927
2053-10-01,jupiter,-3.974819,-3.687624
2053-11-01,jupiter,-3.815164,-3.845133
2053-12-01,jupiter,-3.654155,-3.991012
2054-01-01,jupiter,-3.481326,-4.134699
2054-02-01,jupiter,-3.302226,-4.270938
2054-03-01,jupiter,-3.135317,-4.387362
2054-04-01,jupiter,-2.945121,-4.508676
2054-05-01,jupiter,-2.755949,-4.618259
2054-06-01,jupiter,-2.555515,-4.72318
2054-07-01,jupiter,-2.357073,-4.816456
2054-08-01,jupiter,-2.14774,-4.904092
2054-09-01,jupiter,-1.934425,-4.982634
2054-10-01,jupiter,-1.724556,-5.049802
2054-11-01,jupiter,-1.504517,-5.109901
2054-12-01,jupiter,-1.288876,-5.158901
2055-01-01,jupiter,-1.063651,-5.199925
2055-02-01,jupiter,-0.836403,-5.23105
2055-03-01,jupiter,-0.629759,-5.250557
2055-04-01,jupiter,-0.399836,-5.262535
2055-05-01,jupiter,-0.17659,-5.264425
2055-06-01,jupiter,0.054431,-5.25629
2055-07-01,jupiter,0.277901,-5.238611
2055-08-01,jupiter,0.508275,-5.21018
2055-09-01,jupiter,0.737639,-5.171412
2055-10-01,jupiter,0.958205,-5.124062
2055-11-01,jupiter,1.184223,-5.065005
2055-12-01,jupiter,1.400673,-4.998099
2056-01-01,jupiter,1.621527,-4.918957
2056-02-01,jupiter,1.839058,-4.829739
2056-03-01,jupiter,2.039129,-4.73726
2056-04-01,jupiter,2.248894,-4.628896
2056-05-01,jupiter,2.447425,-4.514824
2056-06-01,jupiter,2.647508,-4.387619
2056-07-01,jupiter,2.83581,-4.255682
2056-08-01,jupiter,3.024447,-4.110443
2056-09-01,jupiter,3.206608,-3.956404
2056-10-01,jupiter,3.376319,-3.799218
2056-11-01,jupiter,3.544484,-3.628697
2056-12-01,jupiter,3.699873,-3.456143
2057-01-01,jupiter,3.852457,-3.270389
2057-02-01,jupiter,3.996548,-3.077427
2057-03-01,jupiter,4.119091,-2.897265
2057-04-01,jupiter,4.246024,-2.691674
2057-05-01,jupiter,4.359815,-2.486975
2057-06-01,jupiter,4.467749,-2.269954
2057-07-01,jupiter,4.562592,-2.055047
2057-08-01,jupiter,4.650406,-1.828392
2057-09-01,jupiter,4.727621,-1.597572
2057-10-01,jupiter,4.792049,-1.370711
2057-11-01,jupiter,4.847796,-1.133198
2057-12-01,jupiter,4.891112,-0.900855
2058-01-01,jupiter,4.924749,-0.658725
2058-02-01,jupiter,4.946972,-0.415068
2058-03-01,jupiter,4.957166,-0.194146
2058-04-01,jupiter,4.957468,0.050859
2058-05-01,jupiter,4.94675,0.287855
2058-06-01,jupiter,4.924303,0.532082
2058-07-01,jupiter,4.891612,0.767253
2058-08-01,jupiter,4.846562,1.00849
2058-09-01,jupiter,4.790156,1.247365
2058-10-01,jupiter,4.724879,1.475757
2058-11-01,jupiter,4.646534,1.708355
2058-12-01,jupiter,4.560348,1.929645
2059-01-01,jupiter,4.460788,2.153863
2059-02-01,jupiter,4.350796,2.373045
2059-03-01,jupiter,4.242706,2.566267
2059-04-01,jupiter,4.11363,2.774483
2059-05-01,jupiter,3.979599,2.969841
2059-06-01,jupiter,3.832012,3.164923
2059-07-01,jupiter,3.680731,3.346739
2059-08-01,jupiter,3.51605,3.527009
2059-09-01,jupiter,3.343274,3.699162
2059-10-01,jupiter,3.168764,3.857688
2059-11-01,jupiter,2.981317,4.012822
2059-12-01,jupiter,2.79345,4.154259
2060-01-01,jupiter,2.593095,4.291145
2060-02-01,jupiter,2.386888,4.418351
2060-03-01,jupiter,2.189121,4.528372
2060-04-01,jupiter,1.97299,4.636183
2060-05-01,jupiter,1.759647,4.730704
2060-06-01,jupiter,1.535368,4.81808
2060-07-01,jupiter,1.315101,4.892548
2060-08-01,jupiter,1.084666,4.958968
2060-09-01,jupiter,0.851871,5.014604
2060-10-01,jupiter,0.624825,5.058125
2060-11-01,jupiter,0.388895,5.092403
2060-12-01,jupiter,0.159778,5.115221
2061-01-01,jupiter,-0.077306,5.128119
2061-02-01,jupiter,-0.314228,5.130202
2061-03-01,jupiter,-0.52767,5.122841
2061-04-01,jupiter,-0.762921,5.104541
2061-05-01,jupiter,-0.989086,5.076772
2061-06-01,jupiter,-1.220785,5.037807
2061-07-01,jupiter,-1.44264,4.990299
2061-08-01,jupiter,-1.669006,4.931243
2061-09-01,jupiter,-1.892006,4.862243
2061-10-01,jupiter,-2.104208,4.786191
2061-11-01,jupiter,-2.319358,4.698231
2061-12-01,jupiter,-2.523204,4.604257
2062-01-01,jupiter,-2.72896,4.498247
2062-02-01,jupiter,-2.929385,4.383449
2062-03-01,jupiter,-3.105534,4.272437
2062-04-01,jupiter,-3.29484,4.141689
2062-05-01,jupiter,-3.472021,4.007586
2062-06-01,jupiter,-3.648584,3.861491
2062-07-01,jupiter,-3.812863,3.713129
2062-08-01,jupiter,-3.975534,3.552929
2062-09-01,jupiter,-4.130742,3.38606
2062-10-01,jupiter,-4.273601,3.218551
2062-11-01,jupiter,-4.413407,3.039579
2062-12-01,jupiter,-4.540936,2.861026
2063-01-01,jupiter,-4.664492,2.671345
2063-02-01,jupiter,-4.779503,2.476772
2063-03-01,jupiter,-4.875895,2.297135
2063-04-01,jupiter,-4.974179,2.094292
2063-05-01,jupiter,-5.060722,1.89438
2063-06-01,jupiter,-5.141171,1.684449
2063-07-01,jupiter,-5.210231,1.478405
2063-08-01,jupiter,-5.272411,1.262893
2063-09-01,jupiter,-5.325178,1.045127
2063-10-01,jupiter,-5.367218,0.832612
2063-11-01,jupiter,-5.401283,0.611563
2063-12-01,jupiter,-5.42514,0.39661
2064-01-01,jupiter,-5.440358,0.173808
2064-02-01,jupiter,-5.445979,-0.049299
2064-03-01,jupiter,-5.442554,-0.257941
2064-04-01,jupiter,-5.429631,-0.480523
2064-05-01,jupiter,-5.408044,-0.695125
2064-06-01,jupiter,-5.376401,-0.915674
2064-07-01,jupiter,-5.336801,-1.127583
2064-08-01,jupiter,-5.286678,-1.344606
2064-09-01,jupiter,-5.227291,-1.559271
2064-10-01,jupiter,-5.161096,-1.764413
2064-11-01,jupiter,-5.083794,-1.973344
2064-12-01,jupiter,-5.000494,-2.172243
2065-01-01,jupiter,-4.905783,-2.374015
2065-02-01,jupiter,-4.802451,-2.571614
2065-03-01,jupiter,-4.701852,-2.74621
2065-04-01,jupiter,-4.582596,-2.934896
2065-05-01,jupiter,-4.459484,-3.112566
2065-06-01,jupiter,-4.32451,-3.290737
2065-07-01,jupiter,-4.186589,-3.457609
2065-08-01,jupiter,-4.036755,-3.623994
2065-09-01,jupiter,-3.879728,-3.78392
2065-10-01,jupiter,-3.721161,-3.932251
2065-11-01,jupiter,-3.55075,-4.078586
2065-12-01,jupiter,-3.379751,-4.213217
2066-01-01,jupiter,-3.197052,-4.344848
2066-02-01,jupiter,-3.00856,-4.468604
2066-03-01,jupiter,-2.833595,-4.573401
2066-04-01,jupiter,-2.634968,-4.681467
2066-05-01,jupiter,-2.438141,-4.777869
2066-06-01,jupiter,-2.230337,-4.868817
2066-07-01,jupiter,-2.025299,-4.948246
2066-08-01,jupiter,-1.809722,-5.021258
2066-09-01,jupiter,-1.590759,-5.084875
2066-10-01,jupiter,-1.376007,-5.137333
2066-11-01,jupiter,-1.151541,-5.181979
2066-12-01,jupiter,-0.932226,-5.215802
2067-01-01,jupiter,-0.703852,-5.240935
2067-02-01,jupiter,-0.474124,-5.255984
2067-03-01,jupiter,-0.265827,-5.260833
2067-04-01,jupiter,-0.034734,-5.256455
2067-05-01,jupiter,0.188973,-5.242414
2067-06-01,jupiter,0.419766,-5.21774
2067-07-01,jupiter,0.642326,-5.184007
2067-08-01,jupiter,0.871038,-5.138969
2067-09-01,jupiter,1.097999,-5.083605
2067-10-01,jupiter,1.315529,-5.020238
2067-11-01,jupiter,1.537671,-4.944706
2067-12-01,jupiter,1.749652,-4.861963
2068-01-01,jupiter,1.965145,-4.766598
2068-02-01,jupiter,2.176558,-4.661339
2068-03-01,jupiter,2.370223,-4.554049
2068-04-01,jupiter,2.572413,-4.430099
2068-05-01,jupiter,2.762902,-4.301218
2068-06-01,jupiter,2.953948,-4.159034
2068-07-01,jupiter,3.13281,-4.012947
2068-08-01,jupiter,3.310984,-3.853481
2068-09-01,jupiter,3.481976,-3.685657
2068-10-01,jupiter,3.640223,-3.515584
2068-11-01,jupiter,3.79588,-3.332255
2068-12-01,jupiter,3.938543,-3.147832
2069-01-01,jupiter,4.077359,-2.950393
2069-02-01,jupiter,4.207078,-2.74637
2069-03-01,jupiter,4.316143,-2.556785
2069-04-01,jupiter,4.427632,-2.341419
2069-05-01,jupiter,4.525985,-2.127948
2069-06-01,jupiter,4.617491,-1.902606
2069-07-01,jupiter,4.69601,-1.680392
2069-08-01,jupiter,4.766555,-1.446985
2069-09-01,jupiter,4.826133,-1.210248
2069-10-01,jupiter,4.873183,-0.978481
2069-11-01,jupiter,4.910696,-0.736764
2069-12-01,jupiter,4.936142,-0.501208
2070-01-01,jupiter,4.951128,-0.256657
2070-02-01,jupiter,4.95456,-0.011506
2070-03-01,jupiter,4.947704,0.209961
2070-04-01,jupiter,4.929089,0.454673
2070-05-01,jupiter,4.900071,0.690482
2070-06-01,jupiter,4.858772,0.932553
2070-07-01,jupiter,4.807941,1.164737
2070-08-01,jupiter,4.744306,1.401964
2070-09-01,jupiter,4.669527,1.6359
2070-10-01,jupiter,4.586719,1.858639
2070-11-01,jupiter,4.490565,2.084508
2070-12-01,jupiter,4.387489,2.298445
2071-01-01,jupiter,4.270876,2.514217
2071-02-01,jupiter,4.144283,2.724115
2071-03-01,jupiter,4.021626,2.908254
2071-04-01,jupiter,3.876933,3.105671
2071-05-01,jupiter,3.728336,3.289862
2071-06-01,jupiter,3.566302,3.4727
2071-07-01,jupiter,3.401659,3.642019
2071-08-01,jupiter,3.223839,3.808742
2071-09-01,jupiter,3.038637,3.966745
2071-10-01,jupiter,2.852807,4.111043
2071-11-01,jupiter,2.654413,4.250963
2071-12-01,jupiter,2.456701,4.377224
2072-01-01,jupiter,2.246965,4.498002
2072-02-01,jupiter,2.0322,4.608712
2072-03-01,jupiter,1.827183,4.702991
2072-04-01,jupiter,1.60412,4.793687
2072-05-01,jupiter,1.384883,4.871403
2072-06-01,jupiter,1.155358,4.941208
2072-07-01,jupiter,0.930836,4.998516
2072-08-01,jupiter,0.696853,5.047085
2072-09-01,jupiter,0.46137,5.084795
2072-10-01,jupiter,0.23254,5.110936
2072-11-01,jupiter,-0.004398,5.127262
2072-12-01,jupiter,-0.233689,5.132753
2073-01-01,jupiter,-0.470134,5.127832
2073-02-01,jupiter,-0.705599,5.112223
2073-03-01,jupiter,-0.917034,5.089023
2073-04-01,jupiter,-1.14931,5.053373
2073-05-01,jupiter,-1.37186,5.009034
2073-06-01,jupiter,-1.59908,4.953207
2073-07-01,jupiter,-1.815901,4.88966
2073-08-01,jupiter,-2.036361,4.814351
2073-09-01,jupiter,-2.252762,4.72945
2073-10-01,jupiter,-2.45794,4.638372
2073-11-01,jupiter,-2.665194,4.535284
2073-12-01,jupiter,-2.860805,4.427078
2074-01-01,jupiter,-3.057461,4.306806
2074-02-01,jupiter,-3.248213,4.178218
2074-03-01,jupiter,-3.415152,4.055173
2074-04-01,jupiter,-3.593763,3.911587
2074-05-01,jupiter,-3.760118,3.765561
2074-06-01,jupiter,-3.92503,3.607677
2074-07-01,jupiter,-4.077607,3.448435
2074-08-01,jupiter,-4.227772,3.277552
2074-09-01,jupiter,-4.37008,3.10058
2074-10-01,jupiter,-4.500105,2.923856
2074-11-01,jupiter,-4.626313,2.735952
2074-12-01,jupiter,-4.740381,2.549335
2075-01-01,jupiter,-4.849742,2.351927
2075-02-01,jupiter,-4.950294,2.150249
2075-03-01,jupiter,-5.03342,1.964735
2075-04-01,jupiter,-5.116813,1.755987
2075-05-01,jupiter,-5.188765,1.550967
2075-06-01,jupiter,-5.253974,1.336386
2075-07-01,jupiter,-5.308152,1.126452
2075-08-01,jupiter,-5.35484,0.907554
2075-09-01,jupiter,-5.392023,0.687046
2075-10-01,jupiter,-5.418917,0.47249
2075-11-01,jupiter,-5.437288,0.249965
2075-12-01,jupiter,-5.445937,0.034196
2076-01-01,jupiter,-5.445443,-0.18882
2076-02-01,jupiter,-5.435377,-0.411504
2076-03-01,jupiter,-5.417321,-0.619175
2076-04-01,jupiter,-5.388826,-0.840108
2076-05-01,jupiter,-5.352257,-1.052517
2076-06-01,jupiter,-5.305244,-1.270188
2076-07-01,jupiter,-5.250899,-1.478723
2076-08-01,jupiter,-5.185696,-1.691657
2076-09-01,jupiter,-5.111407,-1.901628
2076-10-01,jupiter,-5.030982,-2.101656
2076-11-01,jupiter,-4.939193,-2.304721
2076-12-01,jupiter,-4.842106,-2.497386
2077-01-01,jupiter,-4.733407,-2.692151
2077-02-01,jupiter,-4.616372,-2.882175
2077-03-01,jupiter,-4.503656,-3.04945
2077-04-01,jupiter,-4.371296,-3.229509
2077-05-01,jupiter,-4.235829,-3.398317
2077-06-01,jupiter,-4.088448,-3.566813
2077-07-01,jupiter,-3.938887,-3.723831
2077-08-01,jupiter,-3.777422,-3.879539
2077-09-01,jupiter,-3.609189,-4.028298
2077-10-01,jupiter,-3.440201,-4.165368
2077-11-01,jupiter,-3.259476,-4.299613
2077-12-01,jupiter,-3.078957,-4.422117
2078-01-01,jupiter,-2.886915,-4.540794
2078-02-01,jupiter,-2.6896,-4.651182
2078-03-01,jupiter,-2.50713,-4.743562
2078-04-01,jupiter,-2.300724,-4.83752
2078-05-01,jupiter,-2.096917,-4.919927
2078-06-01,jupiter,-1.882482,-4.996077
2078-07-01,jupiter,-1.671607,-5.060881
2078-08-01,jupiter,-1.450615,-5.118487
2078-09-01,jupiter,-1.226881,-5.166423
2078-10-01,jupiter,-1.008138,-5.203468
2078-11-01,jupiter,-0.780211,-5.231964
2078-12-01,jupiter,-0.558202,-5.249966
2079-01-01,jupiter,-0.327734,-5.258582
2079-02-01,jupiter,-0.096626,-5.256967
2079-03-01,jupiter,0.112292,-5.246665
2079-04-01,jupiter,0.343372,-5.225428
2079-05-01,jupiter,0.566357,-5.195017
2079-06-01,jupiter,0.795659,-5.153402
2079-07-01,jupiter,1.01605,-5.103282
2079-08-01,jupiter,1.241765,-5.04135
2079-09-01,jupiter,1.464956,-4.969169
2079-10-01,jupiter,1.678098,-4.889632
2079-11-01,jupiter,1.894941,-4.797536
2079-12-01,jupiter,2.101053,-4.698939
2080-01-01,jupiter,2.309717,-4.587411
2080-02-01,jupiter,2.513532,-4.466248
2080-03-01,jupiter,2.699396,-4.344351
2080-04-01,jupiter,2.892514,-4.205112
2080-05-01,jupiter,3.073513,-4.061794
2080-06-01,jupiter,3.25403,-3.905098
2080-07-01,jupiter,3.422016,-3.7454
2080-08-01,jupiter,3.588262,-3.572353
2080-09-01,jupiter,3.746643,-3.391478
2080-10-01,jupiter,3.892056,-3.209317
2080-11-01,jupiter,4.033826,-3.014092
2080-12-01,jupiter,4.162468,-2.818767
2081-01-01,jupiter,4.286226,-2.610728
2081-02-01,jupiter,4.400338,-2.396816
2081-03-01,jupiter,4.494863,-2.198936
2081-04-01,jupiter,4.589797,-1.97512
2081-05-01,jupiter,4.671709,-1.754234
2081-06-01,jupiter,4.745828,-1.522042
2081-07-01,jupiter,4.807178,-1.294007
2081-08-01,jupiter,4.859669,-1.055445
2081-09-01,jupiter,4.900923,-0.814444
2081-10-01,jupiter,4.930026,-0.579416
2081-11-01,jupiter,4.948823,-0.335236
2081-12-01,jupiter,4.956034,-0.098186
2082-01-01,jupiter,4.952103,0.146982
2082-02-01,jupiter,4.936593,0.391805
2082-03-01,jupiter,4.91265,0.61216
2082-04-01,jupiter,4.875188,0.85474
2082-05-01,jupiter,4.82805,1.08759
2082-06-01,jupiter,4.7682,1.325684
2082-07-01,jupiter,4.699632,1.55314
2082-08-01,jupiter,4.61794,1.784587
2082-09-01,jupiter,4.525428,2.01185
2082-10-01,jupiter,4.425813,2.227302
2082-11-01,jupiter,4.312703,2.444805
2082-12-01,jupiter,4.193657,2.649864
2083-01-01,jupiter,4.061037,2.855678
2083-02-01,jupiter,3.918981,3.054855
2083-03-01,jupiter,3.782857,3.228682
2083-04-01,jupiter,3.623839,3.414017
2083-05-01,jupiter,3.461997,3.585886
2083-06-01,jupiter,3.286944,3.755377
2083-07-01,jupiter,3.110375,3.911223
2083-08-01,jupiter,2.920952,4.06349
2083-09-01,jupiter,2.724901,4.206536
2083-10-01,jupiter,2.52931,4.335921
2083-11-01,jupiter,2.321609,4.460024
2083-12-01,jupiter,2.115658,4.570624
2084-01-01,jupiter,1.898213,4.674897
2084-02-01,jupiter,1.676565,4.768817
2084-03-01,jupiter,1.465864,4.847172
2084-04-01,jupiter,1.237536,4.920653
2084-05-01,jupiter,1.014001,4.981562
2084-06-01,jupiter,0.780861,5.033887
2084-07-01,jupiter,0.553635,5.07421
2084-08-01,jupiter,0.317675,5.105197
2084-09-01,jupiter,0.081038,5.125331
2084-10-01,jupiter,-0.148134,5.134507
2084-11-01,jupiter,-0.384634,5.133385
2084-12-01,jupiter,-0.612748,5.122103
2085-01-01,jupiter,-0.847213,5.100002
2085-02-01,jupiter,-1.079934,5.067399
2085-03-01,jupiter,-1.288249,5.029037
2085-04-01,jupiter,-1.516378,4.976837
2085-05-01,jupiter,-1.734238,4.916745
2085-06-01,jupiter,-1.95593,4.844939
2085-07-01,jupiter,-2.166763,4.766244
2085-08-01,jupiter,-2.380394,4.675632
2085-09-01,jupiter,-2.589339,4.575807
2085-10-01,jupiter,-2.786722,4.47067
2085-11-01,jupiter,-2.985348,4.353471
2085-12-01,jupiter,-3.172073,4.23203
2086-01-01,jupiter,-3.35902,4.098536
2086-02-01,jupiter,-3.539546,3.957205
2086-03-01,jupiter,-3.696829,3.823075
2086-04-01,jupiter,-3.864302,3.667701
2086-05-01,jupiter,-4.019456,3.510765
2086-06-01,jupiter,-4.17238,3.342135
2086-07-01,jupiter,-4.312978,3.173014
2086-08-01,jupiter,-4.450398,2.992472
2086-09-01,jupiter,-4.579613,2.80641
2086-10-01,jupiter,-4.696658,2.621439
2086-11-01,jupiter,-4.809158,2.42559
2086-12-01,jupiter,-4.909697,2.231849
2087-01-01,jupiter,-5.004828,2.02767
2087-02-01,jupiter,-5.09092,1.819827
2087-03-01,jupiter,-5.160808,1.62927
2087-04-01,jupiter,-5.229371,1.415524
2087-05-01,jupiter,-5.286817,1.206256
2087-06-01,jupiter,-5.336901,0.987898
2087-07-01,jupiter,-5.376332,0.774905
2087-08-01,jupiter,-5.407692,0.553461
2087-09-01,jupiter,-5.429477,0.331036
2087-10-01,jupiter,-5.441425,0.115223
2087-11-01,jupiter,-5.444329,-0.107981
2087-12-01,jupiter,-5.438009,-0.323809
2088-01-01,jupiter,-5.422067,-0.546268
2088-02-01,jupiter,-5.396598,-0.767769
2088-03-01,jupiter,-5.364192,-0.973768
2088-04-01,jupiter,-5.320442,-1.192313
2088-05-01,jupiter,-5.269214,-1.401821
2088-06-01,jupiter,-5.207185,-1.61589
2088-07-01,jupiter,-5.138455,-1.820359
2088-08-01,jupiter,-5.058559,-2.028495
2088-09-01,jupiter,-4.969777,-2.233069
2088-10-01,jupiter,-4.875537,-2.427309
2088-11-01,jupiter,-4.769711,-2.623816
2088-12-01,jupiter,-4.659291,-2.809583
2089-01-01,jupiter,-4.537097,-2.996657
2089-02-01,jupiter,-4.406875,-3.178429
2089-03-01,jupiter,-4.282532,-3.337776
2089-04-01,jupiter,-4.137633,-3.50854
2089-05-01,jupiter,-3.990386,-3.667848
2089-06-01,jupiter,-3.831219,-3.826014
2089-07-01,jupiter,-3.670647,-3.972553
2089-08-01,jupiter,-3.498233,-4.116946
2089-09-01,jupiter,-3.319508,-4.25391
2089-10-01,jupiter,-3.140822,-4.379124
2089-11-01,jupiter,-2.950566,-4.500676
2089-12-01,jupiter,-2.761317,-4.610487
2090-01-01,jupiter,-2.560783,-4.71564
2090-02-01,jupiter,-2.355535,-4.812108
2090-03-01,jupiter,-2.166394,-4.891594
2090-04-01,jupiter,-1.95317,-4.970939
2090-05-01,jupiter,-1.743348,-5.038886
2090-06-01,jupiter,-1.523317,-5.099789
2090-07-01,jupiter,-1.307644,-5.149564
2090-08-01,jupiter,-1.082346,-5.191383
2090-09-01,jupiter,-0.854985,-5.223296
2090-10-01,jupiter,-0.633392,-5.244635
2090-11-01,jupiter,-0.403216,-5.256723
2090-12-01,jupiter,-0.179717,-5.258703
2091-01-01,jupiter,0.051571,-5.25064
2091-02-01,jupiter,0.282756,-5.232257
2091-03-01,jupiter,0.491099,-5.206757
2091-04-01,jupiter,0.720819,-5.168668
2091-05-01,jupiter,0.941757,-5.121954
2091-06-01,jupiter,1.168187,-5.063531
2091-07-01,jupiter,1.38506,-4.997214
2091-08-01,jupiter,1.606374,-4.918656
2091-09-01,jupiter,1.824387,-4.829994
2091-10-01,jupiter,2.031779,-4.734685
2091-11-01,jupiter,2.241918,-4.626508
2091-12-01,jupiter,2.440813,-4.512596
2092-01-01,jupiter,2.641271,-4.385536
2092-02-01,jupiter,2.836126,-4.249177
2092-03-01,jupiter,3.01294,-4.113403
2092-04-01,jupiter,3.195679,-3.959728
2092-05-01,jupiter,3.365956,-3.802868
2092-06-01,jupiter,3.534711,-3.632658
2092-07-01,jupiter,3.690673,-3.460379
2092-08-01,jupiter,3.843852,-3.274885
2092-09-01,jupiter,3.98854,-3.082158
2092-10-01,jupiter,4.12013,-2.889128
2092-11-01,jupiter,4.247055,-2.683325
2092-12-01,jupiter,4.360817,-2.478426
2093-01-01,jupiter,4.468699,-2.261208
2093-02-01,jupiter,4.566464,-2.038873
2093-03-01,jupiter,4.645851,-1.834057
2093-04-01,jupiter,4.723648,-1.603329
2093-05-01,jupiter,4.788635,-1.376544
2093-06-01,jupiter,4.844956,-1.139092
2093-07-01,jupiter,4.888823,-0.906793
2093-08-01,jupiter,4.923026,-0.664695
2093-09-01,jupiter,4.945813,-0.421056
2093-10-01,jupiter,4.956918,-0.184338
2093-11-01,jupiter,4.957032,0.060685
2093-12-01,jupiter,4.94613,0.297676
2094-01-01,jupiter,4.923493,0.541876
2094-02-01,jupiter,4.889338,0.784808
2094-03-01,jupiter,4.848647,1.002666
2094-04-01,jupiter,4.792792,1.241615
2094-05-01,jupiter,4.728048,1.470093
2094-06-01,jupiter,4.650251,1.702793
2094-07-01,jupiter,4.564598,1.924197
2094-08-01,jupiter,4.465586,2.148548
2094-09-01,jupiter,4.356141,2.367879
2094-10-01,jupiter,4.240548,2.574882
2094-11-01,jupiter,4.111388,2.782881
2094-12-01,jupiter,3.977294,2.978018
2095-01-01,jupiter,3.829662,3.172864
2095-02-01,jupiter,3.673174,3.360375
2095-03-01,jupiter,3.524541,3.523093
2095-04-01,jupiter,3.352288,3.69553
2095-05-01,jupiter,3.178276,3.854352
2095-06-01,jupiter,2.991333,4.009814
2095-07-01,jupiter,2.803944,4.15159
2095-08-01,jupiter,2.60407,4.288848
2095-09-01,jupiter,2.398329,4.416447
2095-10-01,jupiter,2.1941,4.530508
2095-11-01,jupiter,1.978252,4.638426
2095-12-01,jupiter,1.765179,4.733065
2096-01-01,jupiter,1.541174,4.820578
2096-02-01,jupiter,1.313783,4.897508
2096-03-01,jupiter,1.098455,4.959799
2096-04-01,jupiter,0.865977,5.015964
2096-05-01,jupiter,0.639211,5.060011
2096-06-01,jupiter,0.403541,5.094845
2096-07-01,jupiter,0.174646,5.118212
2096-08-01,jupiter,-0.062239,5.131687
2096-09-01,jupiter,-0.298996,5.134354
2096-10-01,jupiter,-0.527527,5.126704
2096-11-01,jupiter,-0.762593,5.108311
2096-12-01,jupiter,-0.988584,5.080461
2097-01-01,jupiter,-1.220108,5.04142
2097-02-01,jupiter,-1.449145,4.992094
2097-03-01,jupiter,-1.653506,4.938839
2097-04-01,jupiter,-1.876582,4.870414
2097-05-01,jupiter,-2.088891,4.794909
2097-06-01,jupiter,-2.304184,4.707501
2097-07-01,jupiter,-2.508201,4.614048
2097-08-01,jupiter,-2.714167,4.50856
2097-09-01,jupiter,-2.914832,4.394264
2097-10-01,jupiter,-3.103643,4.27553
2097-11-01,jupiter,-3.29285,4.14472
2097-12-01,jupiter,-3.469944,4.010554
2098-01-01,jupiter,-3.646423,3.864388
2098-02-01,jupiter,-3.815986,3.710889
2098-03-01,jupiter,-3.962958,3.566215
2098-04-01,jupiter,-4.118588,3.399677
2098-05-01,jupiter,-4.261874,3.23246
2098-06-01,jupiter,-4.40214,3.053758
2098-07-01,jupiter,-4.530129,2.875437
2098-08-01,jupiter,-4.654174,2.685965
2098-09-01,jupiter,-4.769686,2.491567
2098-10-01,jupiter,-4.873184,2.299105
2098-11-01,jupiter,-4.971413,2.096118
2098-12-01,jupiter,-5.057901,1.89606
2099-01-01,jupiter,-5.138291,1.68597
2099-02-01,jupiter,-5.20944,1.472848
2099-03-01,jupiter,-5.265681,1.27807
2099-04-01,jupiter,-5.318988,1.060261
2099-05-01,jupiter,-5.361549,0.847675
2099-06-01,jupiter,-5.39615,0.626524
2099-07-01,jupiter,-5.420522,0.411445
2099-08-01,jupiter,-5.436268,0.188485
2099-09-01,jupiter,-5.442411,-0.034808
2099-10-01,jupiter,-5.439216,-0.250843
2099-11-01,jupiter,-5.426492,-0.473639
2099-12-01,jupiter,-5.405089,-0.688459
2100-01-01,jupiter,-5.373628,-0.909244
2100-02-01,jupiter,-5.332731,-1.128432
2100-03-01,jupiter,-5.287744,-1.324715
2100-04-01,jupiter,-5.22911,-1.539804
2100-05-01,jupiter,-5.163628,-1.745384
2100-06-01,jupiter,-5.087048,-1.954797
2100-07-01,jupiter,-5.00443,-2.154189
2100-08-01,jupiter,-4.910406,-2.356497
2100-09-01,jupiter,-4.807744,-2.554657
2100-10-01,jupiter,-4.700328,-2.742143
2100-11-01,jupiter,-4.581177,-2.931114
2100-12-01,jupiter,-4.45816,-3.10906
1900-01-01,saturn,-0.366495,-10.058783
1900-02-01,saturn,-0.203009,-10.064406
1900-03-01,saturn,-0.055292,-10.06706
1900-04-01,saturn,0.108267,-10.067315
1900-05-01,saturn,0.266523,-10.064877
1900-06-01,saturn,0.429981,-10.059583
1900-07-01,saturn,0.588054,-10.051777
1900-08-01,saturn,0.751234,-10.040939
1900-09-01,saturn,0.914205,-10.027289
1900-10-01,saturn,1.071677,-10.011403
1900-11-01,saturn,1.234102,-9.992227
1900-12-01,saturn,1.39096,-9.971002
1901-01-01,saturn,1.552663,-9.94632
1901-02-01,saturn,1.713931,-9.918847
1901-03-01,saturn,1.859181,-9.891641
1901-04-01,saturn,2.019496,-9.858878
1901-05-01,saturn,2.174101,-9.824536
1901-06-01,saturn,2.333258,-9.786334
1901-07-01,saturn,2.486657,-9.746745
1901-08-01,saturn,2.644481,-9.70314
1901-09-01,saturn,2.801562,-9.656805
1901-10-01,saturn,2.952824,-9.609376
1901-11-01,saturn,3.10831,-9.557702
1901-12-01,saturn,3.257945,-9.505129
1902-01-01,saturn,3.411664,-9.448166
1902-02-01,saturn,3.564419,-9.388534
1902-03-01,saturn,3.701526,-9.332393
1902-04-01,saturn,3.852325,-9.267726
1902-05-01,saturn,3.997221,-9.202647
1902-06-01,saturn,4.145831,-9.132833
1902-07-01,saturn,4.288528,-9.062806
1902-08-01,saturn,4.434782,-8.987913
1902-09-01,saturn,4.579775,-8.910466
1902-10-01,saturn,4.718849,-8.833104
1902-11-01,saturn,4.861235,-8.750688
1902-12-01,saturn,4.997708,-8.668555
1903-01-01,saturn,5.137323,-8.58125
1903-02-01,saturn,5.275469,-8.491492
1903-03-01,saturn,5.398948,-8.408331
1903-04-01,saturn,5.534181,-8.313969
1903-05-01,saturn,5.663538,-8.220379
1903-06-01,saturn,5.795604,-8.121346
1903-07-01,saturn,5.92182,-8.023283
1903-08-01,saturn,6.050561,-7.919677
1903-09-01,saturn,6.177554,-7.813786
1903-10-01,saturn,6.298748,-7.709161
1903-11-01,saturn,6.422184,-7.598854
1903-12-01,saturn,6.539864,-7.490008
1904-01-01,saturn,6.659594,-7.375394
1904-02-01,saturn,6.777383,-7.258635
1904-03-01,saturn,6.885783,-7.147495
1904-04-01,saturn,6.999709,-7.026672
1904-05-01,saturn,7.108008,-6.907791
1904-06-01,saturn,7.217864,-6.782958
1904-07-01,saturn,7.322156,-6.660257
1904-08-01,saturn,7.427802,-6.53154
1904-09-01,saturn,7.531255,-6.400901
1904-10-01,saturn,7.62925,-6.272679
1904-11-01,saturn,7.728287,-6.138358
1904-12-01,saturn,7.821944,-6.00664
1905-01-01,saturn,7.916432,-5.868779
1905-02-01,saturn,8.00856,-5.729173
1905-03-01,saturn,8.089715,-5.601609
1905-04-01,saturn,8.17726,-5.458789
1905-05-01,saturn,8.259643,-5.319021
1905-06-01,saturn,8.342329,-5.173026
1905-07-01,saturn,8.419952,-5.030262
1905-08-01,saturn,8.497659,-4.881249
1905-09-01,saturn,8.572793,-4.730765
1905-10-01,saturn,8.643025,-4.583774
1905-11-01,saturn,8.71301,-4.430518
1905-12-01,saturn,8.778207,-4.280924
1906-01-01,saturn,8.842936,-4.125063
1906-02-01,saturn,8.904955,-3.967945
1906-03-01,saturn,8.95862,-3.824989
1906-04-01,saturn,9.015409,-3.665603
1906-05-01,saturn,9.067716,-3.510287
1906-06-01,saturn,9.119004,-3.348732
1906-07-01,saturn,9.165943,-3.191406
1906-08-01,saturn,9.21164,-3.027867
1906-09-01,saturn,9.254463,-2.86339
1906-10-01,saturn,9.293149,-2.703373
1906-11-01,saturn,9.330257,-2.537196
1906-12-01,saturn,9.363374,-2.375627
1907-01-01,saturn,9.394691,-2.207943
1907-02-01,saturn,9.423037,-2.03957
1907-03-01,saturn,9.446072,-1.88694
1907-04-01,saturn,9.468718,-1.717395
1907-05-01,saturn,9.487761,-1.552806
1907-06-01,saturn,9.504455,-1.38225
1907-07-01,saturn,9.51771,-1.216782
1907-08-01,saturn,9.528398,-1.045422
1907-09-01,saturn,9.536014,-0.873733
1907-10-01,saturn,9.540451,-0.707321
1907-11-01,saturn,9.541994,-0.535145
1907-12-01,saturn,9.540534,-0.368365
1908-01-01,saturn,9.535966,-0.195916
1908-02-01,saturn,9.528281,-0.023411
1908-03-01,saturn,9.518264,0.137965
1908-04-01,saturn,9.504528,0.310417
1908-05-01,saturn,9.488253,0.477201
1908-06-01,saturn,9.468348,0.649382
1908-07-01,saturn,9.446097,0.815795
1908-08-01,saturn,9.420013,0.98748
1908-09-01,saturn,9.390789,1.158828
1908-10-01,saturn,9.359516,1.324272
1908-11-01,saturn,9.324113,1.494786
1908-12-01,saturn,9.286866,1.659313
1909-01-01,saturn,9.245295,1.828765
1909-02-01,saturn,9.200596,1.997591
1909-03-01,saturn,9.157539,2.149491
1909-04-01,saturn,9.106905,2.316961
1909-05-01,saturn,9.054945,2.478269
1909-06-01,saturn,8.998206,2.644112
1909-07-01,saturn,8.940357,2.803735
1909-08-01,saturn,8.877553,2.967721
1909-09-01,saturn,8.811685,3.130676
1909-10-01,saturn,8.745039,3.287337
1909-11-01,saturn,8.673186,3.448089
1909-12-01,saturn,8.600776,3.602508
1910-01-01,saturn,8.522999,3.76083
1910-02-01,saturn,8.44224,3.917828
1910-03-01,saturn,8.366749,4.058448
1910-04-01,saturn,8.280369,4.212768
1910-05-01,saturn,8.193994,4.360689
1910-06-01,saturn,8.101889,4.512016
1910-07-01,saturn,8.010017,4.656934
1910-08-01,saturn,7.912281,4.805046
1910-09-01,saturn,7.811723,4.95144
1910-10-01,saturn,7.711749,5.091421
1910-11-01,saturn,7.605723,5.234267
1910-12-01,saturn,7.500514,5.37071
1911-01-01,saturn,7.389139,5.509792
1911-02-01,saturn,7.275095,5.646879
1911-03-01,saturn,7.169821,5.76894
1911-04-01,saturn,7.050792,5.902082
1911-05-01,saturn,6.933159,6.02888
1911-06-01,saturn,6.809117,6.157738
1911-07-01,saturn,6.686705,6.280293
1911-08-01,saturn,6.557801,6.404665
1911-09-01,saturn,6.426487,6.526682
1911-10-01,saturn,6.297155,6.642473
1911-11-01,saturn,6.161226,6.75971
1911-12-01,saturn,6.02751,6.870783
1912-01-01,saturn,5.887139,6.983051
1912-02-01,saturn,5.74458,7.092724
1912-03-01,saturn,5.60928,7.192932
1912-04-01,saturn,5.462624,7.297452
1912-05-01,saturn,5.318754,7.396004
1912-06-01,saturn,5.168127,7.495116
1912-07-01,saturn,5.020511,7.588354
1912-08-01,saturn,4.866116,7.681893
1912-09-01,saturn,4.709886,7.77254
1912-10-01,saturn,4.557002,7.857472
1912-11-01,saturn,4.397325,7.942314
1912-12-01,saturn,4.241211,8.021558
1913-01-01,saturn,4.078309,8.100452
1913-02-01,saturn,3.913854,8.176271
1913-03-01,saturn,3.764031,8.242082
1913-04-01,saturn,3.596789,8.311958
1913-05-01,saturn,3.433632,8.376563
1913-06-01,saturn,3.263743,8.440176
1913-07-01,saturn,3.098141,8.498665
1913-08-01,saturn,2.925848,8.555904
1913-09-01,saturn,2.752428,8.609865
1913-10-01,saturn,2.583592,8.658941
1913-11-01,saturn,2.408146,8.706381
1913-12-01,saturn,2.237473,8.749105
1914-01-01,saturn,2.060257,8.789941
1914-02-01,saturn,1.882242,8.827391
1914-03-01,saturn,1.720823,8.858293
1914-04-01,saturn,1.541473,8.889254
1914-05-01,saturn,1.367335,8.915948
1914-06-01,saturn,1.186867,8.940144
1914-07-01,saturn,1.011776,8.960268
1914-08-01,saturn,0.830457,8.977654
1914-09-01,saturn,0.648809,8.991565
1914-10-01,saturn,0.472774,9.001713
1914-11-01,saturn,0.290684,9.008768
1914-12-01,saturn,0.114352,9.012272
1915-01-01,saturn,-0.067907,9.012456
1915-02-01,saturn,-0.250148,9.009146
1915-03-01,saturn,-0.414679,9.003154
1915-04-01,saturn,-0.59669,8.993197
1915-05-01,saturn,-0.772618,8.980241
1915-06-01,saturn,-0.954123,8.963426
1915-07-01,saturn,-1.129429,8.943843
1915-08-01,saturn,-1.310156,8.920196
1915-09-01,saturn,-1.490383,8.893091
1915-10-01,saturn,-1.664255,8.863577
1915-11-01,saturn,-1.843296,8.829701
1915-12-01,saturn,-2.015891,8.793662
1916-01-01,saturn,-2.193479,8.753071
1916-02-01,saturn,-2.370226,8.709092
1916-03-01,saturn,-2.53475,8.664901
1916-04-01,saturn,-2.70968,8.614421
1916-05-01,saturn,-2.877979,8.562401
1916-06-01,saturn,-3.050802,8.505394
1916-07-01,saturn,-3.21694,8.447103
1916-08-01,saturn,-3.387404,8.383665
1916-09-01,saturn,-3.556572,8.316998
1916-10-01,saturn,-3.71899,8.249435
1916-11-01,saturn,-3.885423,8.176501
1916-12-01,saturn,-4.045077,8.10293
1917-01-01,saturn,-4.208534,8.02385
1917-02-01,saturn,-4.370388,7.941695
1917-03-01,saturn,-4.515152,7.864878
1917-04-01,saturn,-4.67379,7.776972
1917-05-01,saturn,-4.825622,7.689075
1917-06-01,saturn,-4.980714,7.595365
1917-07-01,saturn,-5.129007,7.501925
1917-08-01,saturn,-5.280335,7.402565
1917-09-01,saturn,-5.429667,7.300397
1917-10-01,saturn,-5.572234,7.19889
1917-11-01,saturn,-5.717487,7.091321
1917-12-01,saturn,-5.856008,6.984672
1918-01-01,saturn,-5.996984,6.871878
1918-02-01,saturn,-6.135712,6.756498
1918-03-01,saturn,-6.259043,6.650101
1918-04-01,saturn,-6.393362,6.529933
1918-05-01,saturn,-6.521079,6.411313
1918-06-01,saturn,-6.650666,6.286384
1918-07-01,saturn,-6.77372,6.163253
1918-08-01,saturn,-6.898406,6.033761
1918-09-01,saturn,-7.02054,5.90203
1918-10-01,saturn,-7.136267,5.772465
1918-11-01,saturn,-7.253264,5.636482
1918-12-01,saturn,-7.363948,5.502905
1919-01-01,saturn,-7.475664,5.362882
1919-02-01,saturn,-7.584644,5.22089
1919-03-01,saturn,-7.680697,5.090994
1919-04-01,saturn,-7.784378,4.945409
1919-05-01,saturn,-7.882019,4.802803
1919-06-01,saturn,-7.980102,4.653724
1919-07-01,saturn,-8.072272,4.507845
1919-08-01,saturn,-8.164647,4.355497
1919-09-01,saturn,-8.254081,4.201576
1919-10-01,saturn,-8.337808,4.051177
1919-11-01,saturn,-8.421387,3.894333
1919-12-01,saturn,-8.499404,3.741218
1920-01-01,saturn,-8.577039,3.581683
1920-02-01,saturn,-8.651626,3.42087
1920-03-01,saturn,-8.718623,3.269329
1920-04-01,saturn,-8.787255,3.106215
1920-05-01,saturn,-8.850722,2.947316
1920-06-01,saturn,-8.91324,2.782096
1920-07-01,saturn,-8.970764,2.621273
1920-08-01,saturn,-9.027117,2.454184
1920-09-01,saturn,-9.080319,2.286235
1920-10-01,saturn,-9.128796,2.122944
1920-11-01,saturn,-9.175771,1.953482
1920-12-01,saturn,-9.218208,1.788839
1921-01-01,saturn,-9.258929,1.6181
1921-02-01,saturn,-9.296463,1.446801
1921-03-01,saturn,-9.327623,1.291649
1921-04-01,saturn,-9.359083,1.119453
1921-05-01,saturn,-9.386487,0.952446
1921-06-01,saturn,-9.411661,0.779551
1921-07-01,saturn,-9.432983,0.611981
1921-08-01,saturn,-9.451874,0.438619
1921-09-01,saturn,-9.467577,0.265109
1921-10-01,saturn,-9.47974,0.097109
1921-11-01,saturn,-9.489181,-0.076523
1921-12-01,saturn,-9.495294,-0.244531
1922-01-01,saturn,-9.498496,-0.418059
1922-02-01,saturn,-9.498539,-0.591448
1922-03-01,saturn,-9.495871,-0.747891
1922-04-01,saturn,-9.48993,-0.920859
1922-05-01,saturn,-9.481201,-1.087959
1922-06-01,saturn,-9.469114,-1.260276
1922-07-01,saturn,-9.454462,-1.426641
1922-08-01,saturn,-9.436282,-1.598092
1922-09-01,saturn,-9.415026,-1.769021
1922-10-01,saturn,-9.391543,-1.933889
1922-11-01,saturn,-9.364284,-2.103634
1922-12-01,saturn,-9.335023,-2.267256
1923-01-01,saturn,-9.301829,-2.435612
1923-02-01,saturn,-9.265646,-2.603183
1923-03-01,saturn,-9.230414,-2.753821
1923-04-01,saturn,-9.188603,-2.919759
1923-05-01,saturn,-9.145353,-3.079456
1923-06-01,saturn,-9.097804,-3.243512
1923-07-01,saturn,-9.049045,-3.401295
1923-08-01,saturn,-8.995849,-3.563277
1923-09-01,saturn,-8.93982,-3.724135
1923-10-01,saturn,-8.882925,-3.878687
1923-11-01,saturn,-8.821397,-4.037191
1923-12-01,saturn,-8.759231,-4.189379
1924-01-01,saturn,-8.692308,-4.345352
1924-02-01,saturn,-8.622686,-4.499971
1924-03-01,saturn,-8.555136,-4.64335
1924-04-01,saturn,-8.480372,-4.795222
1924-05-01,saturn,-8.40553,-4.940785
1924-06-01,saturn,-8.325654,-5.0897
1924-07-01,saturn,-8.245924,-5.232322
1924-08-01,saturn,-8.161056,-5.378118
1924-09-01,saturn,-8.073701,-5.522268
1924-10-01,saturn,-7.986826,-5.660163
1924-11-01,saturn,-7.894671,-5.800959
1924-12-01,saturn,-7.803215,-5.935536
1925-01-01,saturn,-7.706395,-6.072829
1925-02-01,saturn,-7.607254,-6.208286
1925-03-01,saturn,-7.515743,-6.329027
1925-04-01,saturn,-7.412286,-6.46089
1925-05-01,saturn,-7.310057,-6.586654
1925-06-01,saturn,-7.202276,-6.714668
1925-07-01,saturn,-7.095932,-6.836643
1925-08-01,saturn,-6.983972,-6.960677
1925-09-01,saturn,-6.869944,-7.082641
1925-10-01,saturn,-6.757662,-7.198669
1925-11-01,saturn,-6.639679,-7.316466
1925-12-01,saturn,-6.523642,-7.428405
1926-01-01,saturn,-6.401854,-7.541919
1926-02-01,saturn,-6.278193,-7.653212
1926-03-01,saturn,-6.16492,-7.751804
1926-04-01,saturn,-6.037803,-7.858795
1926-05-01,saturn,-5.913113,-7.960145
1926-06-01,saturn,-5.782578,-8.062586
1926-07-01,saturn,-5.654658,-8.159485
1926-08-01,saturn,-5.520866,-8.257277
1926-09-01,saturn,-5.38548,-8.35267
1926-10-01,saturn,-5.252984,-8.44268
1926-11-01,saturn,-5.114586,-8.533286
1926-12-01,saturn,-4.979255,-8.618622
1927-01-01,saturn,-4.83801,-8.704356
1927-02-01,saturn,-4.695381,-8.787582
1927-03-01,saturn,-4.565402,-8.860583
1927-04-01,saturn,-4.420261,-8.938984
1927-05-01,saturn,-4.278603,-9.012415
1927-06-01,saturn,-4.131029,-9.085755
1927-07-01,saturn,-3.9871,-9.154257
1927-08-01,saturn,-3.837263,-9.222469
1927-09-01,saturn,-3.686342,-9.288053
1927-10-01,saturn,-3.539298,-9.349003
1927-11-01,saturn,-3.386373,-9.409368
1927-12-01,saturn,-3.237474,-9.465241
1928-01-01,saturn,-3.082717,-9.520334
1928-02-01,saturn,-2.927095,-9.572729
1928-03-01,saturn,-2.780771,-9.619291
1928-04-01,saturn,-2.623604,-9.666431
1928-05-01,saturn,-2.47081,-9.709449
1928-06-01,saturn,-2.312245,-9.751205
1928-07-01,saturn,-2.158182,-9.788996
1928-08-01,saturn,-1.998394,-9.825332
1928-09-01,saturn,-1.838052,-9.858902
1928-10-01,saturn,-1.682397,-9.888748
1928-11-01,saturn,-1.521096,-9.916854
1928-12-01,saturn,-1.364599,-9.9414
1929-01-01,saturn,-1.202517,-9.964018
1929-02-01,saturn,-1.040104,-9.98384
1929-03-01,saturn,-0.893163,-9.999337
1929-04-01,saturn,-0.730248,-10.013827
1929-05-01,saturn,-0.5724,-10.025178
1929-06-01,saturn,-0.40914,-10.034144
1929-07-01,saturn,-0.251043,-10.040145
1929-08-01,saturn,-0.087613,-10.043582
1929-09-01,saturn,0.075835,-10.044207
1929-10-01,saturn,0.233986,-10.042136
1929-11-01,saturn,0.397337,-10.037233
1929-12-01,saturn,0.555309,-10.029813
1930-01-01,saturn,0.718388,-10.019387
1930-02-01,saturn,0.881261,-10.006157
1930-03-01,saturn,1.028158,-9.991802
1930-04-01,saturn,1.190515,-9.973249
1930-05-01,saturn,1.347313,-9.952638
1930-06-01,saturn,1.508963,-9.928599
1930-07-01,saturn,1.664994,-9.902689
1930-08-01,saturn,1.825763,-9.873188
1930-09-01,saturn,1.986018,-9.840921
1930-10-01,saturn,2.140571,-9.80707
1930-11-01,saturn,2.299683,-9.769386
1930-12-01,saturn,2.453047,-9.730308
1931-01-01,saturn,2.610844,-9.687242
1931-02-01,saturn,2.767906,-9.641457
1931-03-01,saturn,2.9091,-9.597773
1931-04-01,saturn,3.064643,-9.546842
1931-05-01,saturn,3.214346,-9.494997
1931-06-01,saturn,3.36815,-9.438795
1931-07-01,saturn,3.516088,-9.381872
1931-08-01,saturn,3.667983,-9.32045
1931-09-01,saturn,3.818843,-9.256397
1931-10-01,saturn,3.963811,-9.19192
1931-11-01,saturn,4.11251,-9.122737
1931-12-01,saturn,4.255305,-9.053326
1932-01-01,saturn,4.401676,-8.979078
1932-02-01,saturn,4.546801,-8.902282
1932-03-01,saturn,4.681397,-8.82815
1932-04-01,saturn,4.823989,-8.746477
1932-05-01,saturn,4.960678,-8.665067
1932-06-01,saturn,5.100535,-8.578513
1932-07-01,saturn,5.234498,-8.492418
1932-08-01,saturn,5.371459,-8.401065
1932-09-01,saturn,5.506887,-8.307306
1932-10-01,saturn,5.636448,-8.214302
1932-11-01,saturn,5.768741,-8.115878
1932-12-01,saturn,5.895193,-8.018405
1933-01-01,saturn,6.024195,-7.915411
1933-02-01,saturn,6.151465,-7.810131
1933-03-01,saturn,6.264898,-7.713098
1933-04-01,saturn,6.388764,-7.603544
1933-05-01,saturn,6.506878,-7.495423
1933-06-01,saturn,6.627077,-7.381555
1933-07-01,saturn,6.74157,-7.269313
1933-08-01,saturn,6.857953,-7.151243
1933-09-01,saturn,6.972341,-7.031082
1933-10-01,saturn,7.081105,-6.912836
1933-11-01,saturn,7.19146,-6.788652
1933-12-01,saturn,7.296253,-6.666572
1934-01-01,saturn,7.402433,-6.53849
1934-02-01,saturn,7.506439,-6.408476
1934-03-01,saturn,7.598482,-6.289412
1934-04-01,saturn,7.698252,-6.155816
1934-05-01,saturn,7.792638,-6.024786
1934-06-01,saturn,7.887898,-5.887621
1934-07-01,saturn,7.977856,-5.753206
1934-08-01,saturn,8.068476,-5.612616
1934-09-01,saturn,8.156689,-5.47034
1934-10-01,saturn,8.239736,-5.331085
1934-11-01,saturn,8.32312,-5.185607
1934-12-01,saturn,8.401435,-5.043326
1935-01-01,saturn,8.47987,-4.894799
1935-02-01,saturn,8.555746,-4.744783
1935-03-01,saturn,8.622053,-4.608039
1935-04-01,saturn,8.692975,-4.455306
1935-05-01,saturn,8.759093,-4.306198
1935-06-01,saturn,8.824786,-4.150818
1935-07-01,saturn,8.885792,-3.999231
1935-08-01,saturn,8.94615,-3.841376
1935-09-01,saturn,9.00376,-3.682329
1935-10-01,saturn,9.056869,-3.527322
1935-11-01,saturn,9.108995,-3.366067
1935-12-01,saturn,9.156752,-3.209009
1936-01-01,saturn,9.203302,-3.045726
1936-02-01,saturn,9.246984,-2.881485
1936-03-01,saturn,9.285232,-2.727014
1936-04-01,saturn,9.323303,-2.561055
1936-05-01,saturn,9.357356,-2.399674
1936-06-01,saturn,9.389644,-2.232161
1936-07-01,saturn,9.418065,-2.06937
1936-08-01,saturn,9.444496,-1.9005
1936-09-01,saturn,9.467926,-1.731016
1936-10-01,saturn,9.487727,-1.566466
1936-11-01,saturn,9.505204,-1.395929
1936-12-01,saturn,9.519215,-1.230459
1937-01-01,saturn,9.530681,-1.059076
1937-02-01,saturn,9.539073,-0.887343
1937-03-01,saturn,9.544001,-0.731975
1937-04-01,saturn,9.54651,-0.559728
1937-05-01,saturn,9.545981,-0.392855
1937-06-01,saturn,9.542369,-0.220288
1937-07-01,saturn,9.5359,-0.05321
1937-08-01,saturn,9.526136,0.11946
1937-09-01,saturn,9.513234,0.292098
1937-10-01,saturn,9.497757,0.459083
1937-11-01,saturn,9.478669,0.63149
1937-12-01,saturn,9.457198,0.798143
1938-01-01,saturn,9.431911,0.970095
1938-02-01,saturn,9.403471,1.141729
1938-03-01,saturn,9.375073,1.296431
1938-04-01,saturn,9.340633,1.467297
1938-05-01,saturn,9.304306,1.632187
1938-06-01,saturn,9.263671,1.802034
1938-07-01,saturn,9.221355,1.965827
1938-08-01,saturn,9.174543,2.134426
1938-09-01,saturn,9.1246,2.302302
1938-10-01,saturn,9.073294,2.464017
1938-11-01,saturn,9.017215,2.630295
1938-12-01,saturn,8.959988,2.790352
1939-01-01,saturn,8.897812,2.9548
1939-02-01,saturn,8.832554,3.118229
1939-03-01,saturn,8.770976,3.264917
1939-04-01,saturn,8.699894,3.426242
1939-05-01,saturn,8.628213,3.581228
1939-06-01,saturn,8.551171,3.740149
1939-07-01,saturn,8.473755,3.892697
1939-08-01,saturn,8.390823,4.048984
1939-09-01,saturn,8.304929,4.203845
1939-10-01,saturn,8.219007,4.352296
1939-11-01,saturn,8.12735,4.504178
1939-12-01,saturn,8.035895,4.649636
1940-01-01,saturn,7.938571,4.798313
1940-02-01,saturn,7.838407,4.945274
1940-03-01,saturn,7.742158,5.081151
1940-04-01,saturn,7.636578,5.224631
1940-05-01,saturn,7.531782,5.361691
1940-06-01,saturn,7.420814,5.501413
1940-07-01,saturn,7.310866,5.634732
1940-08-01,saturn,7.194641,5.770482
1940-09-01,saturn,7.075796,5.904131
1940-10-01,saturn,6.958326,6.031418
1940-11-01,saturn,6.834437,6.160778
1940-12-01,saturn,6.712158,6.283814
1941-01-01,saturn,6.583377,6.408679
1941-02-01,saturn,6.452171,6.531183
1941-03-01,saturn,6.331615,6.639761
1941-04-01,saturn,6.195915,6.757633
1941-05-01,saturn,6.062406,6.869318
1941-06-01,saturn,5.922233,6.982214
1941-07-01,saturn,5.784483,7.088994
1941-08-01,saturn,5.64002,7.19673
1941-09-01,saturn,5.493451,7.301777
1941-10-01,saturn,5.349653,7.400831
1941-11-01,saturn,5.199089,7.500454
1941-12-01,saturn,5.051522,7.594179
1942-01-01,saturn,4.897168,7.688214
1942-02-01,saturn,4.740969,7.779348
1942-03-01,saturn,4.598347,7.859137
1942-04-01,saturn,4.438793,7.944642
1942-05-01,saturn,4.282785,8.024522
1942-06-01,saturn,4.119982,8.104067
1942-07-01,saturn,3.960941,8.178112
1942-08-01,saturn,3.795118,8.251561
1942-09-01,saturn,3.627853,8.321863
1942-10-01,saturn,3.464667,8.386872
1942-11-01,saturn,3.294743,8.450893
1942-12-01,saturn,3.129103,8.50977
1943-01-01,saturn,2.956767,8.5674
1943-02-01,saturn,2.7833,8.621743
1943-03-01,saturn,2.625704,8.667982
1943-04-01,saturn,2.450269,8.716003
1943-05-01,saturn,2.279599,8.759283
1943-06-01,saturn,2.102382,8.800687
1943-07-01,saturn,1.930114,8.837526
1943-08-01,saturn,1.751378,8.872239
1943-09-01,saturn,1.571971,8.903528
1943-10-01,saturn,1.397777,8.930534
1943-11-01,saturn,1.217252,8.955045
1943-12-01,saturn,1.042107,8.975469
1944-01-01,saturn,0.860733,8.993159
1944-02-01,saturn,0.679033,9.007369
1944-03-01,saturn,0.508821,9.017507
1944-04-01,saturn,0.326687,9.024965
1944-05-01,saturn,0.150314,9.028855
1944-06-01,saturn,-0.031989,9.029435
1944-07-01,saturn,-0.208394,9.026667
1944-08-01,saturn,-0.390593,9.020368
1944-09-01,saturn,-0.572633,9.010575
1944-10-01,saturn,-0.748584,8.997776
1944-11-01,saturn,-0.930107,8.981123
1944-12-01,saturn,-1.105426,8.961698
1945-01-01,saturn,-1.28616,8.938214
1945-02-01,saturn,-1.466389,8.911272
1945-03-01,saturn,-1.628685,8.883977
1945-04-01,saturn,-1.807761,8.85049
1945-05-01,saturn,-1.980388,8.814829
1945-06-01,saturn,-2.15801,8.774632
1945-07-01,saturn,-2.329102,8.732509
1945-08-01,saturn,-2.505004,8.68567
1945-09-01,saturn,-2.679934,8.635486
1945-10-01,saturn,-2.848232,8.583757
1945-11-01,saturn,-3.021053,8.527057
1945-12-01,saturn,-3.187186,8.469068
1946-01-01,saturn,-3.357644,8.405949
1946-02-01,saturn,-3.526807,8.339608
1946-03-01,saturn,-3.678432,8.276943
1946-04-01,saturn,-3.844954,8.204553
1946-05-01,saturn,-4.004697,8.131514
1946-06-01,saturn,-4.168252,8.052989
1946-07-01,saturn,-4.325011,7.974076
1946-08-01,saturn,-4.485367,7.88955
1946-09-01,saturn,-4.644008,7.802027
1946-10-01,saturn,-4.795847,7.714511
1946-11-01,saturn,-4.950949,7.621203
1946-12-01,saturn,-5.099258,7.528163
1947-01-01,saturn,-5.250605,7.429227
1947-02-01,saturn,-5.399964,7.327492
1947-03-01,saturn,-5.533116,7.233233
1947-04-01,saturn,-5.678545,7.126292
1947-05-01,saturn,-5.817248,7.020259
1947-06-01,saturn,-5.958422,6.908108
1947-07-01,saturn,-6.092914,6.79712
1947-08-01,saturn,-6.229645,6.679942
1947-09-01,saturn,-6.364049,6.560281
1947-10-01,saturn,-6.491859,6.442162
1947-11-01,saturn,-6.621552,6.317761
1947-12-01,saturn,-6.744723,6.19515
1948-01-01,saturn,-6.869542,6.066207
1948-02-01,saturn,-6.991823,5.935033
1948-03-01,saturn,-7.103883,5.810349
1948-04-01,saturn,-7.221142,5.67501
1948-05-01,saturn,-7.332096,5.542063
1948-06-01,saturn,-7.444109,5.402699
1948-07-01,saturn,-7.54992,5.26596
1948-08-01,saturn,-7.656554,5.122785
1948-09-01,saturn,-7.760406,4.977758
1948-10-01,saturn,-7.85823,4.835699
1948-11-01,saturn,-7.956522,4.687193
1948-12-01,saturn,-8.048912,4.541876
1949-01-01,saturn,-8.141534,4.390116
1949-02-01,saturn,-8.231236,4.236788
1949-03-01,saturn,-8.309729,4.097001
1949-04-01,saturn,-8.39381,3.940853
1949-05-01,saturn,-8.472335,3.788412
1949-06-01,saturn,-8.55052,3.629574
1949-07-01,saturn,-8.623303,3.474641
1949-08-01,saturn,-8.695518,3.313343
1949-09-01,saturn,-8.764674,3.150885
1949-10-01,saturn,-8.828671,2.992618
1949-11-01,saturn,-8.891762,2.828049
1949-12-01,saturn,-8.949863,2.667853
1950-01-01,saturn,-9.006838,2.501409
1950-02-01,saturn,-9.060688,2.334099
1950-03-01,saturn,-9.106634,2.182288
1950-04-01,saturn,-9.154511,2.0135
1950-05-01,saturn,-9.197847,1.849498
1950-06-01,saturn,-9.239522,1.679408
1950-07-01,saturn,-9.276844,1.51426
1950-08-01,saturn,-9.312297,1.3431
1950-09-01,saturn,-9.344584,1.171485
1950-10-01,saturn,-9.372813,1.005028
1950-11-01,saturn,-9.398865,0.83269
1950-12-01,saturn,-9.42106,0.665643
1951-01-01,saturn,-9.440879,0.492809
1951-02-01,saturn,-9.457534,0.31981
1951-03-01,saturn,-9.469862,0.163459
1951-04-01,saturn,-9.480507,-0.009695
1951-05-01,saturn,-9.487809,-0.177262
1951-06-01,saturn,-9.492262,-0.350357
1951-07-01,saturn,-9.493585,-0.51776
1951-08-01,saturn,-9.491876,-0.690577
1951-09-01,saturn,-9.487048,-0.863169
1951-10-01,saturn,-9.479419,-1.029927
1951-11-01,saturn,-9.468489,-1.201914
1951-12-01,saturn,-9.454975,-1.367984
1952-01-01,saturn,-9.437991,-1.539156
1952-02-01,saturn,-9.417951,-1.709832
1952-03-01,saturn,-9.39645,-1.869002
1952-04-01,saturn,-9.370539,-2.038569
1952-05-01,saturn,-9.342599,-2.202047
1952-06-01,saturn,-9.310784,-2.370285
1952-07-01,saturn,-9.277165,-2.532379
1952-08-01,saturn,-9.239518,-2.699088
1952-09-01,saturn,-9.198937,-2.864945
1952-10-01,saturn,-9.156891,-3.024593
1952-11-01,saturn,-9.110598,-3.188628
1952-12-01,saturn,-9.063066,-3.346422
1953-01-01,saturn,-9.011148,-3.508446
1953-02-01,saturn,-8.956407,-3.669377
1953-03-01,saturn,-8.904557,-3.813755
1953-04-01,saturn,-8.84451,-3.972476
1953-05-01,saturn,-8.783782,-4.124909
1953-06-01,saturn,-8.718349,-4.28117
1953-07-01,saturn,-8.652459,-4.431136
1953-08-01,saturn,-8.581746,-4.584764
1953-09-01,saturn,-8.508391,-4.736988
1953-10-01,saturn,-8.434915,-4.882924
1953-11-01,saturn,-8.356447,-5.032262
1953-12-01,saturn,-8.27808,-5.175326
1954-01-01,saturn,-8.194617,-5.321615
1954-02-01,saturn,-8.108663,-5.466294
1954-03-01,saturn,-8.028911,-5.595555
1954-04-01,saturn,-7.938302,-5.737061
1954-05-01,saturn,-7.848333,-5.872362
1954-06-01,saturn,-7.753037,-6.01044
1954-07-01,saturn,-7.658596,-6.142353
1954-08-01,saturn,-7.558745,-6.276859
1954-09-01,saturn,-7.456632,-6.409495
1954-10-01,saturn,-7.35569,-6.536039
1954-11-01,saturn,-7.249227,-6.664894
1954-12-01,saturn,-7.144144,-6.787715
1955-01-01,saturn,-7.033471,-6.912656
1955-02-01,saturn,-6.920714,-7.03556
1955-03-01,saturn,-6.817108,-7.144791
1955-04-01,saturn,-6.700488,-7.263728
1955-05-01,saturn,-6.585749,-7.376802
1955-06-01,saturn,-6.46528,-7.491521
1955-07-01,saturn,-6.34689,-7.600456
1955-08-01,saturn,-6.222723,-7.710841
1955-09-01,saturn,-6.096736,-7.818983
1955-10-01,saturn,-5.973117,-7.921474
1955-11-01,saturn,-5.843665,-8.02512
1955-12-01,saturn,-5.716768,-8.12321
1956-01-01,saturn,-5.584007,-8.222259
1956-02-01,saturn,-5.449626,-8.318934
1956-03-01,saturn,-5.322484,-8.407202
1956-04-01,saturn,-5.185084,-8.499215
1956-05-01,saturn,-5.05069,-8.585935
1956-06-01,saturn,-4.910382,-8.673121
1956-07-01,saturn,-4.773254,-8.755128
1956-08-01,saturn,-4.630203,-8.837402
1956-09-01,saturn,-4.485822,-8.917151
1956-10-01,saturn,-4.344872,-8.991903
1956-11-01,saturn,-4.197998,-9.066625
1956-12-01,saturn,-4.054717,-9.136477
1957-01-01,saturn,-3.90552,-9.2061
1957-02-01,saturn,-3.755206,-9.273108
1957-03-01,saturn,-3.618517,-9.331368
1957-04-01,saturn,-3.466201,-9.393352
1957-05-01,saturn,-3.317858,-9.450803
1957-06-01,saturn,-3.163641,-9.507536
1957-07-01,saturn,-3.013542,-9.55988
1957-08-01,saturn,-2.857597,-9.61131
1957-09-01,saturn,-2.70084,-9.660026
1957-10-01,saturn,-2.548409,-9.704577
1957-11-01,saturn,-2.390186,-9.74792
1957-12-01,saturn,-2.236422,-9.787251
1958-01-01,saturn,-2.076908,-9.825181
1958-02-01,saturn,-1.916807,-9.860347
1958-03-01,saturn,-1.77173,-9.889727
1958-04-01,saturn,-1.610634,-9.919609
1958-05-01,saturn,-1.4543,-9.945873
1958-06-01,saturn,-1.29235,-9.970266
1958-07-01,saturn,-1.135275,-9.991207
1958-08-01,saturn,-0.972648,-10.010087
1958-09-01,saturn,-0.809744,-10.026159
1958-10-01,saturn,-0.651877,-10.039036
1958-11-01,saturn,-0.488564,-10.049573
1958-12-01,saturn,-0.330387,-10.057088
1959-01-01,saturn,-0.166844,-10.06208
1959-02-01,saturn,-0.003251,-10.064253
1959-03-01,saturn,0.144514,-10.063791
1959-04-01,saturn,0.308074,-10.060596
1959-05-01,saturn,0.466277,-10.05482
1959-06-01,saturn,0.629627,-10.046079
1959-07-01,saturn,0.787542,-10.034939
1959-08-01,saturn,0.950505,-10.02066
1959-09-01,saturn,1.113203,-10.003573
1959-10-01,saturn,1.270357,-9.984366
1959-11-01,saturn,1.432401,-9.961763
1959-12-01,saturn,1.588836,-9.937228
1960-01-01,saturn,1.750048,-9.909132
1960-02-01,saturn,1.91077,-9.878253
1960-03-01,saturn,2.060639,-9.846854
1960-04-01,saturn,2.220283,-9.810613
1960-05-01,saturn,2.374184,-9.772914
1960-06-01,saturn,2.532559,-9.731254
1960-07-01,saturn,2.685147,-9.68833
1960-08-01,saturn,2.842077,-9.641291
1960-09-01,saturn,2.998207,-9.591534
1960-10-01,saturn,3.148496,-9.540807
1960-11-01,saturn,3.302921,-9.48574
1960-12-01,saturn,3.451477,-9.429898
1961-01-01,saturn,3.604024,-9.369572
1961-02-01,saturn,3.755551,-9.306596
1961-03-01,saturn,3.891502,-9.247448
1961-04-01,saturn,4.040968,-9.17947
1961-05-01,saturn,4.184521,-9.111205
1961-06-01,saturn,4.331689,-9.038118
1961-07-01,saturn,4.472938,-8.964943
1961-08-01,saturn,4.617641,-8.886819
1961-09-01,saturn,4.761028,-8.806163
1961-10-01,saturn,4.898497,-8.725718
1961-11-01,saturn,5.03917,-8.640139
1961-12-01,saturn,5.173933,-8.554968
1962-01-01,saturn,5.311729,-8.46455
1962-02-01,saturn,5.448002,-8.371704
1962-03-01,saturn,5.569742,-8.285778
1962-04-01,saturn,5.703,-8.18838
1962-05-01,saturn,5.830396,-8.09188
1962-06-01,saturn,5.960383,-7.989869
1962-07-01,saturn,6.084537,-7.888952
1962-08-01,saturn,6.211097,-7.782428
1962-09-01,saturn,6.335856,-7.67365
1962-10-01,saturn,6.454839,-7.566263
1962-11-01,saturn,6.575941,-7.453134
1962-12-01,saturn,6.691313,-7.34159
1963-01-01,saturn,6.808608,-7.224223
1963-02-01,saturn,6.923913,-7.104747
1963-03-01,saturn,7.026317,-6.995047
1963-04-01,saturn,7.137731,-6.871644
1963-05-01,saturn,7.243553,-6.750302
1963-06-01,saturn,7.350802,-6.622963
1963-07-01,saturn,7.452528,-6.497875
1963-08-01,saturn,7.555475,-6.366731
1963-09-01,saturn,7.656185,-6.233704
1963-10-01,saturn,7.751482,-6.103211
1963-11-01,saturn,7.847686,-5.966586
1963-12-01,saturn,7.93856,-5.832678
1964-01-01,saturn,8.030129,-5.692598
1964-02-01,saturn,8.119294,-5.550818
1964-03-01,saturn,8.200502,-5.41668
1964-04-01,saturn,8.284923,-5.271721
1964-05-01,saturn,8.364244,-5.12993
1964-06-01,saturn,8.443723,-4.981894
1964-07-01,saturn,8.518205,-4.837201
1964-08-01,saturn,8.592626,-4.686246
1964-09-01,saturn,8.664433,-4.533872
1964-10-01,saturn,8.731409,-4.385102
1964-11-01,saturn,8.797992,-4.23006
1964-12-01,saturn,8.859861,-4.07879
1965-01-01,saturn,8.921114,-3.921252
1965-02-01,saturn,8.979621,-3.762512
1965-03-01,saturn,9.030085,-3.61814
1965-04-01,saturn,9.083296,-3.457242
1965-05-01,saturn,9.132108,-3.300518
1965-06-01,saturn,9.179753,-3.137568
1965-07-01,saturn,9.223136,-2.978948
1965-08-01,saturn,9.265128,-2.814131
1965-09-01,saturn,9.304217,-2.648439
1965-10-01,saturn,9.339261,-2.487306
1965-11-01,saturn,9.372578,-2.320038
1965-12-01,saturn,9.402002,-2.157474
1966-01-01,saturn,9.429475,-1.988826
1966-02-01,saturn,9.453953,-1.819553
1966-03-01,saturn,9.473475,-1.666168
1966-04-01,saturn,9.492209,-1.495852
1966-05-01,saturn,9.507445,-1.33058
1966-06-01,saturn,9.520185,-1.159386
1966-07-01,saturn,9.529595,-0.993366
1966-08-01,saturn,9.536292,-0.821505
1966-09-01,saturn,9.539901,-0.649385
1966-10-01,saturn,9.540444,-0.482623
1966-11-01,saturn,9.537949,-0.310157
1966-12-01,saturn,9.532569,-0.143165
1967-01-01,saturn,9.523938,0.029432
1967-02-01,saturn,9.512179,0.202011
1967-03-01,saturn,9.498865,0.357826
1967-04-01,saturn,9.48114,0.530214
1967-05-01,saturn,9.460998,0.696866
1967-06-01,saturn,9.437092,0.868837
1967-07-01,saturn,9.410964,1.034978
1967-08-01,saturn,9.380873,1.206308
1967-09-01,saturn,9.34764,1.377226
1967-10-01,saturn,9.312489,1.542182
1967-11-01,saturn,9.273079,1.712117
1967-12-01,saturn,9.231957,1.876012
1968-01-01,saturn,9.186387,2.044736
1968-02-01,saturn,9.137695,2.212757
1968-03-01,saturn,9.089325,2.369248
1968-04-01,saturn,9.034614,2.535739
1968-05-01,saturn,8.97872,2.696025
1968-06-01,saturn,8.917927,2.860734
1968-07-01,saturn,8.856169,3.019183
1968-08-01,saturn,8.789341,3.181879
1968-09-01,saturn,8.719467,3.343464
1968-10-01,saturn,8.648962,3.498723
1968-11-01,saturn,8.573141,3.657949
1968-12-01,saturn,8.496914,3.810815
1969-01-01,saturn,8.415216,3.967454
1969-02-01,saturn,8.330562,4.122691
1969-03-01,saturn,8.251576,4.261652
1969-04-01,saturn,8.161356,4.41406
1969-05-01,saturn,8.071293,4.560056
1969-06-01,saturn,7.975408,4.709318
1969-07-01,saturn,7.879913,4.852162
1969-08-01,saturn,7.778467,4.998056
1969-09-01,saturn,7.674238,5.142154
1969-10-01,saturn,7.570748,5.279841
1969-11-01,saturn,7.46113,5.420242
1969-12-01,saturn,7.352485,5.554246
1970-01-01,saturn,7.237604,5.690735
1970-02-01,saturn,7.1201,5.825155
1970-03-01,saturn,7.011743,5.944744
1970-04-01,saturn,6.889347,6.075079
1970-05-01,saturn,6.768505,6.199093
1970-06-01,saturn,6.641199,6.325004
1970-07-01,saturn,6.51568,6.444641
1970-08-01,saturn,6.383621,6.565929
1970-09-01,saturn,6.24921,6.684794
1970-10-01,saturn,6.116938,6.79747
1970-11-01,saturn,5.97803,6.911424
1970-12-01,saturn,5.841492,7.019258
1971-01-01,saturn,5.698267,7.128117
1971-02-01,saturn,5.55292,7.234317
1971-03-01,saturn,5.419857,7.327919
1971-04-01,saturn,5.270609,7.428939
1971-05-01,saturn,5.124296,7.524049
1971-06-01,saturn,4.971213,7.619549
1971-07-01,saturn,4.821288,7.70924
1971-08-01,saturn,4.664578,7.799062
1971-09-01,saturn,4.506108,7.885939
1971-10-01,saturn,4.351126,7.967176
1971-11-01,saturn,4.189357,8.048152
1971-12-01,saturn,4.031292,8.12361
1972-01-01,saturn,3.866451,8.198548
1972-02-01,saturn,3.700138,8.270367
1972-03-01,saturn,3.543276,8.334701
1972-04-01,saturn,3.374287,8.400396
1972-05-01,saturn,3.209519,8.460918
1972-06-01,saturn,3.038049,8.520274
1972-07-01,saturn,2.871,8.57461
1972-08-01,saturn,2.697298,8.627524
1972-09-01,saturn,2.522557,8.677129
1972-10-01,saturn,2.352526,8.72196
1972-11-01,saturn,2.175935,8.764988
1972-12-01,saturn,2.004238,8.803416
1973-01-01,saturn,1.826055,8.83979
1973-02-01,saturn,1.647163,8.872757
1973-03-01,saturn,1.485031,8.899593
1973-04-01,saturn,1.304979,8.926035
1973-05-01,saturn,1.13025,8.948341
1973-06-01,saturn,0.949262,8.967989
1973-07-01,saturn,0.773757,8.983702
1973-08-01,saturn,0.592102,8.99652
1973-09-01,saturn,0.410212,9.005857
1973-10-01,saturn,0.234032,9.011572
1973-11-01,saturn,0.051883,9.014045
1973-12-01,saturn,-0.124415,9.013114
1974-01-01,saturn,-0.306549,9.008716
1974-02-01,saturn,-0.488571,9.000828
1974-03-01,saturn,-0.652823,8.990706
1974-04-01,saturn,-0.834438,8.976184
1974-05-01,saturn,-1.009894,8.958818
1974-06-01,saturn,-1.19082,8.937459
1974-07-01,saturn,-1.365479,8.913493
1974-08-01,saturn,-1.545446,8.885332
1974-09-01,saturn,-1.724823,8.85373
1974-10-01,saturn,-1.897786,8.819885
1974-11-01,saturn,-2.0758,8.781555
1974-12-01,saturn,-2.247316,8.741228
1975-01-01,saturn,-2.423701,8.696233
1975-02-01,saturn,-2.599159,8.647878
1975-03-01,saturn,-2.756784,8.601333
1975-04-01,saturn,-2.930291,8.546644
1975-05-01,saturn,-3.097135,8.490582
1975-06-01,saturn,-3.268374,8.429433
1975-07-01,saturn,-3.432901,8.367168
1975-08-01,saturn,-3.601621,8.299662
1975-09-01,saturn,-3.768968,8.228968
1975-10-01,saturn,-3.929548,8.157547
1975-11-01,saturn,-4.094007,8.080669
1975-12-01,saturn,-4.251678,8.003325
1976-01-01,saturn,-4.413013,7.920391
1976-02-01,saturn,-4.572672,7.834432
1976-03-01,saturn,-4.720461,7.751312
1976-04-01,saturn,-4.87671,7.659603
1976-05-01,saturn,-5.026162,7.568077
1976-06-01,saturn,-5.178726,7.470671
1976-07-01,saturn,-5.324508,7.373709
1976-08-01,saturn,-5.473174,7.270768
1976-09-01,saturn,-5.61978,7.165076
1976-10-01,saturn,-5.759646,7.060219
1976-11-01,saturn,-5.902049,6.949248
1976-12-01,saturn,-6.037753,6.839367
1977-01-01,saturn,-6.175759,6.723296
1977-02-01,saturn,-6.31146,6.604704
1977-03-01,saturn,-6.432009,6.495464
1977-04-01,saturn,-6.563196,6.372211
1977-05-01,saturn,-6.687831,6.250672
1977-06-01,saturn,-6.814182,6.122794
1977-07-01,saturn,-6.934059,5.996875
1977-08-01,saturn,-7.055413,5.864574
1977-09-01,saturn,-7.174169,5.730103
1977-10-01,saturn,-7.286584,5.597957
1977-11-01,saturn,-7.400117,5.459378
1977-12-01,saturn,-7.507409,5.323359
1978-01-01,saturn,-7.615581,5.180887
1978-02-01,saturn,-7.720978,5.036519
1978-03-01,saturn,-7.813764,4.904542
1978-04-01,saturn,-7.913794,4.756726
1978-05-01,saturn,-8.007872,4.612033
1978-06-01,saturn,-8.102241,4.460873
1978-07-01,saturn,-8.190788,4.313052
1978-08-01,saturn,-8.279391,4.158775
1978-09-01,saturn,-8.365028,4.003001
1978-10-01,saturn,-8.445056,3.850883
1978-11-01,saturn,-8.524789,3.69234
1978-12-01,saturn,-8.599063,3.537654
1979-01-01,saturn,-8.672813,3.376573
1979-02-01,saturn,-8.743494,3.214293
1979-03-01,saturn,-8.804683,3.066736
1979-04-01,saturn,-8.869479,2.90234
1979-05-01,saturn,-8.929221,2.742272
1979-06-01,saturn,-8.987878,2.57592
1979-07-01,saturn,-9.041655,2.414073
1979-08-01,saturn,-9.094127,2.246
1979-09-01,saturn,-9.143441,2.077144
1979-10-01,saturn,-9.188149,1.913045
1979-11-01,saturn,-9.231225,1.742824
1979-12-01,saturn,-9.269885,1.577518
1980-01-01,saturn,-9.306702,1.406166
1980-02-01,saturn,-9.340331,1.234329
1980-03-01,saturn,-9.368903,1.073193
1980-04-01,saturn,-9.396358,0.900588
1980-05-01,saturn,-9.419888,0.733258
1980-06-01,saturn,-9.441065,0.560103
1980-07-01,saturn,-9.458522,0.39235
1980-08-01,saturn,-9.473429,0.218874
1980-09-01,saturn,-9.485154,0.045323
1980-10-01,saturn,-9.493477,-0.122647
1980-11-01,saturn,-9.49896,-0.296178
1980-12-01,saturn,-9.501255,-0.464019
1981-01-01,saturn,-9.500524,-0.637304
1981-02-01,saturn,-9.496648,-0.81038
1981-03-01,saturn,-9.490453,-0.966479
1981-04-01,saturn,-9.480623,-1.139
1981-05-01,saturn,-9.468146,-1.305602
1981-06-01,saturn,-9.452206,-1.477337
1981-07-01,saturn,-9.433842,-1.643074
1981-08-01,saturn,-9.411847,-1.813811
1981-09-01,saturn,-9.386797,-1.983959
1981-10-01,saturn,-9.359664,-2.148008
1981-11-01,saturn,-9.328655,-2.316843
1981-12-01,saturn,-9.295789,-2.479523
1982-01-01,saturn,-9.258894,-2.646843
1982-02-01,saturn,-9.219037,-2.813315
1982-03-01,saturn,-9.180509,-2.962907
1982-04-01,saturn,-9.135074,-3.127627
1982-05-01,saturn,-9.088345,-3.286088
1982-06-01,saturn,-9.037229,-3.448807
1982-07-01,saturn,-8.985047,-3.605241
1982-08-01,saturn,-8.928344,-3.76577
1982-09-01,saturn,-8.86884,-3.925117
1982-10-01,saturn,-8.808612,-4.078153
1982-11-01,saturn,-8.743672,-4.235035
1982-12-01,saturn,-8.678236,-4.3856
1983-01-01,saturn,-8.607969,-4.539841
1983-02-01,saturn,-8.535037,-4.692674
1983-03-01,saturn,-8.466896,-4.82947
1983-04-01,saturn,-8.388975,-4.979504
1983-05-01,saturn,-8.311113,-5.123238
1983-06-01,saturn,-8.22815,-5.270215
1983-07-01,saturn,-8.14547,-5.410913
1983-08-01,saturn,-8.05759,-5.554675
1983-09-01,saturn,-7.967261,-5.696743
1983-10-01,saturn,-7.877544,-5.832579
1983-11-01,saturn,-7.782493,-5.971202
1983-12-01,saturn,-7.688271,-6.103632
1984-01-01,saturn,-7.588631,-6.238663
1984-02-01,saturn,-7.486713,-6.371815
1984-03-01,saturn,-7.389338,-6.494643
1984-04-01,saturn,-7.283112,-6.624056
1984-05-01,saturn,-7.178244,-6.747407
1984-06-01,saturn,-7.067779,-6.872888
1984-07-01,saturn,-6.95888,-6.992371
1984-08-01,saturn,-6.844324,-7.113792
1984-09-01,saturn,-6.727746,-7.233102
1984-10-01,saturn,-6.613039,-7.346525
1984-11-01,saturn,-6.492595,-7.461593
1984-12-01,saturn,-6.374222,-7.570854
1985-01-01,saturn,-6.250066,-7.681566
1985-02-01,saturn,-6.124083,-7.790022
1985-03-01,saturn,-6.008756,-7.88602
1985-04-01,saturn,-5.879409,-7.990108
1985-05-01,saturn,-5.752608,-8.088617
1985-06-01,saturn,-5.619939,-8.188089
1985-07-01,saturn,-5.490002,-8.282084
1985-08-01,saturn,-5.354173,-8.376845
1985-09-01,saturn,-5.216802,-8.469177
1985-10-01,saturn,-5.082432,-8.556197
1985-11-01,saturn,-4.942148,-8.643684
1985-12-01,saturn,-4.80504,-8.725975
1986-01-01,saturn,-4.662009,-8.808536
1986-02-01,saturn,-4.517647,-8.888563
1986-03-01,saturn,-4.386147,-8.958652
1986-04-01,saturn,-4.239372,-9.033805
1986-05-01,saturn,-4.096183,-9.104071
1986-06-01,saturn,-3.947079,-9.174117
1986-07-01,saturn,-3.80172,-9.239408
1986-08-01,saturn,-3.650458,-9.304283
1986-09-01,saturn,-3.498166,-9.366508
1986-10-01,saturn,-3.349848,-9.424188
1986-11-01,saturn,-3.195659,-9.481155
1986-12-01,saturn,-3.045589,-9.533722
1987-01-01,saturn,-2.889676,-9.585382
1987-02-01,saturn,-2.732954,-9.634326
1987-03-01,saturn,-2.590741,-9.676191
1987-04-01,saturn,-2.432604,-9.719937
1987-05-01,saturn,-2.278922,-9.759659
1987-06-01,saturn,-2.119495,-9.797994
1987-07-01,saturn,-1.964649,-9.832463
1987-08-01,saturn,-1.804107,-9.865354
1987-09-01,saturn,-1.643066,-9.895468
1987-10-01,saturn,-1.486787,-9.92196
1987-11-01,saturn,-1.324897,-9.94659
1987-12-01,saturn,-1.167883,-9.967764
1988-01-01,saturn,-1.005321,-9.98689
1988-02-01,saturn,-0.842486,-10.003213
1988-03-01,saturn,-0.689949,-10.015942
1988-04-01,saturn,-0.526713,-10.02683
1988-05-01,saturn,-0.368611,-10.034691
1988-06-01,saturn,-0.205144,-10.040046
1988-07-01,saturn,-0.046903,-10.042551
1988-08-01,saturn,0.116617,-10.042372
1988-09-01,saturn,0.280097,-10.03938
1988-10-01,saturn,0.438223,-10.033808
1988-11-01,saturn,0.601491,-10.025286
1988-12-01,saturn,0.759326,-10.014366
1989-01-01,saturn,0.922205,-10.000324
1989-02-01,saturn,1.08482,-9.983482
1989-03-01,saturn,1.231432,-9.965867
1989-04-01,saturn,1.393417,-9.943709
1989-05-01,saturn,1.5498,-9.919613
1989-06-01,saturn,1.710963,-9.89198
1989-07-01,saturn,1.866465,-9.862598
1989-08-01,saturn,2.02663,-9.829517
1989-09-01,saturn,2.186222,-9.793679
1989-10-01,saturn,2.340077,-9.75638
1989-11-01,saturn,2.498409,-9.715143
1989-12-01,saturn,2.650962,-9.672639
1990-01-01,saturn,2.807863,-9.626043
1990-02-01,saturn,2.96397,-9.576741
1990-03-01,saturn,3.104252,-9.529893
1990-04-01,saturn,3.258727,-9.475473
1990-05-01,saturn,3.407343,-9.420265
1990-06-01,saturn,3.559964,-9.360603
1990-07-01,saturn,3.706703,-9.300351
1990-08-01,saturn,3.857301,-9.235504
1990-09-01,saturn,4.006806,-9.168046
1990-10-01,saturn,4.150408,-9.100293
1990-11-01,saturn,4.297638,-9.027744
1990-12-01,saturn,4.438957,-8.955097
1991-01-01,saturn,4.583746,-8.877526
1991-02-01,saturn,4.727231,-8.797431
1991-03-01,saturn,4.855676,-8.722934
1991-04-01,saturn,4.996565,-8.638089
1991-05-01,saturn,5.131552,-8.553634
1991-06-01,saturn,5.269597,-8.463958
1991-07-01,saturn,5.401756,-8.374868
1991-08-01,saturn,5.536797,-8.280448
1991-09-01,saturn,5.670253,-8.18365
1991-10-01,saturn,5.797854,-8.087734
1991-11-01,saturn,5.928069,-7.98633
1991-12-01,saturn,6.05246,-7.886003
1992-01-01,saturn,6.17928,-7.78009
1992-02-01,saturn,6.304316,-7.671926
1992-03-01,saturn,6.419637,-7.568726
1992-04-01,saturn,6.54111,-7.456282
1992-05-01,saturn,6.656859,-7.345398
1992-06-01,saturn,6.774563,-7.228712
1992-07-01,saturn,6.886593,-7.113779
1992-08-01,saturn,7.000381,-6.992967
1992-09-01,saturn,7.112124,-6.870104
1992-10-01,saturn,7.21828,-6.749281
1992-11-01,saturn,7.325892,-6.622476
1992-12-01,saturn,7.427984,-6.497899
1993-01-01,saturn,7.531326,-6.36728
1993-02-01,saturn,7.632446,-6.234772
1993-03-01,saturn,7.721842,-6.113495
1993-04-01,saturn,7.818637,-5.977492
1993-05-01,saturn,7.9101,-5.844177
1993-06-01,saturn,8.002296,-5.704699
1993-07-01,saturn,8.089246,-5.56809
1993-08-01,saturn,8.176715,-5.425281
1993-09-01,saturn,8.261734,-5.280837
1993-10-01,saturn,8.341648,-5.139532
1993-11-01,saturn,8.421756,-4.991985
1993-12-01,saturn,8.49686,-4.847754
1994-01-01,saturn,8.571938,-4.697262
1994-02-01,saturn,8.644416,-4.545336
1994-03-01,saturn,8.707623,-4.406914
1994-04-01,saturn,8.775075,-4.252376
1994-05-01,saturn,8.837799,-4.101575
1994-06-01,saturn,8.899951,-3.944501
1994-07-01,saturn,8.957495,-3.791331
1994-08-01,saturn,9.014243,-3.631897
1994-09-01,saturn,9.068208,-3.471331
1994-10-01,saturn,9.117759,-3.314911
1994-11-01,saturn,9.166176,-3.152255
1994-12-01,saturn,9.210316,-2.993901
1995-01-01,saturn,9.253097,-2.82934
1995-02-01,saturn,9.292982,-2.663883
1995-03-01,saturn,9.3265,-2.513709
1995-04-01,saturn,9.360815,-2.346684
1995-05-01,saturn,9.39121,-2.184331
1995-06-01,saturn,9.419693,-2.015878
1995-07-01,saturn,9.444411,-1.852239
1995-08-01,saturn,9.466993,-1.682556
1995-09-01,saturn,9.486553,-1.512326
1995-10-01,saturn,9.502588,-1.347116
1995-11-01,saturn,9.516156,-1.175965
1995-12-01,saturn,9.526366,-1.009965
1996-01-01,saturn,9.533889,-0.838101
1996-02-01,saturn,9.538322,-0.665957
1996-03-01,saturn,9.539663,-0.504714
1996-04-01,saturn,9.538086,-0.332183
1996-05-01,saturn,9.533591,-0.165106
1996-06-01,saturn,9.52587,0.007602
1996-07-01,saturn,9.515415,0.174745
1996-08-01,saturn,9.501522,0.347411
1996-09-01,saturn,9.484486,0.51997
1996-10-01,saturn,9.465002,0.686807
1996-11-01,saturn,9.441768,0.858988
1996-12-01,saturn,9.416282,1.02535
1997-01-01,saturn,9.386843,1.196926
1997-02-01,saturn,9.354252,1.368108
1997-03-01,saturn,9.322105,1.522336
1997-04-01,saturn,9.283516,1.692604
1997-05-01,saturn,9.243177,1.856841
1997-06-01,saturn,9.198402,2.025938
1997-07-01,saturn,9.152086,2.18893
1997-08-01,saturn,9.101147,2.356625
1997-09-01,saturn,9.047087,2.523519
1997-10-01,saturn,8.991808,2.684209
1997-11-01,saturn,8.931635,2.84935
1997-12-01,saturn,8.87046,3.008233
1998-01-01,saturn,8.804219,3.171389
1998-02-01,saturn,8.734914,3.333448
1998-03-01,saturn,8.669695,3.478831
1998-04-01,saturn,8.594602,3.638636
1998-05-01,saturn,8.519061,3.792075
1998-06-01,saturn,8.438052,3.949321
1998-07-01,saturn,8.356821,4.100174
1998-08-01,saturn,8.269974,4.254632
1998-09-01,saturn,8.180192,4.407585
1998-10-01,saturn,8.090536,4.554116
1998-11-01,saturn,7.995052,4.703936
1998-12-01,saturn,7.899925,4.847327
1999-01-01,saturn,7.79884,4.99379
1999-02-01,saturn,7.694951,5.138462
1999-03-01,saturn,7.598731,5.267546
1999-04-01,saturn,7.48959,5.408651
1999-05-01,saturn,7.381386,5.543342
1999-06-01,saturn,7.266938,5.680545
1999-07-01,saturn,7.153664,5.811357
1999-08-01,saturn,7.034045,5.944445
1999-09-01,saturn,6.911854,6.075361
1999-10-01,saturn,6.791192,6.199937
1999-11-01,saturn,6.664053,6.326425
1999-12-01,saturn,6.538678,6.446617
2000-01-01,saturn,6.406749,6.568475
2000-02-01,saturn,6.272451,6.687905
2000-03-01,saturn,6.144712,6.797388
2000-04-01,saturn,6.005955,6.911978
2000-05-01,saturn,5.869546,7.020424
2000-06-01,saturn,5.726437,7.129908
2000-07-01,saturn,5.585906,7.233325
2000-08-01,saturn,5.438634,7.337525
2000-09-01,saturn,5.289323,7.438972
2000-10-01,saturn,5.142936,7.534486
2000-11-01,saturn,4.989765,7.630393
2000-12-01,saturn,4.839744,7.720466
2001-01-01,saturn,4.682924,7.810671
2001-02-01,saturn,4.524334,7.89792
2001-03-01,saturn,4.379616,7.974153
2001-04-01,saturn,4.217814,8.055673
2001-05-01,saturn,4.059706,8.131647
2001-06-01,saturn,3.894809,8.207106
2001-07-01,saturn,3.733819,8.277153
2001-08-01,saturn,3.566062,8.346424
2001-09-01,saturn,3.396945,8.412504
2001-10-01,saturn,3.232046,8.473387
2001-11-01,saturn,3.060436,8.533103
2001-12-01,saturn,2.893245,8.587776
2002-01-01,saturn,2.719392,8.641026
2002-02-01,saturn,2.544496,8.690953
2002-03-01,saturn,2.385684,8.733174
2002-04-01,saturn,2.208988,8.776717
2002-05-01,saturn,2.037184,8.815634
2002-06-01,saturn,1.858884,8.852502
2002-07-01,saturn,1.685655,8.884926
2002-08-01,saturn,1.506016,8.915054
2002-09-01,saturn,1.325799,8.941735
2002-10-01,saturn,1.150911,8.964263
2002-11-01,saturn,0.969759,8.984129
2002-12-01,saturn,0.794098,9.000042
2003-01-01,saturn,0.612284,9.013057
2003-02-01,saturn,0.430238,9.02258
2003-03-01,saturn,0.265668,9.028177
2003-04-01,saturn,0.083374,9.031045
2003-05-01,saturn,-0.093065,9.030487
2003-06-01,saturn,-0.275344,9.026468
2003-07-01,saturn,-0.451637,9.019247
2003-08-01,saturn,-0.633628,9.008347
2003-09-01,saturn,-0.815367,8.993957
2003-10-01,saturn,-0.990938,8.976713
2003-11-01,saturn,-1.171977,8.955475
2003-12-01,saturn,-1.346739,8.931621
2004-01-01,saturn,-1.526806,8.903571
2004-02-01,saturn,-1.706276,8.872077
2004-03-01,saturn,-1.873565,8.839511
2004-04-01,saturn,-2.051683,8.801393
2004-05-01,saturn,-2.223294,8.761269
2004-06-01,saturn,-2.399774,8.716482
2004-07-01,saturn,-2.569674,8.66994
2004-08-01,saturn,-2.744255,8.618561
2004-09-01,saturn,-2.917773,8.563865
2004-10-01,saturn,-3.084617,8.507798
2004-11-01,saturn,-3.255849,8.446647
2004-12-01,saturn,-3.420361,8.384383
2005-01-01,saturn,-3.589057,8.316882
2005-02-01,saturn,-3.756371,8.246198
2005-03-01,saturn,-3.906253,8.179643
2005-04-01,saturn,-4.070764,8.102987
2005-05-01,saturn,-4.228482,8.025861
2005-06-01,saturn,-4.389863,7.943157
2005-07-01,saturn,-4.544441,7.860246
2005-08-01,saturn,-4.702463,7.771635
2005-09-01,saturn,-4.858693,7.680078
2005-10-01,saturn,-5.008124,7.588707
2005-11-01,saturn,-5.160663,7.491471
2005-12-01,saturn,-5.30642,7.39468
2006-01-01,saturn,-5.455058,7.291925
2006-02-01,saturn,-5.601635,7.18643
2006-03-01,saturn,-5.732214,7.088826
2006-04-01,saturn,-5.874729,6.97824
2006-05-01,saturn,-6.010546,6.868739
2006-06-01,saturn,-6.148673,6.753068
2006-07-01,saturn,-6.280156,6.638735
2006-08-01,saturn,-6.413714,6.518167
2006-09-01,saturn,-6.544883,6.395183
2006-10-01,saturn,-6.669506,6.273915
2006-11-01,saturn,-6.795849,6.146328
2006-12-01,saturn,-6.915723,6.020702
2007-01-01,saturn,-7.037082,5.888714
2007-02-01,saturn,-7.155849,5.75457
2007-03-01,saturn,-7.260864,5.631597
2007-04-01,saturn,-7.374597,5.493497
2007-05-01,saturn,-7.482095,5.357949
2007-06-01,saturn,-7.590491,5.215971
2007-07-01,saturn,-7.692761,5.076774
2007-08-01,saturn,-7.795694,4.931136
2007-09-01,saturn,-7.895804,4.783721
2007-10-01,saturn,-7.989972,4.639427
2007-11-01,saturn,-8.084448,4.488688
2007-12-01,saturn,-8.173113,4.341284
2008-01-01,saturn,-8.261853,4.187447
2008-02-01,saturn,-8.347641,4.032121
2008-03-01,saturn,-8.425204,3.885523
2008-04-01,saturn,-8.505219,3.727487
2008-05-01,saturn,-8.579784,3.573298
2008-06-01,saturn,-8.653852,3.412735
2008-07-01,saturn,-8.722628,3.256213
2008-08-01,saturn,-8.790681,3.093355
2008-09-01,saturn,-8.855654,2.929419
2008-10-01,saturn,-8.915586,2.769803
2008-11-01,saturn,-8.97446,2.603923
2008-12-01,saturn,-9.028467,2.442537
2009-01-01,saturn,-9.081198,2.274946
2009-02-01,saturn,-9.130792,2.106574
2009-03-01,saturn,-9.172885,1.953874
2009-04-01,saturn,-9.21649,1.784182
2009-05-01,saturn,-9.255684,1.619386
2009-06-01,saturn,-9.293075,1.448557
2009-07-01,saturn,-9.326247,1.282772
2009-08-01,saturn,-9.357411,1.111036
2009-09-01,saturn,-9.385408,0.938928
2009-10-01,saturn,-9.409487,0.772071
2009-11-01,saturn,-9.431253,0.599401
2009-12-01,saturn,-9.449305,0.432111
2010-01-01,saturn,-9.464848,0.259104
2010-02-01,saturn,-9.477236,0.086013
2010-03-01,saturn,-9.485715,-0.070352
2010-04-01,saturn,-9.49211,-0.243445
2010-05-01,saturn,-9.49531,-0.410878
2010-06-01,saturn,-9.495537,-0.583758
2010-07-01,saturn,-9.492784,-0.750878
2010-08-01,saturn,-9.486878,-0.923326
2010-09-01,saturn,-9.477871,-1.095473
2010-10-01,saturn,-9.466213,-1.261728
2010-11-01,saturn,-9.45114,-1.433121
2010-12-01,saturn,-9.433638,-1.598545
2011-01-01,saturn,-9.412553,-1.768976
2011-02-01,saturn,-9.388435,-1.938838
2011-03-01,saturn,-9.364058,-2.09173
2011-04-01,saturn,-9.334214,-2.260365
2011-05-01,saturn,-9.302492,-2.422876
2011-06-01,saturn,-9.266797,-2.590047
2011-07-01,saturn,-9.229449,-2.751044
2011-08-01,saturn,-9.187977,-2.916554
2011-09-01,saturn,-9.143602,-3.081144
2011-10-01,saturn,-9.097914,-3.239505
2011-11-01,saturn,-9.047888,-3.402147
2011-12-01,saturn,-8.996776,-3.558531
2012-01-01,saturn,-8.941191,-3.719037
2012-02-01,saturn,-8.882818,-3.878388
2012-03-01,saturn,-8.825709,-4.026371
2012-04-01,saturn,-8.762011,-4.183356
2012-05-01,saturn,-8.697786,-4.33405
2012-06-01,saturn,-8.628778,-4.488456
2012-07-01,saturn,-8.559465,-4.636572
2012-08-01,saturn,-8.485255,-4.78823
2012-09-01,saturn,-8.408445,-4.938427
2012-10-01,saturn,-8.331665,-5.082349
2012-11-01,saturn,-8.249826,-5.22955
2012-12-01,saturn,-8.168236,-5.370495
2013-01-01,saturn,-8.081487,-5.514542
2013-02-01,saturn,-7.992292,-5.656927
2013-03-01,saturn,-7.909651,-5.784072
2013-04-01,saturn,-7.815888,-5.923188
2013-05-01,saturn,-7.72291,-6.056128
2013-06-01,saturn,-7.624552,-6.191719
2013-07-01,saturn,-7.527192,-6.32118
2013-08-01,saturn,-7.424373,-6.453106
2013-09-01,saturn,-7.31934,-6.583118
2013-10-01,saturn,-7.21562,-6.70708
2013-11-01,saturn,-7.106334,-6.833223
2013-12-01,saturn,-6.998567,-6.953379
2014-01-01,saturn,-6.885171,-7.075526
2014-02-01,saturn,-6.769742,-7.195595
2014-03-01,saturn,-6.663767,-7.302232
2014-04-01,saturn,-6.544572,-7.41826
2014-05-01,saturn,-6.427392,-7.528481
2014-06-01,saturn,-6.304453,-7.640217
2014-07-01,saturn,-6.183721,-7.746231
2014-08-01,saturn,-6.057189,-7.853564
2014-09-01,saturn,-5.928889,-7.958619
2014-10-01,saturn,-5.803083,-8.058091
2014-11-01,saturn,-5.671425,-8.158587
2014-12-01,saturn,-5.542445,-8.253598
2015-01-01,saturn,-5.407586,-8.349436
2015-02-01,saturn,-5.271161,-8.442871
2015-03-01,saturn,-5.146628,-8.52518
2015-04-01,saturn,-5.00734,-8.613978
2015-05-01,saturn,-4.87117,-8.697562
2015-06-01,saturn,-4.729082,-8.781484
2015-07-01,saturn,-4.590283,-8.860308
2015-08-01,saturn,-4.445559,-8.939272
2015-09-01,saturn,-4.299561,-9.015687
2015-10-01,saturn,-4.157099,-9.087194
2015-11-01,saturn,-4.008718,-9.15854
2015-12-01,saturn,-3.864032,-9.225109
2016-01-01,saturn,-3.713437,-9.29132
2016-02-01,saturn,-3.561783,-9.354898
2016-03-01,saturn,-3.418992,-9.411975
2016-04-01,saturn,-3.265412,-9.470412
2016-05-01,saturn,-3.115901,-9.524415
2016-06-01,saturn,-2.960534,-9.577571
2016-07-01,saturn,-2.809377,-9.626438
2016-08-01,saturn,-2.652397,-9.674264
2016-09-01,saturn,-2.494663,-9.719364
2016-10-01,saturn,-2.341343,-9.760404
2016-11-01,saturn,-2.182259,-9.800109
2016-12-01,saturn,-2.027717,-9.83591
2017-01-01,saturn,-1.867458,-9.870184
2017-02-01,saturn,-1.706669,-9.901685
2017-03-01,saturn,-1.561023,-9.927749
2017-04-01,saturn,-1.399353,-9.953954
2017-05-01,saturn,-1.242518,-9.976654
2017-06-01,saturn,-1.08011,-9.997359
2017-07-01,saturn,-0.922647,-10.014727
2017-08-01,saturn,-0.759678,-10.029913
2017-09-01,saturn,-0.596492,-10.042289
2017-10-01,saturn,-0.438406,-10.051586
2017-11-01,saturn,-0.274927,-10.058424
2017-12-01,saturn,-0.116645,-10.062359
2018-01-01,saturn,0.046949,-10.063653
2018-02-01,saturn,0.210533,-10.062129
2018-03-01,saturn,0.358239,-10.058331
2018-04-01,saturn,0.521678,-10.051445
2018-05-01,saturn,0.679708,-10.042101
2018-06-01,saturn,0.842821,-10.029677
2018-07-01,saturn,1.00045,-10.014979
2018-08-01,saturn,1.163059,-9.997031
2018-09-01,saturn,1.325346,-9.97628
2018-10-01,saturn,1.482045,-9.953535
2018-11-01,saturn,1.643561,-9.927285
2018-12-01,saturn,1.79943,-9.89923
2019-01-01,saturn,1.96,-9.867507
2019-02-01,saturn,2.12002,-9.833012
2019-03-01,saturn,2.264046,-9.79948
2019-04-01,saturn,2.422897,-9.759735
2019-05-01,saturn,2.575977,-9.718657
2019-06-01,saturn,2.733447,-9.67352
2019-07-01,saturn,2.885106,-9.627244
2019-08-01,saturn,3.041021,-9.576757
2019-09-01,saturn,3.19608,-9.523568
2019-10-01,saturn,3.345279,-9.469536
2019-11-01,saturn,3.498522,-9.411071
2019-12-01,saturn,3.645881,-9.351958
2020-01-01,saturn,3.797137,-9.28827
2020-02-01,saturn,3.947318,-9.221952
2020-03-01,saturn,4.086798,-9.157545
2020-04-01,saturn,4.234774,-9.086182
2020-05-01,saturn,4.376831,-9.014662
2020-06-01,saturn,4.522399,-8.938236
2020-07-01,saturn,4.662046,-8.861851
2020-08-01,saturn,4.805039,-8.780436
2020-09-01,saturn,4.946661,-8.696514
2020-10-01,saturn,5.082369,-8.612933
2020-11-01,saturn,5.221168,-8.524141
2020-12-01,saturn,5.354066,-8.435888
2021-01-01,saturn,5.489881,-8.342313
2021-02-01,saturn,5.624118,-8.246341
2021-03-01,saturn,5.743975,-8.157616
2021-04-01,saturn,5.875096,-8.05715
2021-05-01,saturn,6.000373,-7.957711
2021-06-01,saturn,6.128118,-7.852695
2021-07-01,saturn,6.250053,-7.748903
2021-08-01,saturn,6.374268,-7.639441
2021-09-01,saturn,6.496631,-7.527762
2021-10-01,saturn,6.613246,-7.4176
2021-11-01,saturn,6.731851,-7.301641
2021-12-01,saturn,6.844758,-7.187393
2022-01-01,saturn,6.959458,-7.06727
2022-02-01,saturn,7.072117,-6.945078
2022-03-01,saturn,7.172088,-6.832959
2022-04-01,saturn,7.280762,-6.706917
2022-05-01,saturn,7.383887,-6.58306
2022-06-01,saturn,7.488302,-6.453165
2022-07-01,saturn,7.58724,-6.325644
2022-08-01,saturn,7.68726,-6.19203
2022-09-01,saturn,7.784996,-6.056578
2022-10-01,saturn,7.877372,-5.923781
2022-11-01,saturn,7.970513,-5.784821
2022-12-01,saturn,8.05838,-5.6487
2023-01-01,saturn,8.146799,-5.506379
2023-02-01,saturn,8.23277,-5.362408
2023-03-01,saturn,8.308292,-5.230983
2023-04-01,saturn,8.389518,-5.08398
2023-05-01,saturn,8.465709,-4.940259
2023-06-01,saturn,8.541914,-4.790278
2023-07-01,saturn,8.61319,-4.643752
2023-08-01,saturn,8.68426,-4.490956
2023-09-01,saturn,8.752679,-4.336793
2023-10-01,saturn,8.81634,-4.186343
2023-11-01,saturn,8.879463,-4.02962
2023-12-01,saturn,8.937949,-3.876776
2024-01-01,saturn,8.995673,-3.717667
2024-02-01,saturn,9.050616,-3.557414
2024-03-01,saturn,9.099476,-3.406505
2024-04-01,saturn,9.148969,-3.244171
2024-05-01,saturn,9.194153,-3.086115
2024-06-01,saturn,9.238018,-2.921849
2024-07-01,saturn,9.277715,-2.762016
2024-08-01,saturn,9.315869,-2.596008
2024-09-01,saturn,9.35109,-2.429188
2024-10-01,saturn,9.382366,-2.267025
2024-11-01,saturn,9.411763,-2.098757
2024-12-01,saturn,9.437369,-1.935289
2025-01-01,saturn,9.460874,-1.765772
2025-02-01,saturn,9.48136,-1.595698
2025-03-01,saturn,9.497257,-1.441649
2025-04-01,saturn,9.511958,-1.270662
2025-05-01,saturn,9.523272,-1.104807
2025-06-01,saturn,9.531941,-0.93308
2025-07-01,saturn,9.537395,-0.766612
2025-08-01,saturn,9.539987,-0.594357
2025-09-01,saturn,9.539476,-0.421916
2025-10-01,saturn,9.536019,-0.254913
2025-11-01,saturn,9.529378,-0.082269
2025-12-01,saturn,9.519974,0.084825
2026-01-01,saturn,9.507176,0.257454
2026-02-01,saturn,9.491242,0.42999
2026-03-01,saturn,9.47415,0.585702
2026-04-01,saturn,9.452236,0.757903
2026-05-01,saturn,9.428035,0.924303
2026-06-01,saturn,9.399933,1.095937
2026-07-01,saturn,9.369742,1.261679
2026-08-01,saturn,9.335452,1.43252
2026-09-01,saturn,9.298021,1.602871
2026-10-01,saturn,9.258809,1.767205
2026-11-01,saturn,9.215208,1.936419
2026-12-01,saturn,9.170034,2.099541
2027-01-01,saturn,9.120285,2.26739
2027-02-01,saturn,9.067422,2.434455
2027-03-01,saturn,9.017007,2.584632
2027-04-01,saturn,8.958246,2.750044
2027-05-01,saturn,8.898445,2.909212
2027-06-01,saturn,8.833628,3.072688
2027-07-01,saturn,8.767992,3.229871
2027-08-01,saturn,8.697174,3.391182
2027-09-01,saturn,8.623329,3.551303
2027-10-01,saturn,8.549001,3.705072
2027-11-01,saturn,8.469252,3.862681
2027-12-01,saturn,8.389246,4.013908
2028-01-01,saturn,8.30367,4.168778
2028-02-01,saturn,8.215164,4.322168
2028-03-01,saturn,8.129736,4.464271
2028-04-01,saturn,8.035628,4.614632
2028-05-01,saturn,7.941835,4.758573
2028-06-01,saturn,7.84213,4.905634
2028-07-01,saturn,7.742972,5.046275
2028-08-01,saturn,7.63778,5.189815
2028-09-01,saturn,7.529844,5.331483
2028-10-01,saturn,7.422807,5.466745
2028-11-01,saturn,7.309567,5.604565
2028-12-01,saturn,7.19746,5.736
2029-01-01,saturn,7.079047,5.869761
2029-02-01,saturn,6.95806,6.001379
2029-03-01,saturn,6.8466,6.118374
2029-04-01,saturn,6.720818,6.245768
2029-05-01,saturn,6.596751,6.366869
2029-06-01,saturn,6.466166,6.489698
2029-07-01,saturn,6.337529,6.606287
2029-08-01,saturn,6.202305,6.724357
2029-09-01,saturn,6.06479,6.839937
2029-10-01,saturn,5.929573,6.94937
2029-11-01,saturn,5.787684,7.059908
2029-12-01,saturn,5.648323,7.164375
2030-01-01,saturn,5.502246,7.269691
2030-02-01,saturn,5.354115,7.372288
2030-03-01,saturn,5.218597,7.462582
2030-04-01,saturn,5.0667,7.559884
2030-05-01,saturn,4.917891,7.651339
2030-06-01,saturn,4.762303,7.743007
2030-07-01,saturn,4.610024,7.828937
2030-08-01,saturn,4.450958,7.914819
2030-09-01,saturn,4.290209,7.997704
2030-10-01,saturn,4.133098,8.07503
2030-11-01,saturn,3.969207,8.151916
2030-12-01,saturn,3.809167,8.22337
2031-01-01,saturn,3.642366,8.294126
2031-02-01,saturn,3.474177,8.361719
2031-03-01,saturn,3.321122,8.420028
2031-04-01,saturn,3.150463,8.481521
2031-05-01,saturn,2.984159,8.53794
2031-06-01,saturn,2.811187,8.593022
2031-07-01,saturn,2.642767,8.643189
2031-08-01,saturn,2.467733,8.691764
2031-09-01,saturn,2.29175,8.736998
2031-10-01,saturn,2.120602,8.777574
2031-11-01,saturn,1.942944,8.816177
2031-12-01,saturn,1.770301,8.850301
2032-01-01,saturn,1.591229,8.882205
2032-02-01,saturn,1.411541,8.910681
2032-03-01,saturn,1.242948,8.934206
2032-04-01,saturn,1.06226,8.956013
2032-05-01,saturn,0.887007,8.97382
2032-06-01,saturn,0.70557,8.988807
2032-07-01,saturn,0.529722,8.999998
2032-08-01,saturn,0.347807,9.008136
2032-09-01,saturn,0.165753,9.012786
2032-10-01,saturn,-0.010495,9.013963
2032-11-01,saturn,-0.192619,9.011744
2032-12-01,saturn,-0.368802,9.006272
2033-01-01,saturn,-0.550722,8.997186
2033-02-01,saturn,-0.732435,8.984614
2033-03-01,saturn,-0.896325,8.970266
2033-04-01,saturn,-1.077449,8.951075
2033-05-01,saturn,-1.252339,8.929202
2033-06-01,saturn,-1.432587,8.903199
2033-07-01,saturn,-1.6065,8.874752
2033-08-01,saturn,-1.785605,8.841978
2033-09-01,saturn,-1.964025,8.805783
2033-10-01,saturn,-2.135975,8.767514
2033-11-01,saturn,-2.31285,8.724636
2033-12-01,saturn,-2.483177,8.679932
2034-01-01,saturn,-2.658246,8.630441
2034-02-01,saturn,-2.832296,8.577621
2034-03-01,saturn,-2.988574,8.52707
2034-04-01,saturn,-3.160505,8.467978
2034-05-01,saturn,-3.325741,8.407688
2034-06-01,saturn,-3.495234,8.342209
2034-07-01,saturn,-3.65799,8.275789
2034-08-01,saturn,-3.824797,8.204032
2034-09-01,saturn,-3.990147,8.129129
2034-10-01,saturn,-4.148718,8.053678
2034-11-01,saturn,-4.311021,7.972681
2034-12-01,saturn,-4.466529,7.891397
2035-01-01,saturn,-4.625554,7.804441
2035-02-01,saturn,-4.782825,7.714511
2035-03-01,saturn,-4.923321,7.63076
2035-04-01,saturn,-5.077099,7.535277
2035-05-01,saturn,-5.224091,7.440152
2035-06-01,saturn,-5.374044,7.339082
2035-07-01,saturn,-5.517235,7.238629
2035-08-01,saturn,-5.663158,7.132139
2035-09-01,saturn,-5.806956,7.022959
2035-10-01,saturn,-5.944045,6.914783
2035-11-01,saturn,-6.083516,6.800446
2035-12-01,saturn,-6.216325,6.687368
2036-01-01,saturn,-6.351282,6.568058
2036-02-01,saturn,-6.483877,6.446293
2036-03-01,saturn,-6.605738,6.330207
2036-04-01,saturn,-6.733634,6.203835
2036-05-01,saturn,-6.855033,6.079345
2036-06-01,saturn,-6.977989,5.948488
2036-07-01,saturn,-7.094531,5.819756
2036-08-01,saturn,-7.212393,5.684619
2036-09-01,saturn,-7.327608,5.547388
2036-10-01,saturn,-7.436554,5.412641
2036-11-01,saturn,-7.546459,5.27145
2036-12-01,saturn,-7.650201,5.132976
2037-01-01,saturn,-7.754664,4.988043
2037-02-01,saturn,-7.856315,4.841292
2037-03-01,saturn,-7.945686,4.707229
2037-04-01,saturn,-8.041901,4.557179
2037-05-01,saturn,-8.132255,4.410398
2037-06-01,saturn,-8.222745,4.25716
2037-07-01,saturn,-8.307511,4.107404
2037-08-01,saturn,-8.392179,3.951205
2037-09-01,saturn,-8.473854,3.793591
2037-10-01,saturn,-8.550025,3.639769
2037-11-01,saturn,-8.62575,3.479543
2037-12-01,saturn,-8.696125,3.323307
2038-01-01,saturn,-8.765826,3.160704
2038-02-01,saturn,-8.832441,2.996982
2038-03-01,saturn,-8.889945,2.848193
2038-04-01,saturn,-8.950645,2.68251
2038-05-01,saturn,-9.006411,2.521274
2038-06-01,saturn,-9.060949,2.353794
2038-07-01,saturn,-9.11073,2.190933
2038-08-01,saturn,-9.159065,2.021892
2038-09-01,saturn,-9.204235,1.852148
2038-10-01,saturn,-9.244928,1.687267
2038-11-01,saturn,-9.283853,1.516315
2038-12-01,saturn,-9.318493,1.350379
2039-01-01,saturn,-9.351154,1.178454
2039-02-01,saturn,-9.38063,1.006124
2039-03-01,saturn,-9.404513,0.850171
2039-04-01,saturn,-9.427922,0.677234
2039-05-01,saturn,-9.447543,0.509653
2039-06-01,saturn,-9.464685,0.336315
2039-07-01,saturn,-9.478247,0.168456
2039-08-01,saturn,-9.489135,-0.005056
2039-09-01,saturn,-9.496853,-0.178569
2039-10-01,saturn,-9.50131,-0.346432
2039-11-01,saturn,-9.502809,-0.519779
2039-12-01,saturn,-9.501263,-0.687374
2040-01-01,saturn,-9.496577,-0.860334
2040-02-01,saturn,-9.488763,-1.033013
2040-03-01,saturn,-9.478632,-1.194248
2040-04-01,saturn,-9.464797,-1.366224
2040-05-01,saturn,-9.448465,-1.532231
2040-06-01,saturn,-9.428561,-1.703281
2040-07-01,saturn,-9.406383,-1.86829
2040-08-01,saturn,-9.380468,-2.038204
2040-09-01,saturn,-9.351524,-2.207462
2040-10-01,saturn,-9.320646,-2.370585
2040-11-01,saturn,-9.285794,-2.538397
2040-12-01,saturn,-9.249235,-2.700023
2041-01-01,saturn,-9.208551,-2.866189
2041-02-01,saturn,-9.164933,-3.031443
2041-03-01,saturn,-9.123035,-3.179879
2041-04-01,saturn,-9.073898,-3.34326
2041-05-01,saturn,-9.023616,-3.500365
2041-06-01,saturn,-8.968861,-3.661622
2041-07-01,saturn,-8.91319,-3.816582
2041-08-01,saturn,-8.852914,-3.975531
2041-09-01,saturn,-8.789872,-4.133236
2041-10-01,saturn,-8.726255,-4.284628
2041-11-01,saturn,-8.657848,-4.439755
2041-12-01,saturn,-8.589093,-4.588567
2042-01-01,saturn,-8.515432,-4.740941
2042-02-01,saturn,-8.439145,-4.891853
2042-03-01,saturn,-8.368008,-5.026866
2042-04-01,saturn,-8.286807,-5.174875
2042-05-01,saturn,-8.20581,-5.316599
2042-06-01,saturn,-8.119648,-5.461448
2042-07-01,saturn,-8.03391,-5.600039
2042-08-01,saturn,-7.942913,-5.741572
2042-09-01,saturn,-7.849509,-5.881363
2042-10-01,saturn,-7.756859,-6.014949
2042-11-01,saturn,-7.658818,-6.1512
2042-12-01,saturn,-7.561746,-6.28129
2043-01-01,saturn,-7.459206,-6.413858
2043-02-01,saturn,-7.354432,-6.5445
2043-03-01,saturn,-7.257908,-6.660817
2043-04-01,saturn,-7.148984,-6.787701
2043-05-01,saturn,-7.041549,-6.908565
2043-06-01,saturn,-6.928477,-7.031435
2043-07-01,saturn,-6.8171,-7.148355
2043-08-01,saturn,-6.700028,-7.267087
2043-09-01,saturn,-6.580982,-7.383671
2043-10-01,saturn,-6.463932,-7.494419
2043-11-01,saturn,-6.341114,-7.606687
2043-12-01,saturn,-6.220489,-7.713206
2044-01-01,saturn,-6.094055,-7.821048
2044-02-01,saturn,-5.965844,-7.9266
2044-03-01,saturn,-5.844331,-8.023246
2044-04-01,saturn,-5.712795,-8.124291
2044-05-01,saturn,-5.583925,-8.219824
2044-06-01,saturn,-5.44917,-8.31619
2044-07-01,saturn,-5.317263,-8.40715
2044-08-01,saturn,-5.17945,-8.498745
2044-09-01,saturn,-5.040148,-8.587881
2044-10-01,saturn,-4.90396,-8.671782
2044-11-01,saturn,-4.76185,-8.756018
2044-12-01,saturn,-4.623026,-8.835138
2045-01-01,saturn,-4.478275,-8.914396
2045-02-01,saturn,-4.332248,-8.991095
2045-03-01,saturn,-4.19929,-9.058158
2045-04-01,saturn,-4.050953,-9.129938
2045-05-01,saturn,-3.906306,-9.196917
2045-06-01,saturn,-3.755749,-9.263546
2045-07-01,saturn,-3.609037,-9.325511
2045-08-01,saturn,-3.456432,-9.386928
2045-09-01,saturn,-3.302853,-9.445676
2045-10-01,saturn,-3.153343,-9.499973
2045-11-01,saturn,-2.997978,-9.553428
2045-12-01,saturn,-2.846823,-9.60258
2046-01-01,saturn,-2.689847,-9.650695
2046-02-01,saturn,-2.532118,-9.696079
2046-03-01,saturn,-2.389044,-9.734716
2046-04-01,saturn,-2.230009,-9.774876
2046-05-01,saturn,-2.075514,-9.811115
2046-06-01,saturn,-1.915302,-9.84584
2046-07-01,saturn,-1.759753,-9.876804
2046-08-01,saturn,-1.598541,-9.906065
2046-09-01,saturn,-1.436888,-9.932538
2046-10-01,saturn,-1.280074,-9.955499
2046-11-01,saturn,-1.117688,-9.976472
2046-12-01,saturn,-0.960249,-9.994102
2047-01-01,saturn,-0.797307,-10.009559
2047-02-01,saturn,-0.634149,-10.022208
2047-03-01,saturn,-0.486635,-10.031217
2047-04-01,saturn,-0.323196,-10.038515
2047-05-01,saturn,-0.164951,-10.042899
2047-06-01,saturn,-0.001394,-10.04466
2047-07-01,saturn,0.156879,-10.043686
2047-08-01,saturn,0.320375,-10.039911
2047-09-01,saturn,0.483773,-10.033325
2047-10-01,saturn,0.641764,-10.024276
2047-11-01,saturn,0.804836,-10.012164
2047-12-01,saturn,0.962425,-9.997774
2048-01-01,saturn,1.124994,-9.980149
2048-02-01,saturn,1.28724,-9.959729
2048-03-01,saturn,1.438685,-9.938101
2048-04-01,saturn,1.600177,-9.912288
2048-05-01,saturn,1.756026,-9.884662
2048-06-01,saturn,1.916577,-9.85339
2048-07-01,saturn,2.071431,-9.820495
2048-08-01,saturn,2.230868,-9.783794
2048-09-01,saturn,2.389672,-9.744348
2048-10-01,saturn,2.542709,-9.703569
2048-11-01,saturn,2.700137,-9.658749
2048-12-01,saturn,2.851759,-9.612789
2049-01-01,saturn,3.007639,-9.562638
2049-02-01,saturn,3.162666,-9.509796
2049-03-01,saturn,3.301922,-9.459765
2049-04-01,saturn,3.455206,-9.401836
2049-05-01,saturn,3.602612,-9.343252
2049-06-01,saturn,3.753927,-9.280119
2049-07-01,saturn,3.899346,-9.216526
2049-08-01,saturn,4.048522,-9.148248
2049-09-01,saturn,4.196549,-9.077381
2049-10-01,saturn,4.338664,-9.006349
2049-11-01,saturn,4.484301,-8.930436
2049-12-01,saturn,4.624025,-8.854557
2050-01-01,saturn,4.767109,-8.77367
2050-02-01,saturn,4.908833,-8.690286
2050-03-01,saturn,5.035639,-8.61284
2050-04-01,saturn,5.174659,-8.524758
2050-05-01,saturn,5.307785,-8.437197
2050-06-01,saturn,5.443852,-8.344341
2050-07-01,saturn,5.574043,-8.252203
2050-08-01,saturn,5.706999,-8.154662
2050-09-01,saturn,5.838313,-8.054777
2050-10-01,saturn,5.96379,-7.955904
2050-11-01,saturn,6.091758,-7.851478
2050-12-01,saturn,6.213923,-7.74826
2051-01-01,saturn,6.338392,-7.639395
2051-02-01,saturn,6.461024,-7.528314
2051-03-01,saturn,6.570178,-7.426102
2051-04-01,saturn,6.689209,-7.310884
2051-05-01,saturn,6.802547,-7.197352
2051-06-01,saturn,6.91771,-7.077967
2051-07-01,saturn,7.027235,-6.960461
2051-08-01,saturn,7.138387,-6.837029
2051-09-01,saturn,7.247445,-6.711587
2051-10-01,saturn,7.350959,-6.588309
2051-11-01,saturn,7.455794,-6.459009
2051-12-01,saturn,7.555154,-6.33206
2052-01-01,saturn,7.655629,-6.199033
2052-02-01,saturn,7.753836,-6.064163
2052-03-01,saturn,7.843625,-5.936358
2052-04-01,saturn,7.937348,-5.798025
2052-05-01,saturn,8.025795,-5.662502
2052-06-01,saturn,8.114832,-5.52079
2052-07-01,saturn,8.198684,-5.382068
2052-08-01,saturn,8.28291,-5.237125
2052-09-01,saturn,8.364644,-5.0906
2052-10-01,saturn,8.441341,-4.947331
2052-11-01,saturn,8.518084,-4.797808
2052-12-01,saturn,8.589895,-4.651716
2053-01-01,saturn,8.661533,-4.499356
2053-02-01,saturn,8.730533,-4.345617
2053-03-01,saturn,8.790566,-4.205607
2053-04-01,saturn,8.854471,-4.049365
2053-05-01,saturn,8.913729,-3.89697
2053-06-01,saturn,8.972264,-3.738308
2053-07-01,saturn,9.026277,-3.583657
2053-08-01,saturn,9.079344,-3.422752
2053-09-01,saturn,9.129596,-3.260776
2053-10-01,saturn,9.175525,-3.103051
2053-11-01,saturn,9.220171,-2.939107
2053-12-01,saturn,9.260632,-2.779567
2054-01-01,saturn,9.299586,-2.613843
2054-02-01,saturn,9.335617,-2.447287
2054-03-01,saturn,9.365631,-2.296177
2054-04-01,saturn,9.396044,-2.128178
2054-05-01,saturn,9.42264,-1.964945
2054-06-01,saturn,9.447175,-1.795648
2054-07-01,saturn,9.468051,-1.631257
2054-08-01,saturn,9.486644,-1.460864
2054-09-01,saturn,9.502194,-1.289993
2054-10-01,saturn,9.514333,-1.124229
2054-11-01,saturn,9.523857,-0.952573
2054-12-01,saturn,9.53014,-0.786151
2055-01-01,saturn,9.533589,-0.613921
2055-02-01,saturn,9.533935,-0.441482
2055-03-01,saturn,9.531572,-0.285597
2055-04-01,saturn,9.525986,-0.112913
2055-05-01,saturn,9.517602,0.054245
2055-06-01,saturn,9.505854,0.226966
2055-07-01,saturn,9.491495,0.394054
2055-08-01,saturn,9.473563,0.566592
2055-09-01,saturn,9.452483,0.738951
2055-10-01,saturn,9.429082,0.905525
2055-11-01,saturn,9.401798,1.077361
2055-12-01,saturn,9.372392,1.24332
2056-01-01,saturn,9.338904,1.414408
2056-02-01,saturn,9.302265,1.585027
2056-03-01,saturn,9.265139,1.744162
2056-04-01,saturn,9.222409,1.913706
2056-05-01,saturn,9.178068,2.07717
2056-06-01,saturn,9.129165,2.245392
2056-07-01,saturn,9.078863,2.407464
2056-08-01,saturn,9.023815,2.574132
2056-09-01,saturn,8.965658,2.739922
2056-10-01,saturn,8.906428,2.89947
2056-11-01,saturn,8.842186,3.063355
2056-12-01,saturn,8.77709,3.220948
2057-01-01,saturn,8.706813,3.382696
2057-02-01,saturn,8.633493,3.543269
2057-03-01,saturn,8.564666,3.687243
2057-04-01,saturn,8.4856,3.845415
2057-05-01,saturn,8.406236,3.997201
2057-06-01,saturn,8.321303,4.152662
2057-07-01,saturn,8.2363,4.301714
2057-08-01,saturn,8.145583,4.454236
2057-09-01,saturn,8.051963,4.605176
2057-10-01,saturn,7.958622,4.749687
2057-11-01,saturn,7.859364,4.897346
2057-12-01,saturn,7.760618,5.038572
2058-01-01,saturn,7.65583,5.182725
2058-02-01,saturn,7.548276,5.325012
2058-03-01,saturn,7.44878,5.451878
2058-04-01,saturn,7.336051,5.590457
2058-05-01,saturn,7.224417,5.722634
2058-06-01,saturn,7.106468,5.857168
2058-07-01,saturn,6.98985,5.985328
2058-08-01,saturn,6.866824,6.115605
2058-09-01,saturn,6.741274,6.24364
2058-10-01,saturn,6.617411,6.36536
2058-11-01,saturn,6.487015,6.48883
2058-12-01,saturn,6.358541,6.606035
2059-01-01,saturn,6.223465,6.724741
2059-02-01,saturn,6.086076,6.840952
2059-03-01,saturn,5.960034,6.943732
2059-04-01,saturn,5.818374,7.055061
2059-05-01,saturn,5.679212,7.160291
2059-06-01,saturn,5.533319,7.266393
2059-07-01,saturn,5.390154,7.366479
2059-08-01,saturn,5.240225,7.467178
2059-09-01,saturn,5.088321,7.565068
2059-10-01,saturn,4.93949,7.657084
2059-11-01,saturn,4.783861,7.749322
2059-12-01,saturn,4.631528,7.835793
2060-01-01,saturn,4.47239,7.922223
2060-02-01,saturn,4.311554,8.005647
2060-03-01,saturn,4.159609,8.080933
2060-04-01,saturn,3.995653,8.158432
2060-05-01,saturn,3.835535,8.230469
2060-06-01,saturn,3.668639,8.301815
2060-07-01,saturn,3.505791,8.367837
2060-08-01,saturn,3.336196,8.432906
2060-09-01,saturn,3.165322,8.494742
2060-10-01,saturn,2.998804,8.551479
2060-11-01,saturn,2.825603,8.606874
2060-12-01,saturn,2.656955,8.657329
2061-01-01,saturn,2.481681,8.706186
2061-02-01,saturn,2.305453,8.751687
2061-03-01,saturn,2.145514,8.789882
2061-04-01,saturn,1.967654,8.82894
2061-05-01,saturn,1.79481,8.86349
2061-06-01,saturn,1.615524,8.89582
2061-07-01,saturn,1.441428,8.923829
2061-08-01,saturn,1.260983,8.949373
2061-09-01,saturn,1.080053,8.97145
2061-10-01,saturn,0.904563,8.989505
2061-11-01,saturn,0.722883,9.004733
2061-12-01,saturn,0.546798,9.016145
2062-01-01,saturn,0.36464,9.024496
2062-02-01,saturn,0.182343,9.029345
2062-03-01,saturn,0.017629,9.030714
2062-04-01,saturn,-0.164734,9.028894
2062-05-01,saturn,-0.341149,9.023797
2062-06-01,saturn,-0.523311,9.015084
2062-07-01,saturn,-0.699399,9.003323
2062-08-01,saturn,-0.881084,8.987732
2062-09-01,saturn,-1.062423,8.968656
2062-10-01,saturn,-1.237516,8.946884
2062-11-01,saturn,-1.417968,8.920975
2062-12-01,saturn,-1.592071,8.89261
2063-01-01,saturn,-1.771365,8.859913
2063-02-01,saturn,-1.949968,8.823786
2063-03-01,saturn,-2.110635,8.788222
2063-04-01,saturn,-2.287733,8.745616
2063-05-01,saturn,-2.458271,8.701168
2063-06-01,saturn,-2.633554,8.651934
2063-07-01,saturn,-2.802209,8.601112
2063-08-01,saturn,-2.975418,8.545337
2063-09-01,saturn,-3.147474,8.486272
2063-10-01,saturn,-3.312822,8.426007
2063-11-01,saturn,-3.482422,8.360549
2063-12-01,saturn,-3.645272,8.29415
2064-01-01,saturn,-3.812169,8.222411
2064-02-01,saturn,-3.977599,8.147526
2064-03-01,saturn,-4.130974,8.074654
2064-04-01,saturn,-4.293392,7.993776
2064-05-01,saturn,-4.449006,7.912606
2064-06-01,saturn,-4.608132,7.825769
2064-07-01,saturn,-4.760451,7.738903
2064-08-01,saturn,-4.916061,7.646255
2064-09-01,saturn,-5.069801,7.550711
2064-10-01,saturn,-5.216748,7.455533
2064-11-01,saturn,-5.366647,7.354415
2064-12-01,saturn,-5.509777,7.253921
2065-01-01,saturn,-5.65563,7.147396
2065-02-01,saturn,-5.79935,7.03819
2065-03-01,saturn,-5.927288,6.937287
2065-04-01,saturn,-6.066814,6.823107
2065-05-01,saturn,-6.199674,6.710187
2065-06-01,saturn,-6.334682,6.591047
2065-07-01,saturn,-6.463084,6.47342
2065-08-01,saturn,-6.593398,6.349513
2065-09-01,saturn,-6.721262,6.22326
2065-10-01,saturn,-6.842629,6.098893
2065-11-01,saturn,-6.965552,5.968174
2065-12-01,saturn,-7.082063,5.839585
2066-01-01,saturn,-7.199892,5.704607
2066-02-01,saturn,-7.315078,5.567546
2066-03-01,saturn,-7.416814,5.442003
2066-04-01,saturn,-7.52687,5.30113
2066-05-01,saturn,-7.630764,5.16297
2066-06-01,saturn,-7.735391,5.018369
2066-07-01,saturn,-7.833971,4.876708
2066-08-01,saturn,-7.93305,4.728601
2066-09-01,saturn,-8.029266,4.578797
2066-10-01,saturn,-8.119628,4.432267
2066-11-01,saturn,-8.210134,4.279297
2066-12-01,saturn,-8.294924,4.129811
2067-01-01,saturn,-8.379627,3.973902
2067-02-01,saturn,-8.461348,3.816588
2067-03-01,saturn,-8.532579,3.67334
2067-04-01,saturn,-8.608567,3.513516
2067-05-01,saturn,-8.679211,3.357674
2067-06-01,saturn,-8.749203,3.195483
2067-07-01,saturn,-8.814013,3.037463
2067-08-01,saturn,-8.877948,2.873139
2067-09-01,saturn,-8.938785,2.707819
2067-10-01,saturn,-8.994698,2.546941
2067-11-01,saturn,-9.049403,2.379839
2067-12-01,saturn,-9.099363,2.217349
2068-01-01,saturn,-9.147899,2.048698
2068-02-01,saturn,-9.193289,1.879348
2068-03-01,saturn,-9.232897,1.720346
2068-04-01,saturn,-9.27218,1.549815
2068-05-01,saturn,-9.307186,1.384288
2068-06-01,saturn,-9.340246,1.212785
2068-07-01,saturn,-9.369225,1.046429
2068-08-01,saturn,-9.396055,0.874184
2068-09-01,saturn,-9.419718,0.70165
2068-10-01,saturn,-9.439606,0.534461
2068-11-01,saturn,-9.457045,0.361528
2068-12-01,saturn,-9.470915,0.194062
2069-01-01,saturn,-9.482144,0.020954
2069-02-01,saturn,-9.490225,-0.152157
2069-03-01,saturn,-9.494824,-0.308471
2069-04-01,saturn,-9.496934,-0.481431
2069-05-01,saturn,-9.495999,-0.648659
2069-06-01,saturn,-9.491967,-0.821249
2069-07-01,saturn,-9.485108,-0.988014
2069-08-01,saturn,-9.474975,-1.160018
2069-09-01,saturn,-9.46176,-1.331643
2069-10-01,saturn,-9.446049,-1.497319
2069-11-01,saturn,-9.426808,-1.668041
2069-12-01,saturn,-9.405294,-1.832742
2070-01-01,saturn,-9.380086,-2.002353
2070-02-01,saturn,-9.35187,-2.171321
2070-03-01,saturn,-9.323814,-2.323342
2070-04-01,saturn,-9.289922,-2.490945
2070-05-01,saturn,-9.254311,-2.652388
2070-06-01,saturn,-9.214625,-2.818385
2070-07-01,saturn,-9.173443,-2.97818
2070-08-01,saturn,-9.128042,-3.142379
2070-09-01,saturn,-9.07977,-3.305591
2070-10-01,saturn,-9.030342,-3.462553
2070-11-01,saturn,-8.976487,-3.623683
2070-12-01,saturn,-8.921702,-3.778541
2071-01-01,saturn,-8.862359,-3.937408
2071-02-01,saturn,-8.800265,-4.095055
2071-03-01,saturn,-8.741837,-4.236361
2071-04-01,saturn,-8.67458,-4.391563
2071-05-01,saturn,-8.606948,-4.540476
2071-06-01,saturn,-8.534459,-4.692983
2071-07-01,saturn,-8.461816,-4.839206
2071-08-01,saturn,-8.384206,-4.988851
2071-09-01,saturn,-8.304039,-5.13698
2071-10-01,saturn,-8.22405,-5.278848
2071-11-01,saturn,-8.138939,-5.423874
2071-12-01,saturn,-8.054225,-5.562663
2072-01-01,saturn,-7.964293,-5.704431
2072-02-01,saturn,-7.87196,-5.844486
2072-03-01,saturn,-7.783438,-5.973921
2072-04-01,saturn,-7.686551,-6.110553
2072-05-01,saturn,-7.590596,-6.241043
2072-06-01,saturn,-7.489211,-6.374055
2072-07-01,saturn,-7.388969,-6.500974
2072-08-01,saturn,-7.283221,-6.630229
2072-09-01,saturn,-7.17531,-6.757523
2072-10-01,saturn,-7.068854,-6.878813
2072-11-01,saturn,-6.956792,-7.002153
2072-12-01,saturn,-6.846389,-7.119556
2073-01-01,saturn,-6.73032,-7.238817
2073-02-01,saturn,-6.612271,-7.35596
2073-03-01,saturn,-6.503976,-7.45992
2073-04-01,saturn,-6.382264,-7.572948
2073-05-01,saturn,-6.2627,-7.680231
2073-06-01,saturn,-6.137351,-7.788894
2073-07-01,saturn,-6.01434,-7.891901
2073-08-01,saturn,-5.885506,-7.996093
2073-09-01,saturn,-5.754961,-8.097974
2073-10-01,saturn,-5.627036,-8.194344
2073-11-01,saturn,-5.493243,-8.291602
2073-12-01,saturn,-5.362252,-8.383452
2074-01-01,saturn,-5.225369,-8.475995
2074-02-01,saturn,-5.086979,-8.566106
2074-03-01,saturn,-4.96072,-8.645389
2074-04-01,saturn,-4.819575,-8.730812
2074-05-01,saturn,-4.681664,-8.811106
2074-06-01,saturn,-4.537833,-8.891603
2074-07-01,saturn,-4.397403,-8.967091
2074-08-01,saturn,-4.251052,-9.042586
2074-09-01,saturn,-4.103484,-9.11551
2074-10-01,saturn,-3.959559,-9.183618
2074-11-01,saturn,-3.809724,-9.251434
2074-12-01,saturn,-3.663687,-9.314568
2075-01-01,saturn,-3.511755,-9.377213
2075-02-01,saturn,-3.358822,-9.437207
2075-03-01,saturn,-3.219866,-9.489105
2075-04-01,saturn,-3.065151,-9.544015
2075-05-01,saturn,-2.914596,-9.594591
2075-06-01,saturn,-2.758209,-9.644194
2075-07-01,saturn,-2.60612,-9.689613
2075-08-01,saturn,-2.448233,-9.733863
2075-09-01,saturn,-2.289652,-9.775378
2075-10-01,saturn,-2.135567,-9.812939
2075-11-01,saturn,-1.975749,-9.849041
2075-12-01,saturn,-1.820553,-9.881348
2076-01-01,saturn,-1.659676,-9.912006
2076-02-01,saturn,-1.498328,-9.939885
2076-03-01,saturn,-1.347002,-9.963444
2076-04-01,saturn,-1.184871,-9.985928
2076-05-01,saturn,-1.027648,-10.005024
2076-06-01,saturn,-0.864897,-10.022002
2076-07-01,saturn,-0.707159,-10.035762
2076-08-01,saturn,-0.543965,-10.047218
2076-09-01,saturn,-0.380613,-10.055864
2076-10-01,saturn,-0.222424,-10.061554
2076-11-01,saturn,-0.058897,-10.064664
2076-12-01,saturn,0.099376,-10.064995
2077-01-01,saturn,0.2629,-10.062568
2077-02-01,saturn,0.426356,-10.057327
2077-03-01,saturn,0.573895,-10.050175
2077-04-01,saturn,0.737093,-10.039583
2077-05-01,saturn,0.894833,-10.026658
2077-06-01,saturn,1.057588,-10.010541
2077-07-01,saturn,1.214815,-9.992278
2077-08-01,saturn,1.376952,-9.970653
2077-09-01,saturn,1.538706,-9.946236
2077-10-01,saturn,1.694835,-9.919953
2077-11-01,saturn,1.855704,-9.890059
2077-12-01,saturn,2.010891,-9.858489
2078-01-01,saturn,2.170698,-9.823146
2078-02-01,saturn,2.329899,-9.785045
2078-03-01,saturn,2.473134,-9.748269
2078-04-01,saturn,2.631055,-9.704947
2078-05-01,saturn,2.78318,-9.660423
2078-06-01,saturn,2.939607,-9.611741
2078-07-01,saturn,3.090202,-9.562052
2078-08-01,saturn,3.244961,-9.508055
2078-09-01,saturn,3.398807,-9.451377
2078-10-01,saturn,3.546779,-9.393986
2078-11-01,saturn,3.698698,-9.332071
2078-12-01,saturn,3.844722,-9.26964
2079-01-01,saturn,3.994544,-9.202547
2079-02-01,saturn,4.143235,-9.132845
2079-03-01,saturn,4.276528,-9.067662
2079-04-01,saturn,4.422946,-8.993044
2079-05-01,saturn,4.563446,-8.918399
2079-06-01,saturn,4.707351,-8.838769
2079-07-01,saturn,4.845338,-8.759309
2079-08-01,saturn,4.986564,-8.674742
2079-09-01,saturn,5.126365,-8.587696
2079-10-01,saturn,5.260262,-8.501119
2079-11-01,saturn,5.397139,-8.40926
2079-12-01,saturn,5.528127,-8.318068
2080-01-01,saturn,5.661918,-8.221485
2080-02-01,saturn,5.79408,-8.122537
2080-03-01,saturn,5.916205,-8.027854
2080-04-01,saturn,6.045099,-7.9244
2080-05-01,saturn,6.168172,-7.822102
2080-06-01,saturn,6.293589,-7.714167
2080-07-01,saturn,6.413223,-7.607584
2080-08-01,saturn,6.535012,-7.495275
2080-09-01,saturn,6.654898,-7.380786
2080-10-01,saturn,6.769069,-7.267942
2080-11-01,saturn,6.885101,-7.149249
2080-12-01,saturn,6.995471,-7.032394
2081-01-01,saturn,7.107502,-6.909617
2081-02-01,saturn,7.217445,-6.784813
2081-03-01,saturn,7.314923,-6.67037
2081-04-01,saturn,7.420791,-6.541796
2081-05-01,saturn,7.521157,-6.415532
2081-06-01,saturn,7.622677,-6.283192
2081-07-01,saturn,7.718769,-6.153348
2081-08-01,saturn,7.815806,-6.017378
2081-09-01,saturn,7.910515,-5.879619
2081-10-01,saturn,7.999919,-5.744633
2081-11-01,saturn,8.089948,-5.60346
2081-12-01,saturn,8.174763,-5.465242
2082-01-01,saturn,8.259987,-5.320805
2082-02-01,saturn,8.342723,-5.174767
2082-03-01,saturn,8.415287,-5.041521
2082-04-01,saturn,8.493202,-4.89255
2082-05-01,saturn,8.566151,-4.746975
2082-06-01,saturn,8.638969,-4.595131
2082-07-01,saturn,8.706931,-4.446854
2082-08-01,saturn,8.774541,-4.292303
2082-09-01,saturn,8.839463,-4.13644
2082-10-01,saturn,8.899708,-3.984399
2082-11-01,saturn,8.959265,-3.826088
2082-12-01,saturn,9.014269,-3.671763
2083-01-01,saturn,9.068363,-3.51118
2083-02-01,saturn,9.119644,-3.349513
2083-03-01,saturn,9.163526,-3.202598
2083-04-01,saturn,9.209391,-3.038998
2083-05-01,saturn,9.251036,-2.879775
2083-06-01,saturn,9.291217,-2.714361
2083-07-01,saturn,9.327322,-2.553476
2083-08-01,saturn,9.36174,-2.386441
2083-09-01,saturn,9.393201,-2.218658
2083-10-01,saturn,9.420815,-2.055623
2083-11-01,saturn,9.446405,-1.886516
2083-12-01,saturn,9.468306,-1.722296
2084-01-01,saturn,9.487961,-1.552068
2084-02-01,saturn,9.504579,-1.381348
2084-03-01,saturn,9.517361,-1.221245
2084-04-01,saturn,9.528059,-1.049726
2084-05-01,saturn,9.535483,-0.883422
2084-06-01,saturn,9.540117,-0.7113
2084-07-01,saturn,9.541652,-0.544516
2084-08-01,saturn,9.540181,-0.372005
2084-09-01,saturn,9.535595,-0.199378
2084-10-01,saturn,9.528183,-0.032263
2084-11-01,saturn,9.517446,0.140425
2084-12-01,saturn,9.504071,0.307493
2085-01-01,saturn,9.487161,0.480023
2085-02-01,saturn,9.467109,0.652386
2085-03-01,saturn,9.446294,0.807879
2085-04-01,saturn,9.420255,0.979767
2085-05-01,saturn,9.39206,1.145792
2085-06-01,saturn,9.359829,1.316966
2085-07-01,saturn,9.325644,1.48219
2085-08-01,saturn,9.287229,1.652422
2085-09-01,saturn,9.245675,1.822089
2085-10-01,saturn,9.202479,1.985687
2085-11-01,saturn,9.154767,2.154066
2085-12-01,saturn,9.105623,2.316308
2086-01-01,saturn,9.05178,2.483171
2086-02-01,saturn,8.994834,2.649174
2086-03-01,saturn,8.940742,2.798324
2086-04-01,saturn,8.877923,2.962527
2086-05-01,saturn,8.814209,3.120452
2086-06-01,saturn,8.745366,3.282567
2086-07-01,saturn,8.675851,3.438359
2086-08-01,saturn,8.601045,3.598156
2086-09-01,saturn,8.523233,3.756688
2086-10-01,saturn,8.445088,3.908844
2086-11-01,saturn,8.36142,4.064712
2086-12-01,saturn,8.277646,4.21418
2087-01-01,saturn,8.188204,4.367157
2087-02-01,saturn,8.095862,4.518578
2087-03-01,saturn,8.009985,4.65396
2087-04-01,saturn,7.912194,4.80226
2087-05-01,saturn,7.814869,4.944136
2087-06-01,saturn,7.71155,5.088992
2087-07-01,saturn,7.60893,5.227428
2087-08-01,saturn,7.500197,5.36862
2087-09-01,saturn,7.388761,5.507867
2087-10-01,saturn,7.278377,5.640719
2087-11-01,saturn,7.16172,5.775979
2087-12-01,saturn,7.04635,5.90487
2088-01-01,saturn,6.924611,6.035933
2088-02-01,saturn,6.800345,6.164784
2088-03-01,saturn,6.681845,6.283274
2088-04-01,saturn,6.552803,6.407697
2088-05-01,saturn,6.425632,6.525857
2088-06-01,saturn,6.291895,6.645582
2088-07-01,saturn,6.160262,6.759103
2088-08-01,saturn,6.022,6.873939
2088-09-01,saturn,5.881508,6.98622
2088-10-01,saturn,5.743468,7.092401
2088-11-01,saturn,5.598725,7.199516
2088-12-01,saturn,5.456663,7.300612
2089-01-01,saturn,5.307862,7.402387
2089-02-01,saturn,5.157074,7.501383
2089-03-01,saturn,5.019216,7.588376
2089-04-01,saturn,4.864795,7.681968
2089-05-01,saturn,4.713613,7.769782
2089-06-01,saturn,4.555644,7.857634
2089-07-01,saturn,4.401132,7.939821
2089-08-01,saturn,4.239834,8.021786
2089-09-01,saturn,4.07693,8.100706
2089-10-01,saturn,3.917808,8.174148
2089-11-01,saturn,3.751917,8.246975
2089-12-01,saturn,3.590019,8.31446
2090-01-01,saturn,3.421378,8.381072
2090-02-01,saturn,3.251432,8.44448
2090-03-01,saturn,3.096863,8.498974
2090-04-01,saturn,2.924608,8.556209
2090-05-01,saturn,2.756841,8.608472
2090-06-01,saturn,2.582443,8.659226
2090-07-01,saturn,2.412726,8.705175
2090-08-01,saturn,2.23644,8.74936
2090-09-01,saturn,2.059292,8.790177
2090-10-01,saturn,1.887103,8.826452
2090-11-01,saturn,1.708458,8.860587
2090-12-01,saturn,1.534947,8.890365
2091-01-01,saturn,1.355069,8.917758
2091-02-01,saturn,1.174666,8.941704
2091-03-01,saturn,1.011328,8.960362
2091-04-01,saturn,0.830117,8.977721
2091-05-01,saturn,0.654443,8.991212
2091-06-01,saturn,0.472663,9.001728
2091-07-01,saturn,0.29657,9.008585
2091-08-01,saturn,0.114491,9.012237
2091-09-01,saturn,-0.067635,9.012398
2091-10-01,saturn,-0.243865,9.009228
2091-11-01,saturn,-0.425879,9.002517
2091-12-01,saturn,-0.601869,8.992701
2092-01-01,saturn,-0.783498,8.979128
2092-02-01,saturn,-0.964829,8.962076
2092-03-01,saturn,-1.134127,8.94298
2092-04-01,saturn,-1.31468,8.919214
2092-05-01,saturn,-1.488929,8.892925
2092-06-01,saturn,-1.668423,8.862373
2092-07-01,saturn,-1.841518,8.82954
2092-08-01,saturn,-2.019687,8.792252
2092-09-01,saturn,-2.19708,8.751563
2092-10-01,saturn,-2.36795,8.708967
2092-11-01,saturn,-2.54362,8.661641
2092-12-01,saturn,-2.712696,8.612658
2093-01-01,saturn,-2.886384,8.558774
2093-02-01,saturn,-3.058966,8.501591
2093-03-01,saturn,-3.213842,8.447127
2093-04-01,saturn,-3.38414,8.383736
2093-05-01,saturn,-3.547714,8.31932
2093-06-01,saturn,-3.715406,8.249613
2093-07-01,saturn,-3.87634,8.179141
2093-08-01,saturn,-4.041184,8.103236
2093-09-01,saturn,-4.204489,8.024229
2093-10-01,saturn,-4.361004,7.94485
2093-11-01,saturn,-4.521106,7.859839
2093-12-01,saturn,-4.674411,7.774716
2094-01-01,saturn,-4.831082,7.683843
2094-02-01,saturn,-4.985925,7.590048
2094-03-01,saturn,-5.124165,7.502851
2094-04-01,saturn,-5.275375,7.403605
2094-05-01,saturn,-5.419815,7.304891
2094-06-01,saturn,-5.567062,7.200169
2094-07-01,saturn,-5.70757,7.096238
2094-08-01,saturn,-5.850654,6.986212
2094-09-01,saturn,-5.991548,6.873559
2094-10-01,saturn,-6.125766,6.762081
2094-11-01,saturn,-6.262209,6.644395
2094-12-01,saturn,-6.392031,6.528138
2095-01-01,saturn,-6.523842,6.405607
2095-02-01,saturn,-6.653234,6.28069
2095-03-01,saturn,-6.767988,6.165853
2095-04-01,saturn,-6.892656,6.036534
2095-05-01,saturn,-7.010883,5.909258
2095-06-01,saturn,-7.130512,5.77559
2095-07-01,saturn,-7.24379,5.644205
2095-08-01,saturn,-7.358232,5.506396
2095-09-01,saturn,-7.469983,5.366565
2095-10-01,saturn,-7.575536,5.229372
2095-11-01,saturn,-7.681895,5.085725
2095-12-01,saturn,-7.782167,4.944944
2096-01-01,saturn,-7.883008,4.7977
2096-02-01,saturn,-7.981,4.648714
2096-03-01,saturn,-8.070066,4.507814
2096-04-01,saturn,-8.162465,4.355622
2096-05-01,saturn,-8.249095,4.206842
2096-06-01,saturn,-8.335708,4.051615
2096-07-01,saturn,-8.416693,3.900011
2096-08-01,saturn,-8.49743,3.74198
2096-09-01,saturn,-8.575148,3.582613
2096-10-01,saturn,-8.647467,3.427171
2096-11-01,saturn,-8.719191,3.26535
2096-12-01,saturn,-8.785675,3.107646
2097-01-01,saturn,-8.851338,2.943606
2097-02-01,saturn,-8.913897,2.778527
2097-03-01,saturn,-8.967725,2.628581
2097-04-01,saturn,-9.024344,2.461694
2097-05-01,saturn,-9.076148,2.299369
2097-06-01,saturn,-9.126582,2.130843
2097-07-01,saturn,-9.172384,1.967046
2097-08-01,saturn,-9.2166,1.797117
2097-09-01,saturn,-9.257646,1.626564
2097-10-01,saturn,-9.294345,1.460976
2097-11-01,saturn,-9.329139,1.289373
2097-12-01,saturn,-9.359781,1.122881
2098-01-01,saturn,-9.388313,0.950459
2098-02-01,saturn,-9.41366,0.77771
2098-03-01,saturn,-9.433818,0.621448
2098-04-01,saturn,-9.453108,0.44824
2098-05-01,saturn,-9.468748,0.280472
2098-06-01,saturn,-9.481785,0.107016
2098-07-01,saturn,-9.491381,-0.060884
2098-08-01,saturn,-9.498184,-0.234363
2098-09-01,saturn,-9.501827,-0.407769
2098-10-01,saturn,-9.502354,-0.575456
2098-11-01,saturn,-9.499806,-0.748549
2098-12-01,saturn,-9.494358,-0.915827
2099-01-01,saturn,-9.485657,-1.088387
2099-02-01,saturn,-9.473846,-1.260594
2099-03-01,saturn,-9.460515,-1.415786
2099-04-01,saturn,-9.442821,-1.587167
2099-05-01,saturn,-9.422774,-1.752532
2099-06-01,saturn,-9.399053,-1.922852
2099-07-01,saturn,-9.373204,-2.087089
2099-08-01,saturn,-9.343519,-2.256141
2099-09-01,saturn,-9.310831,-2.42447
2099-10-01,saturn,-9.276354,-2.586631
2099-11-01,saturn,-9.23781,-2.753386
2099-12-01,saturn,-9.197704,-2.913928
2100-01-01,saturn,-9.153384,-3.078912
2100-02-01,saturn,-9.106161,-3.242921
2100-03-01,saturn,-9.061032,-3.390179
2100-04-01,saturn,-9.008349,-3.552197
2100-05-01,saturn,-8.954666,-3.707927
2100-06-01,saturn,-8.89643,-3.867705
2100-07-01,saturn,-8.837422,-4.021177
2100-08-01,saturn,-8.773733,-4.178531
2100-09-01,saturn,-8.707312,-4.334585
2100-10-01,saturn,-8.640461,-4.484325
2100-11-01,saturn,-8.568749,-4.63769
2100-12-01,saturn,-8.49683,-4.784746
1900-01-01,uranus,-6.476592,-17.852291
1900-02-01,uranus,-6.362531,-17.899296
1900-03-01,uranus,-6.259277,-17.941104
1900-04-01,uranus,-6.14471,-17.986673
1900-05-01,uranus,-6.033592,-18.030051
1900-06-01,uranus,-5.918522,-18.07413
1900-07-01,uranus,-5.806928,-18.116064
1900-08-01,uranus,-5.691376,-18.158647
1900-09-01,uranus,-5.575588,-18.200469
1900-10-01,uranus,-5.463314,-18.240216
1900-11-01,uranus,-5.347076,-18.280536
1900-12-01,uranus,-5.234377,-18.318827
1901-01-01,uranus,-5.11771,-18.357641
1901-02-01,uranus,-5.000834,-18.395688
1901-03-01,uranus,-4.895092,-18.429394
1901-04-01,uranus,-4.777831,-18.46598
1901-05-01,uranus,-4.664167,-18.500654
1901-06-01,uranus,-4.54653,-18.535726
1901-07-01,uranus,-4.432512,-18.568934
1901-08-01,uranus,-4.314519,-18.60249
1901-09-01,uranus,-4.196353,-18.635275
1901-10-01,uranus,-4.08184,-18.666268
1901-11-01,uranus,-3.96335,-18.697533
1901-12-01,uranus,-3.848534,-18.727055
1902-01-01,uranus,-3.729741,-18.7568
1902-02-01,uranus,-3.610802,-18.785772
1902-03-01,uranus,-3.503252,-18.811275
1902-04-01,uranus,-3.38405,-18.838774
1902-05-01,uranus,-3.268568,-18.86465
1902-06-01,uranus,-3.149114,-18.890627
1902-07-01,uranus,-3.033399,-18.915029
1902-08-01,uranus,-2.913713,-18.939483
1902-09-01,uranus,-2.793918,-18.963163
1902-10-01,uranus,-2.677887,-18.985343
1902-11-01,uranus,-2.55789,-19.007501
1902-12-01,uranus,-2.441674,-19.028207
1903-01-01,uranus,-2.321497,-19.048843
1903-02-01,uranus,-2.201235,-19.068706
1903-03-01,uranus,-2.092543,-19.085983
1903-04-01,uranus,-1.972135,-19.104375
1903-05-01,uranus,-1.855544,-19.121439
1903-06-01,uranus,-1.735004,-19.138313
1903-07-01,uranus,-1.618295,-19.153909
1903-08-01,uranus,-1.497642,-19.169265
1903-09-01,uranus,-1.376939,-19.183852
1903-10-01,uranus,-1.260087,-19.197235
1903-11-01,uranus,-1.1393,-19.210308
1903-12-01,uranus,-1.022376,-19.222228
1904-01-01,uranus,-0.901524,-19.233789
1904-02-01,uranus,-0.780647,-19.244583
1904-03-01,uranus,-0.667549,-19.253987
1904-04-01,uranus,-0.546635,-19.263298
1904-05-01,uranus,-0.429611,-19.27158
1904-06-01,uranus,-0.308678,-19.279387
1904-07-01,uranus,-0.191645,-19.286215
1904-08-01,uranus,-0.070712,-19.29252
1904-09-01,uranus,0.050215,-19.298063
1904-10-01,uranus,0.167229,-19.302703
1904-11-01,uranus,0.288129,-19.30675
1904-12-01,uranus,0.40511,-19.309944
1905-01-01,uranus,0.525965,-19.312497
1905-02-01,uranus,0.646792,-19.314294
1905-03-01,uranus,0.755896,-19.315267
1905-04-01,uranus,0.876655,-19.315625
1905-05-01,uranus,0.993478,-19.315253
1905-06-01,uranus,1.114149,-19.314127
1905-07-01,uranus,1.23088,-19.312321
1905-08-01,uranus,1.351447,-19.309716
1905-09-01,uranus,1.471955,-19.30636
1905-10-01,uranus,1.588515,-19.302399
1905-11-01,uranus,1.708894,-19.29757
1905-12-01,uranus,1.825321,-19.292185
1906-01-01,uranus,1.945554,-19.285887
1906-02-01,uranus,2.065706,-19.278843
1906-03-01,uranus,2.174158,-19.271842
1906-04-01,uranus,2.294145,-19.263384
1906-05-01,uranus,2.410174,-19.254492
1906-06-01,uranus,2.529975,-19.244575
1906-07-01,uranus,2.645815,-19.234274
1906-08-01,uranus,2.765414,-19.222903
1906-09-01,uranus,2.884903,-19.210795
1906-10-01,uranus,3.000431,-19.198376
1906-11-01,uranus,3.119694,-19.184821
1906-12-01,uranus,3.234994,-19.171004
1907-01-01,uranus,3.354015,-19.156006
1907-02-01,uranus,3.472907,-19.140276
1907-03-01,uranus,3.580178,-19.125441
1907-04-01,uranus,3.698812,-19.108323
1907-05-01,uranus,3.813486,-19.091063
1907-06-01,uranus,3.931839,-19.072514
1907-07-01,uranus,4.046233,-19.053871
1907-08-01,uranus,4.164289,-19.033895
1907-09-01,uranus,4.282189,-19.013196
1907-10-01,uranus,4.396132,-18.992477
1907-11-01,uranus,4.513712,-18.970358
1907-12-01,uranus,4.627338,-18.948268
1908-01-01,uranus,4.744582,-18.924734
1908-02-01,uranus,4.86165,-18.900484
1908-03-01,uranus,4.971001,-18.877151
1908-04-01,uranus,5.087716,-18.851516
1908-05-01,uranus,5.200486,-18.82603
1908-06-01,uranus,5.316826,-18.798993
1908-07-01,uranus,5.429227,-18.772152
1908-08-01,uranus,5.545178,-18.743719
1908-09-01,uranus,5.660925,-18.714577
1908-10-01,uranus,5.77274,-18.685702
1908-11-01,uranus,5.888075,-18.655171
1908-12-01,uranus,5.999483,-18.624954
1909-01-01,uranus,6.114389,-18.593039
1909-02-01,uranus,6.229071,-18.560422
1909-03-01,uranus,6.332459,-18.530361
1909-04-01,uranus,6.446705,-18.496413
1909-05-01,uranus,6.557041,-18.462897
1909-06-01,uranus,6.670819,-18.427578
1909-07-01,uranus,6.780696,-18.392738
1909-08-01,uranus,6.893993,-18.356055
1909-09-01,uranus,7.007038,-18.31868
1909-10-01,uranus,7.116194,-18.281854
1909-11-01,uranus,7.228733,-18.243124
1909-12-01,uranus,7.337392,-18.204988
1910-01-01,uranus,7.44941,-18.164907
1910-02-01,uranus,7.561157,-18.124142
1910-03-01,uranus,7.661854,-18.086736
1910-04-01,uranus,7.773073,-18.044674
1910-05-01,uranus,7.880436,-18.003323
1910-06-01,uranus,7.991096,-17.959927
1910-07-01,uranus,8.097909,-17.917287
1910-08-01,uranus,8.207993,-17.872563
1910-09-01,uranus,8.317777,-17.827167
1910-10-01,uranus,8.423732,-17.782597
1910-11-01,uranus,8.532917,-17.735883
1910-12-01,uranus,8.638284,-17.690041
1911-01-01,uranus,8.746853,-17.642017
1911-02-01,uranus,8.855104,-17.59333
1911-03-01,uranus,8.952601,-17.548786
1911-04-01,uranus,9.060233,-17.498843
1911-05-01,uranus,9.164079,-17.449884
1911-06-01,uranus,9.271056,-17.398649
1911-07-01,uranus,9.374261,-17.348444
1911-08-01,uranus,9.480568,-17.295925
1911-09-01,uranus,9.586529,-17.242758
1911-10-01,uranus,9.688737,-17.190689
1911-11-01,uranus,9.794004,-17.13625
1911-12-01,uranus,9.895534,-17.082955
1912-01-01,uranus,10.000091,-17.027254
1912-02-01,uranus,10.104282,-16.970914
1912-03-01,uranus,10.201415,-16.917634
1912-04-01,uranus,10.304885,-16.860067
1912-05-01,uranus,10.404657,-16.803755
1912-06-01,uranus,10.507379,-16.744948
1912-07-01,uranus,10.606419,-16.687441
1912-08-01,uranus,10.708378,-16.627404
1912-09-01,uranus,10.809942,-16.566745
1912-10-01,uranus,10.907852,-16.507454
1912-11-01,uranus,11.00863,-16.44558
1912-12-01,uranus,11.105771,-16.385118
1913-01-01,uranus,11.205748,-16.32204
1913-02-01,uranus,11.305312,-16.258354
1913-03-01,uranus,11.394883,-16.20031
1913-04-01,uranus,11.49365,-16.135474
1913-05-01,uranus,11.588828,-16.072158
1913-06-01,uranus,11.686758,-16.006144
1913-07-01,uranus,11.781118,-15.941693
1913-08-01,uranus,11.878196,-15.874512
1913-09-01,uranus,11.974835,-15.806743
1913-10-01,uranus,12.067935,-15.740602
1913-11-01,uranus,12.163701,-15.671683
1913-12-01,uranus,12.255949,-15.604436
1914-01-01,uranus,12.350827,-15.53438
1914-02-01,uranus,12.445249,-15.46375
1914-03-01,uranus,12.530138,-15.399465
1914-04-01,uranus,12.623681,-15.327753
1914-05-01,uranus,12.713763,-15.257818
1914-06-01,uranus,12.806386,-15.184999
1914-07-01,uranus,12.89557,-15.113998
1914-08-01,uranus,12.987259,-15.040084
1914-09-01,uranus,13.078468,-14.96562
1914-10-01,uranus,13.166275,-14.893036
1914-11-01,uranus,13.25653,-14.817497
1914-12-01,uranus,13.343409,-14.743879
1915-01-01,uranus,13.432699,-14.667279
1915-02-01,uranus,13.521493,-14.590143
1915-03-01,uranus,13.601266,-14.520017
1915-04-01,uranus,13.689109,-14.441874
1915-05-01,uranus,13.773639,-14.365753
1915-06-01,uranus,13.860487,-14.286582
1915-07-01,uranus,13.944047,-14.209473
1915-08-01,uranus,14.029888,-14.129288
1915-09-01,uranus,14.115214,-14.048592
1915-10-01,uranus,14.197293,-13.970017
1915-11-01,uranus,14.281595,-13.888328
1915-12-01,uranus,14.362679,-13.808799
1916-01-01,uranus,14.445947,-13.72613
1916-02-01,uranus,14.528686,-13.642969
1916-03-01,uranus,14.605605,-13.564731
1916-04-01,uranus,14.687312,-13.480627
1916-05-01,uranus,14.765871,-13.398778
1916-06-01,uranus,14.846519,-13.31373
1916-07-01,uranus,14.924048,-13.230974
1916-08-01,uranus,15.003627,-13.144996
1916-09-01,uranus,15.082659,-13.058551
1916-10-01,uranus,15.158618,-12.974453
1916-11-01,uranus,15.236567,-12.887099
1916-12-01,uranus,15.311474,-12.802129
1917-01-01,uranus,15.388331,-12.713882
1917-02-01,uranus,15.464629,-12.625185
1917-03-01,uranus,15.533063,-12.54469
1917-04-01,uranus,15.608293,-12.455149
1917-05-01,uranus,15.680559,-12.36808
1917-06-01,uranus,15.754677,-12.277681
1917-07-01,uranus,15.825862,-12.189787
1917-08-01,uranus,15.898859,-12.098544
1917-09-01,uranus,15.971283,-12.006877
1917-10-01,uranus,16.040824,-11.917767
1917-11-01,uranus,16.112116,-11.825277
1917-12-01,uranus,16.180557,-11.735378
1918-01-01,uranus,16.250709,-11.64208
1918-02-01,uranus,16.320279,-11.548376
1918-03-01,uranus,16.382614,-11.463395
1918-04-01,uranus,16.451071,-11.36893
1918-05-01,uranus,16.51676,-11.277135
1918-06-01,uranus,16.58406,-11.181897
1918-07-01,uranus,16.648626,-11.089361
1918-08-01,uranus,16.714762,-10.993362
1918-09-01,uranus,16.780303,-10.896983
1918-10-01,uranus,16.843163,-10.803354
1918-11-01,uranus,16.90753,-10.706236
1918-12-01,uranus,16.969251,-10.611899
1919-01-01,uranus,17.032438,-10.514056
1919-02-01,uranus,17.095023,-10.415851
1919-03-01,uranus,17.151033,-10.32684
1919-04-01,uranus,17.212467,-10.227953
1919-05-01,uranus,17.271342,-10.13192
1919-06-01,uranus,17.331582,-10.032343
1919-07-01,uranus,17.389297,-9.935648
1919-08-01,uranus,17.448335,-9.835393
1919-09-01,uranus,17.50676,-9.734799
1919-10-01,uranus,17.562716,-9.637131
1919-11-01,uranus,17.619931,-9.53588
1919-12-01,uranus,17.674713,-9.437582
1920-01-01,uranus,17.730712,-9.335688
1920-02-01,uranus,17.786092,-9.233472
1920-03-01,uranus,17.837336,-9.137562
1920-04-01,uranus,17.891511,-9.034732
1920-05-01,uranus,17.943345,-8.934922
1920-06-01,uranus,17.996291,-8.831482
1920-07-01,uranus,18.046932,-8.731088
1920-08-01,uranus,18.098643,-8.62705
1920-09-01,uranus,18.149724,-8.522714
1920-10-01,uranus,18.198556,-8.421463
1920-11-01,uranus,18.248394,-8.31655
1920-12-01,uranus,18.296021,-8.214746
1921-01-01,uranus,18.34461,-8.109268
1921-02-01,uranus,18.392562,-8.003509
1921-03-01,uranus,18.435326,-7.907745
1921-04-01,uranus,18.482063,-7.801459
1921-05-01,uranus,18.526682,-7.698342
1921-06-01,uranus,18.572157,-7.591524
1921-07-01,uranus,18.615552,-7.487899
1921-08-01,uranus,18.65976,-7.380562
1921-09-01,uranus,18.703321,-7.272967
1921-10-01,uranus,18.74486,-7.1686
1921-11-01,uranus,18.787146,-7.060506
1921-12-01,uranus,18.827449,-6.955662
1922-01-01,uranus,18.868453,-6.847083
1922-02-01,uranus,18.908805,-6.738261
1922-03-01,uranus,18.94469,-6.639766
1922-04-01,uranus,18.983795,-6.530495
1922-05-01,uranus,19.021013,-6.424527
1922-06-01,uranus,19.058824,-6.314803
1922-07-01,uranus,19.094787,-6.208404
1922-08-01,uranus,19.131298,-6.098241
1922-09-01,uranus,19.167147,-5.987859
1922-10-01,uranus,19.201208,-5.880834
1922-11-01,uranus,19.235749,-5.770034
1922-12-01,uranus,19.268541,-5.662611
1923-01-01,uranus,19.30177,-5.551406
1923-02-01,uranus,19.334329,-5.440001
1923-03-01,uranus,19.363161,-5.339207
1923-04-01,uranus,19.394443,-5.22743
1923-05-01,uranus,19.424075,-5.119078
1923-06-01,uranus,19.454031,-5.006931
1923-07-01,uranus,19.482378,-4.898227
1923-08-01,uranus,19.511003,-4.785723
1923-09-01,uranus,19.53895,-4.673044
1923-10-01,uranus,19.565348,-4.563836
1923-11-01,uranus,19.591956,-4.450823
1923-12-01,uranus,19.617056,-4.341298
1924-01-01,uranus,19.642321,-4.227964
1924-02-01,uranus,19.666901,-4.114473
1924-03-01,uranus,19.689274,-4.008166
1924-04-01,uranus,19.712525,-3.894382
1924-05-01,uranus,19.734371,-3.78413
1924-06-01,uranus,19.756266,-3.670063
1924-07-01,uranus,19.776798,-3.559545
1924-08-01,uranus,19.797333,-3.44521
1924-09-01,uranus,19.817176,-3.330745
1924-10-01,uranus,19.835717,-3.219852
1924-11-01,uranus,19.854193,-3.105142
1924-12-01,uranus,19.87141,-2.99402
1925-01-01,uranus,19.888514,-2.879081
1925-02-01,uranus,19.904921,-2.764032
1925-03-01,uranus,19.919138,-2.660025
1925-04-01,uranus,19.934212,-2.544777
1925-05-01,uranus,19.948133,-2.433152
1925-06-01,uranus,19.961826,-2.317714
1925-07-01,uranus,19.974408,-2.205914
1925-08-01,uranus,19.986717,-2.090302
1925-09-01,uranus,19.998322,-1.974608
1925-10-01,uranus,20.00888,-1.862571
1925-11-01,uranus,20.019094,-1.746728
1925-12-01,uranus,20.028306,-1.634556
1926-01-01,uranus,20.037129,-1.51858
1926-02-01,uranus,20.045242,-1.402543
1926-03-01,uranus,20.051961,-1.297687
1926-04-01,uranus,20.058724,-1.181546
1926-05-01,uranus,20.064593,-1.069106
1926-06-01,uranus,20.069957,-0.952874
1926-07-01,uranus,20.07447,-0.840353
1926-08-01,uranus,20.078433,-0.724047
1926-09-01,uranus,20.081684,-0.60771
1926-10-01,uranus,20.08415,-0.4951
1926-11-01,uranus,20.085997,-0.378714
1926-12-01,uranus,20.087105,-0.266066
1927-01-01,uranus,20.087546,-0.149649
1927-02-01,uranus,20.087274,-0.033223
1927-03-01,uranus,20.086413,0.07194
1927-04-01,uranus,20.08478,0.188371
1927-05-01,uranus,20.082518,0.301043
1927-06-01,uranus,20.079478,0.417462
1927-07-01,uranus,20.075854,0.530114
1927-08-01,uranus,20.071406,0.646504
1927-09-01,uranus,20.066242,0.762872
1927-10-01,uranus,20.060564,0.875462
1927-11-01,uranus,20.053993,0.991775
1927-12-01,uranus,20.046952,1.104303
1928-01-01,uranus,20.038974,1.220543
1928-02-01,uranus,20.030281,1.336739
1928-03-01,uranus,20.021501,1.445395
1928-04-01,uranus,20.011425,1.561493
1928-05-01,uranus,20.000994,1.673792
1928-06-01,uranus,19.989513,1.789774
1928-07-01,uranus,19.977723,1.901952
1928-08-01,uranus,19.964839,2.0178
1928-09-01,uranus,19.951242,2.133574
1928-10-01,uranus,19.937406,2.245537
1928-11-01,uranus,19.922409,2.361151
1928-12-01,uranus,19.907219,2.472951
1929-01-01,uranus,19.890824,2.588387
1929-02-01,uranus,19.873719,2.703726
1929-03-01,uranus,19.857661,2.807817
1929-04-01,uranus,19.839207,2.922961
1929-05-01,uranus,19.820676,3.034286
1929-06-01,uranus,19.800831,3.149209
1929-07-01,uranus,19.780955,3.260314
1929-08-01,uranus,19.759722,3.375001
1929-09-01,uranus,19.737786,3.489562
1929-10-01,uranus,19.715887,3.600303
1929-11-01,uranus,19.692568,3.714602
1929-12-01,uranus,19.669333,3.825082
1930-01-01,uranus,19.644635,3.939103
1930-02-01,uranus,19.619238,4.052976
1930-03-01,uranus,19.595699,4.155699
1930-04-01,uranus,19.568974,4.26928
1930-05-01,uranus,19.542449,4.379044
1930-06-01,uranus,19.514356,4.492306
1930-07-01,uranus,19.486509,4.601755
1930-08-01,uranus,19.457052,4.714682
1930-09-01,uranus,19.426905,4.827433
1930-10-01,uranus,19.397073,4.936376
1930-11-01,uranus,19.365569,5.048769
1930-12-01,uranus,19.334427,5.157357
1931-01-01,uranus,19.301572,5.269376
1931-02-01,uranus,19.268032,5.381198
1931-03-01,uranus,19.237151,5.482027
1931-04-01,uranus,19.202312,5.593466
1931-05-01,uranus,19.167948,5.701112
1931-06-01,uranus,19.131771,5.812138
1931-07-01,uranus,19.096116,5.919378
1931-08-01,uranus,19.058607,6.029977
1931-09-01,uranus,19.020423,6.140353
1931-10-01,uranus,18.982829,6.246953
1931-11-01,uranus,18.943321,6.35688
1931-12-01,uranus,18.904449,6.463038
1932-01-01,uranus,18.863623,6.5725
1932-02-01,uranus,18.82213,6.681721
1932-03-01,uranus,18.782711,6.783673
1932-04-01,uranus,18.73993,6.892416
1932-05-01,uranus,18.697898,6.997411
1932-06-01,uranus,18.653814,7.105653
1932-07-01,uranus,18.610524,7.210157
1932-08-01,uranus,18.565143,7.317885
1932-09-01,uranus,18.519105,7.425346
1932-10-01,uranus,18.473929,7.529084
1932-11-01,uranus,18.426603,7.63601
1932-12-01,uranus,18.380184,7.739222
1933-01-01,uranus,18.331577,7.845598
1933-02-01,uranus,18.282321,7.95169
1933-03-01,uranus,18.237276,8.047268
1933-04-01,uranus,18.18679,8.152808
1933-05-01,uranus,18.137319,8.254664
1933-06-01,uranus,18.085567,8.359621
1933-07-01,uranus,18.034874,8.460905
1933-08-01,uranus,17.981862,8.565265
1933-09-01,uranus,17.928212,8.669317
1933-10-01,uranus,17.875688,8.769715
1933-11-01,uranus,17.820788,8.873149
1933-12-01,uranus,17.767056,8.972943
1934-01-01,uranus,17.710913,9.075747
1934-02-01,uranus,17.654139,9.178224
1934-03-01,uranus,17.60232,9.270502
1934-04-01,uranus,17.544353,9.37235
1934-05-01,uranus,17.487661,9.470594
1934-06-01,uranus,17.428465,9.571778
1934-07-01,uranus,17.370588,9.669372
1934-08-01,uranus,17.310171,9.769879
1934-09-01,uranus,17.249135,9.870037
1934-10-01,uranus,17.189482,9.966628
1934-11-01,uranus,17.127234,10.066088
1934-12-01,uranus,17.066411,10.161997
1935-01-01,uranus,17.002958,10.260747
1935-02-01,uranus,16.938896,10.359129
1935-03-01,uranus,16.880509,10.447674
1935-04-01,uranus,16.81529,10.545349
1935-05-01,uranus,16.751599,10.639516
1935-06-01,uranus,16.68519,10.736448
1935-07-01,uranus,16.620351,10.829888
1935-08-01,uranus,16.552761,10.926062
1935-09-01,uranus,16.484572,11.021845
1935-10-01,uranus,16.418014,11.114164
1935-11-01,uranus,16.348653,11.20917
1935-12-01,uranus,16.280965,11.300729
1936-01-01,uranus,16.210438,11.394943
1936-02-01,uranus,16.139322,11.488749
1936-03-01,uranus,16.072262,11.576131
1936-04-01,uranus,16.00001,11.669138
1936-05-01,uranus,15.929533,11.758747
1936-06-01,uranus,15.856134,11.850927
1936-07-01,uranus,15.78455,11.93973
1936-08-01,uranus,15.71001,12.03107
1936-09-01,uranus,15.634894,12.121979
1936-10-01,uranus,15.561653,12.209539
1936-11-01,uranus,15.485408,12.299587
1936-12-01,uranus,15.411079,12.386307
1937-01-01,uranus,15.333713,12.475479
1937-02-01,uranus,15.25578,12.564201
1937-03-01,uranus,15.184903,12.643947
1937-04-01,uranus,15.105897,12.731802
1937-05-01,uranus,15.028905,12.816384
1937-06-01,uranus,14.948798,12.903328
1937-07-01,uranus,14.870745,12.987022
1937-08-01,uranus,14.789544,13.073042
1937-09-01,uranus,14.707792,13.158586
1937-10-01,uranus,14.628153,13.240915
1937-11-01,uranus,14.545321,13.325513
1937-12-01,uranus,14.464641,13.406919
1938-01-01,uranus,14.380738,13.490556
1938-02-01,uranus,14.296294,13.5737
1938-03-01,uranus,14.21956,13.64837
1938-04-01,uranus,14.134094,13.730564
1938-05-01,uranus,14.050877,13.809626
1938-06-01,uranus,13.964364,13.890823
1938-07-01,uranus,13.880138,13.968914
1938-08-01,uranus,13.792587,14.0491
1938-09-01,uranus,13.704513,14.128767
1938-10-01,uranus,13.618784,14.205367
1938-11-01,uranus,13.529688,14.284001
1938-12-01,uranus,13.442975,14.359594
1939-01-01,uranus,13.352868,14.437182
1939-02-01,uranus,13.262251,14.514232
1939-03-01,uranus,13.179967,14.58336
1939-04-01,uranus,13.088388,14.659377
1939-05-01,uranus,12.999286,14.732419
1939-06-01,uranus,12.906723,14.807353
1939-07-01,uranus,12.816674,14.879341
1939-08-01,uranus,12.723139,14.953179
1939-09-01,uranus,12.629115,15.026454
1939-10-01,uranus,12.537662,15.096826
1939-11-01,uranus,12.442684,15.168983
1939-12-01,uranus,12.350313,15.238266
1940-01-01,uranus,12.254395,15.309291
1940-02-01,uranus,12.158003,15.379736
1940-03-01,uranus,12.067405,15.445108
1940-04-01,uranus,11.970107,15.514419
1940-05-01,uranus,11.875506,15.580932
1940-06-01,uranus,11.7773,15.649078
1940-07-01,uranus,11.681827,15.714457
1940-08-01,uranus,11.582725,15.781423
1940-09-01,uranus,11.483175,15.847785
1940-10-01,uranus,11.386411,15.911428
1940-11-01,uranus,11.285987,15.976592
1940-12-01,uranus,11.188385,16.039068
1941-01-01,uranus,11.087102,16.10302
1941-02-01,uranus,10.985388,16.166351
1941-03-01,uranus,10.89315,16.223016
1941-04-01,uranus,10.790626,16.285157
1941-05-01,uranus,10.69101,16.344693
1941-06-01,uranus,10.587664,16.405591
1941-07-01,uranus,10.48726,16.463918
1941-08-01,uranus,10.383107,16.523561
1941-09-01,uranus,10.27855,16.582562
1941-10-01,uranus,10.176985,16.639045
1941-11-01,uranus,10.071644,16.696774
1941-12-01,uranus,9.969329,16.75202
1942-01-01,uranus,9.863221,16.808465
1942-02-01,uranus,9.75673,16.864252
1942-03-01,uranus,9.660218,16.914074
1942-04-01,uranus,9.553008,16.968605
1942-05-01,uranus,9.448903,17.020743
1942-06-01,uranus,9.340966,17.073962
1942-07-01,uranus,9.236166,17.124826
1942-08-01,uranus,9.127519,17.176725
1942-09-01,uranus,9.018517,17.227948
1942-10-01,uranus,8.912699,17.276873
1942-11-01,uranus,8.803013,17.32676
1942-12-01,uranus,8.69654,17.374387
1943-01-01,uranus,8.586187,17.422928
1943-02-01,uranus,8.4755,17.470782
1943-03-01,uranus,8.375244,17.513411
1943-04-01,uranus,8.263937,17.55995
1943-05-01,uranus,8.155916,17.604326
1943-06-01,uranus,8.043984,17.649497
1943-07-01,uranus,7.935367,17.692545
1943-08-01,uranus,7.822829,17.736339
1943-09-01,uranus,7.709988,17.77943
1943-10-01,uranus,7.600504,17.82046
1943-11-01,uranus,7.487083,17.862162
1943-12-01,uranus,7.377046,17.901844
1944-01-01,uranus,7.263062,17.94215
1944-02-01,uranus,7.148798,17.981743
1944-03-01,uranus,7.041658,18.018135
1944-04-01,uranus,6.926867,18.056343
1944-05-01,uranus,6.815526,18.092636
1944-06-01,uranus,6.700217,18.129429
1944-07-01,uranus,6.588382,18.164349
1944-08-01,uranus,6.472572,18.199722
1944-09-01,uranus,6.356514,18.23437
1944-10-01,uranus,6.243968,18.267208
1944-11-01,uranus,6.127436,18.300425
1944-12-01,uranus,6.014441,18.331876
1945-01-01,uranus,5.897453,18.363656
1945-02-01,uranus,5.78024,18.394704
1945-03-01,uranus,5.674181,18.422116
1945-04-01,uranus,5.556552,18.451765
1945-05-01,uranus,5.442517,18.479757
1945-06-01,uranus,5.324477,18.507955
1945-07-01,uranus,5.210052,18.53454
1945-08-01,uranus,5.091618,18.561283
1945-09-01,uranus,4.97299,18.587283
1945-10-01,uranus,4.858009,18.611738
1945-11-01,uranus,4.739014,18.636275
1945-12-01,uranus,4.623686,18.65931
1946-01-01,uranus,4.504341,18.682379
1946-02-01,uranus,4.384825,18.7047
1946-03-01,uranus,4.276733,18.724217
1946-04-01,uranus,4.156904,18.745112
1946-05-01,uranus,4.040791,18.764617
1946-06-01,uranus,3.920657,18.784032
1946-07-01,uranus,3.804256,18.802104
1946-08-01,uranus,3.683833,18.820037
1946-09-01,uranus,3.563271,18.837213
1946-10-01,uranus,3.446469,18.853116
1946-11-01,uranus,3.325644,18.868804
1946-12-01,uranus,3.208597,18.883264
1947-01-01,uranus,3.087529,18.897459
1947-02-01,uranus,2.966342,18.910894
1947-03-01,uranus,2.856787,18.922375
1947-04-01,uranus,2.73539,18.934361
1947-05-01,uranus,2.617809,18.945235
1947-06-01,uranus,2.496211,18.955719
1947-07-01,uranus,2.378444,18.965138
1947-08-01,uranus,2.256662,18.974117
1947-09-01,uranus,2.134794,18.982331
1947-10-01,uranus,2.016779,18.98955
1947-11-01,uranus,1.894754,18.996254
1947-12-01,uranus,1.776595,19.00201
1948-01-01,uranus,1.65443,19.007201
1948-02-01,uranus,1.532201,19.011623
1948-03-01,uranus,1.417803,19.015061
1948-04-01,uranus,1.295462,19.017991
1948-05-01,uranus,1.17702,19.02009
1948-06-01,uranus,1.054583,19.021499
1948-07-01,uranus,0.936056,19.022127
1948-08-01,uranus,0.813542,19.022013
1948-09-01,uranus,0.690995,19.021125
1948-10-01,uranus,0.572373,19.019526
1948-11-01,uranus,0.449775,19.017111
1948-12-01,uranus,0.331112,19.014034
1949-01-01,uranus,0.20848,19.01009
1949-02-01,uranus,0.085838,19.005367
1949-03-01,uranus,-0.024941,19.000432
1949-04-01,uranus,-0.14759,18.994227
1949-05-01,uranus,-0.266279,18.98748
1949-06-01,uranus,-0.388916,18.97974
1949-07-01,uranus,-0.507586,18.971505
1949-08-01,uranus,-0.630194,18.962228
1949-09-01,uranus,-0.752781,18.952168
1949-10-01,uranus,-0.871387,18.941688
1949-11-01,uranus,-0.993916,18.930088
1949-12-01,uranus,-1.112459,18.918117
1950-01-01,uranus,-1.234912,18.904975
1950-02-01,uranus,-1.35732,18.891048
1950-03-01,uranus,-1.467839,18.877795
1950-04-01,uranus,-1.590147,18.862374
1950-05-01,uranus,-1.708453,18.846703
1950-06-01,uranus,-1.830638,18.829737
1950-07-01,uranus,-1.948816,18.812569
1950-08-01,uranus,-2.07086,18.794054
1950-09-01,uranus,-2.192826,18.774753
1950-10-01,uranus,-2.310776,18.755326
1950-11-01,uranus,-2.432571,18.734475
1950-12-01,uranus,-2.550347,18.713548
1951-01-01,uranus,-2.671952,18.691148
1951-02-01,uranus,-2.793452,18.667959
1951-03-01,uranus,-2.903101,18.646338
1951-04-01,uranus,-3.024389,18.62165
1951-05-01,uranus,-3.141652,18.597007
1951-06-01,uranus,-3.262701,18.570768
1951-07-01,uranus,-3.379723,18.544625
1951-08-01,uranus,-3.500513,18.516834
1951-09-01,uranus,-3.621163,18.488256
1951-10-01,uranus,-3.737784,18.459849
1951-11-01,uranus,-3.858145,18.429719
1951-12-01,uranus,-3.974475,18.399812
1952-01-01,uranus,-4.094525,18.368132
1952-02-01,uranus,-4.214409,18.335666
1952-03-01,uranus,-4.326404,18.304581
1952-04-01,uranus,-4.445952,18.270592
1952-05-01,uranus,-4.561471,18.23695
1952-06-01,uranus,-4.680657,18.201413
1952-07-01,uranus,-4.795815,18.166275
1952-08-01,uranus,-4.914617,18.129193
1952-09-01,uranus,-5.033216,18.091327
1952-10-01,uranus,-5.147791,18.053936
1952-11-01,uranus,-5.265974,18.014528
1952-12-01,uranus,-5.380136,17.975646
1953-01-01,uranus,-5.497882,17.9347
1953-02-01,uranus,-5.615397,17.892972
1953-03-01,uranus,-5.721338,17.854612
1953-04-01,uranus,-5.838399,17.8114
1953-05-01,uranus,-5.95145,17.768841
1953-06-01,uranus,-6.068021,17.724099
1953-07-01,uranus,-6.180586,17.680061
1953-08-01,uranus,-6.296645,17.633792
1953-09-01,uranus,-6.412434,17.58675
1953-10-01,uranus,-6.524227,17.540489
1953-11-01,uranus,-6.639472,17.491927
1953-12-01,uranus,-6.750727,17.444198
1954-01-01,uranus,-6.865404,17.394122
1954-02-01,uranus,-6.979784,17.343279
1954-03-01,uranus,-7.082835,17.296697
1954-04-01,uranus,-7.196636,17.244398
1954-05-01,uranus,-7.306467,17.193059
1954-06-01,uranus,-7.419645,17.13926
1954-07-01,uranus,-7.528864,17.086473
1954-08-01,uranus,-7.6414,17.031182
1954-09-01,uranus,-7.7536,16.975134
1954-10-01,uranus,-7.861856,16.920177
1954-11-01,uranus,-7.973381,16.862648
1954-12-01,uranus,-8.080972,16.806261
1955-01-01,uranus,-8.191798,16.747258
1955-02-01,uranus,-8.302262,16.68751
1955-03-01,uranus,-8.401719,16.632904
1955-04-01,uranus,-8.511476,16.571743
1955-05-01,uranus,-8.617332,16.51185
1955-06-01,uranus,-8.726339,16.449237
1955-07-01,uranus,-8.831457,16.387943
1955-08-01,uranus,-8.939692,16.323887
1955-09-01,uranus,-9.047525,16.2591
1955-10-01,uranus,-9.151494,16.195712
1955-11-01,uranus,-9.258523,16.129498
1955-12-01,uranus,-9.361704,16.064733
1956-01-01,uranus,-9.467908,15.997102
1956-02-01,uranus,-9.573686,15.928754
1956-03-01,uranus,-9.672247,15.864171
1956-04-01,uranus,-9.777183,15.794446
1956-05-01,uranus,-9.878313,15.726296
1956-06-01,uranus,-9.982372,15.655181
1956-07-01,uranus,-10.082644,15.585693
1956-08-01,uranus,-10.185808,15.5132
1956-09-01,uranus,-10.288509,15.440013
1956-10-01,uranus,-10.387451,15.368527
1956-11-01,uranus,-10.489227,15.29398
1956-12-01,uranus,-10.587264,15.221185
1957-01-01,uranus,-10.688093,15.145293
1957-02-01,uranus,-10.788436,15.068721
1957-03-01,uranus,-10.878644,14.998978
1957-04-01,uranus,-10.978044,14.921123
1957-05-01,uranus,-11.07376,14.845142
1957-06-01,uranus,-11.172169,14.765974
1957-07-01,uranus,-11.266916,14.688729
1957-08-01,uranus,-11.364313,14.608262
1957-09-01,uranus,-11.46119,14.527139
1957-10-01,uranus,-11.554442,14.448013
1957-11-01,uranus,-11.650282,14.365613
1957-12-01,uranus,-11.742521,14.285257
1958-01-01,uranus,-11.837305,14.201593
1958-02-01,uranus,-11.931546,14.117293
1958-03-01,uranus,-12.016196,14.040607
1958-04-01,uranus,-12.109391,13.955106
1958-05-01,uranus,-12.199051,13.871767
1958-06-01,uranus,-12.291148,13.78504
1958-07-01,uranus,-12.379738,13.700522
1958-08-01,uranus,-12.470721,13.612583
1958-09-01,uranus,-12.561131,13.524035
1958-10-01,uranus,-12.648076,13.437767
1958-11-01,uranus,-12.737347,13.34803
1958-12-01,uranus,-12.823182,13.26062
1959-01-01,uranus,-12.911299,13.169712
1959-02-01,uranus,-12.998823,13.078214
1959-03-01,uranus,-13.077365,12.995068
1959-04-01,uranus,-13.16375,12.902459
1959-05-01,uranus,-13.246773,12.812288
1959-06-01,uranus,-13.331966,12.718547
1959-07-01,uranus,-13.413828,12.627288
1959-08-01,uranus,-13.497814,12.532431
1959-09-01,uranus,-13.581181,12.437013
1959-10-01,uranus,-13.661265,12.344142
1959-11-01,uranus,-13.743403,12.247632
1959-12-01,uranus,-13.822291,12.153714
1960-01-01,uranus,-13.903185,12.056129
1960-02-01,uranus,-13.983443,11.958003
1960-03-01,uranus,-14.057943,11.865724
1960-04-01,uranus,-14.136958,11.766566
1960-05-01,uranus,-14.212807,11.670104
1960-06-01,uranus,-14.290545,11.569912
1960-07-01,uranus,-14.365152,11.472458
1960-08-01,uranus,-14.4416,11.37125
1960-09-01,uranus,-14.517387,11.26953
1960-10-01,uranus,-14.590097,11.170611
1960-11-01,uranus,-14.664574,11.0679
1960-12-01,uranus,-14.73601,10.968029
1961-01-01,uranus,-14.809165,10.864344
1961-02-01,uranus,-14.881644,10.76017
1961-03-01,uranus,-14.946523,10.665661
1961-04-01,uranus,-15.017705,10.560569
1961-05-01,uranus,-15.085937,10.458414
1961-06-01,uranus,-15.155765,10.35239
1961-07-01,uranus,-15.222682,10.249341
1961-08-01,uranus,-15.291146,10.142402
1961-09-01,uranus,-15.358912,10.035004
1961-10-01,uranus,-15.423824,9.930639
1961-11-01,uranus,-15.490207,9.822352
1961-12-01,uranus,-15.553776,9.717135
1962-01-01,uranus,-15.618765,9.607977
1962-02-01,uranus,-15.683041,9.498382
1962-03-01,uranus,-15.740482,9.399023
1962-04-01,uranus,-15.803393,9.288611
1962-05-01,uranus,-15.863589,9.181358
1962-06-01,uranus,-15.925078,9.070118
1962-07-01,uranus,-15.983892,8.962072
1962-08-01,uranus,-16.043949,8.850022
1962-09-01,uranus,-16.103272,8.737567
1962-10-01,uranus,-16.159983,8.628358
1962-11-01,uranus,-16.217857,8.51512
1962-12-01,uranus,-16.273159,8.405162
1963-01-01,uranus,-16.329574,8.291159
1963-02-01,uranus,-16.385242,8.176774
1963-03-01,uranus,-16.434879,8.073134
1963-04-01,uranus,-16.48912,7.958035
1963-05-01,uranus,-16.540893,7.846299
1963-06-01,uranus,-16.593647,7.73048
1963-07-01,uranus,-16.643977,7.618056
1963-08-01,uranus,-16.695236,7.501536
1963-09-01,uranus,-16.74573,7.384667
1963-10-01,uranus,-16.793864,7.271241
1963-11-01,uranus,-16.842847,7.153699
1963-12-01,uranus,-16.889514,7.03963
1964-01-01,uranus,-16.936975,6.921435
1964-02-01,uranus,-16.98366,6.802915
1964-03-01,uranus,-17.026626,6.691752
1964-04-01,uranus,-17.0718,6.572617
1964-05-01,uranus,-17.11477,6.457031
1964-06-01,uranus,-17.158398,6.337291
1964-07-01,uranus,-17.199867,6.221128
1964-08-01,uranus,-17.241941,6.100802
1964-09-01,uranus,-17.283221,5.980187
1964-10-01,uranus,-17.322412,5.863192
1964-11-01,uranus,-17.362124,5.742021
1964-12-01,uranus,-17.399793,5.624498
1965-01-01,uranus,-17.437928,5.502793
1965-02-01,uranus,-17.475258,5.380824
1965-03-01,uranus,-17.508282,5.270436
1965-04-01,uranus,-17.544074,5.147979
1965-05-01,uranus,-17.577939,5.029236
1965-06-01,uranus,-17.612134,4.906296
1965-07-01,uranus,-17.644449,4.787095
1965-08-01,uranus,-17.677038,4.663693
1965-09-01,uranus,-17.708807,4.540064
1965-10-01,uranus,-17.73877,4.420212
1965-11-01,uranus,-17.768921,4.296153
1965-12-01,uranus,-17.797315,4.175896
1966-01-01,uranus,-17.825842,4.05143
1966-02-01,uranus,-17.85354,3.926764
1966-03-01,uranus,-17.877845,3.813997
1966-04-01,uranus,-17.903961,3.688968
1966-05-01,uranus,-17.928442,3.5678
1966-06-01,uranus,-17.952917,3.442419
1966-07-01,uranus,-17.975806,3.32092
1966-08-01,uranus,-17.998633,3.195209
1966-09-01,uranus,-18.02062,3.069339
1966-10-01,uranus,-18.041097,2.947383
1966-11-01,uranus,-18.061427,2.821217
1966-12-01,uranus,-18.080298,2.698987
1967-01-01,uranus,-18.098966,2.572549
1967-02-01,uranus,-18.116788,2.445982
1967-03-01,uranus,-18.132157,2.331557
1967-04-01,uranus,-18.148364,2.20476
1967-05-01,uranus,-18.163239,2.081947
1967-06-01,uranus,-18.177773,1.954936
1967-07-01,uranus,-18.191026,1.831927
1967-08-01,uranus,-18.203882,1.704727
1967-09-01,uranus,-18.215885,1.577438
1967-10-01,uranus,-18.226686,1.454179
1967-11-01,uranus,-18.237006,1.326737
1967-12-01,uranus,-18.246178,1.203341
1968-01-01,uranus,-18.254812,1.07577
1968-02-01,uranus,-18.262589,0.948142
1968-03-01,uranus,-18.269088,0.828703
1968-04-01,uranus,-18.275204,0.700984
1968-05-01,uranus,-18.280305,0.577349
1968-06-01,uranus,-18.28473,0.449562
1968-07-01,uranus,-18.288195,0.325872
1968-08-01,uranus,-18.290929,0.198041
1968-09-01,uranus,-18.292804,0.070197
1968-10-01,uranus,-18.293799,-0.053529
1968-11-01,uranus,-18.293981,-0.181379
1968-12-01,uranus,-18.293338,-0.305099
1969-01-01,uranus,-18.291828,-0.432932
1969-02-01,uranus,-18.289458,-0.560745
1969-03-01,uranus,-18.286579,-0.676168
1969-04-01,uranus,-18.282573,-0.803928
1969-05-01,uranus,-18.277879,-0.927531
1969-06-01,uranus,-18.272184,-1.055212
1969-07-01,uranus,-18.265855,-1.178726
1969-08-01,uranus,-18.258472,-1.306302
1969-09-01,uranus,-18.250231,-1.433816
1969-10-01,uranus,-18.241441,-1.557151
1969-11-01,uranus,-18.231516,-1.684524
1969-12-01,uranus,-18.221098,-1.807711
1970-01-01,uranus,-18.209492,-1.934918
1970-02-01,uranus,-18.197032,-2.062031
1970-03-01,uranus,-18.185047,-2.176757
1970-04-01,uranus,-18.170966,-2.303675
1970-05-01,uranus,-18.156531,-2.426392
1970-06-01,uranus,-18.140779,-2.553083
1970-07-01,uranus,-18.124728,-2.67557
1970-08-01,uranus,-18.107309,-2.802012
1970-09-01,uranus,-18.089045,-2.928317
1970-10-01,uranus,-18.070567,-3.050413
1970-11-01,uranus,-18.050644,-3.176433
1970-12-01,uranus,-18.030563,-3.29824
1971-01-01,uranus,-18.008987,-3.42395
1971-02-01,uranus,-17.986572,-3.549494
1971-03-01,uranus,-17.965609,-3.662741
1971-04-01,uranus,-17.941605,-3.787952
1971-05-01,uranus,-17.917582,-3.908949
1971-06-01,uranus,-17.891941,-4.033793
1971-07-01,uranus,-17.866338,-4.154424
1971-08-01,uranus,-17.839067,-4.278878
1971-09-01,uranus,-17.810971,-4.403126
1971-10-01,uranus,-17.782997,-4.523163
1971-11-01,uranus,-17.753283,-4.646987
1971-12-01,uranus,-17.723747,-4.766604
1972-01-01,uranus,-17.692423,-4.889982
1972-02-01,uranus,-17.660284,-5.013126
1972-03-01,uranus,-17.629482,-5.128107
1972-04-01,uranus,-17.595772,-5.250781
1972-05-01,uranus,-17.56238,-5.369257
1972-06-01,uranus,-17.527082,-5.491431
1972-07-01,uranus,-17.492157,-5.609414
1972-08-01,uranus,-17.455279,-5.731067
1972-09-01,uranus,-17.417603,-5.852448
1972-10-01,uranus,-17.380384,-5.969648
1972-11-01,uranus,-17.341144,-6.090477
1972-12-01,uranus,-17.302415,-6.207134
1973-01-01,uranus,-17.26162,-6.32739
1973-02-01,uranus,-17.220039,-6.447348
1973-03-01,uranus,-17.181808,-6.555436
1973-04-01,uranus,-17.138737,-6.674811
1973-05-01,uranus,-17.096315,-6.790038
1973-06-01,uranus,-17.051716,-6.908792
1973-07-01,uranus,-17.007819,-7.023407
1973-08-01,uranus,-16.961702,-7.141521
1973-09-01,uranus,-16.914816,-7.259301
1973-10-01,uranus,-16.868715,-7.372961
1973-11-01,uranus,-16.820328,-7.490072
1973-12-01,uranus,-16.772779,-7.603074
1974-01-01,uranus,-16.722901,-7.719497
1974-02-01,uranus,-16.67227,-7.835563
1974-03-01,uranus,-16.625893,-7.940087
1974-04-01,uranus,-16.573836,-8.055461
1974-05-01,uranus,-16.522749,-8.166762
1974-06-01,uranus,-16.469229,-8.281403
1974-07-01,uranus,-16.416732,-8.391985
1974-08-01,uranus,-16.361762,-8.505876
1974-09-01,uranus,-16.306058,-8.619379
1974-10-01,uranus,-16.251456,-8.728846
1974-11-01,uranus,-16.194318,-8.841571
1974-12-01,uranus,-16.138335,-8.950278
1975-01-01,uranus,-16.079776,-9.06221
1975-02-01,uranus,-16.020499,-9.173731
1975-03-01,uranus,-15.966345,-9.274103
1975-04-01,uranus,-15.90571,-9.384832
1975-05-01,uranus,-15.846357,-9.491587
1975-06-01,uranus,-15.784331,-9.60148
1975-07-01,uranus,-15.723636,-9.707418
1975-08-01,uranus,-15.66023,-9.816458
1975-09-01,uranus,-15.596128,-9.92506
1975-10-01,uranus,-15.533434,-10.029736
1975-11-01,uranus,-15.467971,-10.137461
1975-12-01,uranus,-15.403965,-10.241281
1976-01-01,uranus,-15.337153,-10.348114
1976-02-01,uranus,-15.269661,-10.454486
1976-03-01,uranus,-15.20591,-10.553576
1976-04-01,uranus,-15.137109,-10.659048
1976-05-01,uranus,-15.06989,-10.760668
1976-06-01,uranus,-14.999772,-10.865207
1976-07-01,uranus,-14.931283,-10.965918
1976-08-01,uranus,-14.859861,-11.06951
1976-09-01,uranus,-14.787781,-11.172614
1976-10-01,uranus,-14.717403,-11.271925
1976-11-01,uranus,-14.644037,-11.374059
1976-12-01,uranus,-14.572422,-11.472423
1977-01-01,uranus,-14.497784,-11.573571
1977-02-01,uranus,-14.422506,-11.674212
1977-03-01,uranus,-14.353963,-11.764675
1977-04-01,uranus,-14.277473,-11.86434
1977-05-01,uranus,-14.202849,-11.960298
1977-06-01,uranus,-14.12512,-12.05894
1977-07-01,uranus,-14.049303,-12.1539
1977-08-01,uranus,-13.970347,-12.251505
1977-09-01,uranus,-13.890774,-12.348576
1977-10-01,uranus,-13.813183,-12.442005
1977-11-01,uranus,-13.732404,-12.538015
1977-12-01,uranus,-13.653653,-12.630411
1978-01-01,uranus,-13.571683,-12.725346
1978-02-01,uranus,-13.489113,-12.81973
1978-03-01,uranus,-13.414021,-12.904502
1978-04-01,uranus,-13.330319,-12.997825
1978-05-01,uranus,-13.248755,-13.087601
1978-06-01,uranus,-13.163896,-13.179813
1978-07-01,uranus,-13.081221,-13.268507
1978-08-01,uranus,-12.99522,-13.359593
1978-09-01,uranus,-12.908644,-13.450102
1978-10-01,uranus,-12.824318,-13.537138
1978-11-01,uranus,-12.736623,-13.6265
1978-12-01,uranus,-12.65122,-13.712419
1979-01-01,uranus,-12.56242,-13.800619
1979-02-01,uranus,-12.473064,-13.888225
1979-03-01,uranus,-12.391882,-13.966837
1979-04-01,uranus,-12.30148,-14.053299
1979-05-01,uranus,-12.213476,-14.136395
1979-06-01,uranus,-12.122007,-14.221662
1979-07-01,uranus,-12.032978,-14.303594
1979-08-01,uranus,-11.940458,-14.387652
1979-09-01,uranus,-11.847411,-14.471089
1979-10-01,uranus,-11.756866,-14.551242
1979-11-01,uranus,-11.662792,-14.63345
1979-12-01,uranus,-11.571261,-14.712406
1980-01-01,uranus,-11.476177,-14.793371
1980-02-01,uranus,-11.380586,-14.8737
1980-03-01,uranus,-11.290706,-14.948266
1980-04-01,uranus,-11.194146,-15.027353
1980-05-01,uranus,-11.10023,-15.103273
1980-06-01,uranus,-11.002702,-15.181084
1980-07-01,uranus,-10.907858,-15.255763
1980-08-01,uranus,-10.809378,-15.332287
1980-09-01,uranus,-10.710423,-15.408151
1980-10-01,uranus,-10.61421,-15.480937
1980-11-01,uranus,-10.514331,-15.555495
1980-12-01,uranus,-10.417232,-15.627011
1981-01-01,uranus,-10.316447,-15.70025
1981-02-01,uranus,-10.215208,-15.772815
1981-03-01,uranus,-10.12338,-15.837774
1981-04-01,uranus,-10.021291,-15.909047
1981-05-01,uranus,-9.922076,-15.977369
1981-06-01,uranus,-9.819126,-16.047294
1981-07-01,uranus,-9.719088,-16.114308
1981-08-01,uranus,-9.615297,-16.182874
1981-09-01,uranus,-9.511085,-16.250747
1981-10-01,uranus,-9.409839,-16.315766
1981-11-01,uranus,-9.304815,-16.382264
1981-12-01,uranus,-9.202792,-16.445948
1982-01-01,uranus,-9.096974,-16.511061
1982-02-01,uranus,-8.99076,-16.575466
1982-03-01,uranus,-8.89449,-16.633029
1982-04-01,uranus,-8.787537,-16.696081
1982-05-01,uranus,-8.683672,-16.756419
1982-06-01,uranus,-8.575975,-16.818062
1982-07-01,uranus,-8.471399,-16.877032
1982-08-01,uranus,-8.362978,-16.937258
1982-09-01,uranus,-8.254197,-16.996759
1982-10-01,uranus,-8.148586,-17.053651
1982-11-01,uranus,-8.039111,-17.111722
1982-12-01,uranus,-7.932839,-17.167224
1983-01-01,uranus,-7.82269,-17.223857
1983-02-01,uranus,-7.712208,-17.279755
1983-03-01,uranus,-7.612134,-17.329611
1983-04-01,uranus,-7.50103,-17.384107
1983-05-01,uranus,-7.393207,-17.436141
1983-06-01,uranus,-7.281481,-17.48918
1983-07-01,uranus,-7.173066,-17.5398
1983-08-01,uranus,-7.060739,-17.591376
1983-09-01,uranus,-6.948114,-17.642205
1983-10-01,uranus,-6.838845,-17.690682
1983-11-01,uranus,-6.725651,-17.740038
1983-12-01,uranus,-6.61584,-17.787087
1984-01-01,uranus,-6.502098,-17.834965
1984-02-01,uranus,-6.388084,-17.882089
1984-03-01,uranus,-6.281187,-17.92549
1984-04-01,uranus,-6.166665,-17.971152
1984-05-01,uranus,-6.055595,-18.014621
1984-06-01,uranus,-5.940578,-18.058793
1984-07-01,uranus,-5.829038,-18.100817
1984-08-01,uranus,-5.713545,-18.143494
1984-09-01,uranus,-5.597819,-18.18541
1984-10-01,uranus,-5.485609,-18.225249
1984-11-01,uranus,-5.369439,-18.265665
1984-12-01,uranus,-5.25681,-18.30405
1985-01-01,uranus,-5.140219,-18.342962
1985-02-01,uranus,-5.02342,-18.38111
1985-03-01,uranus,-4.917751,-18.414907
1985-04-01,uranus,-4.800574,-18.451597
1985-05-01,uranus,-4.686994,-18.486373
1985-06-01,uranus,-4.569446,-18.521553
1985-07-01,uranus,-4.455517,-18.554867
1985-08-01,uranus,-4.337619,-18.588537
1985-09-01,uranus,-4.219549,-18.621437
1985-10-01,uranus,-4.105132,-18.652544
1985-11-01,uranus,-3.986743,-18.683932
1985-12-01,uranus,-3.872026,-18.713575
1986-01-01,uranus,-3.753338,-18.743448
1986-02-01,uranus,-3.634505,-18.772552
1986-03-01,uranus,-3.527052,-18.798178
1986-04-01,uranus,-3.407959,-18.825816
1986-05-01,uranus,-3.292584,-18.851831
1986-06-01,uranus,-3.173241,-18.877955
1986-07-01,uranus,-3.057634,-18.902503
1986-08-01,uranus,-2.93806,-18.927113
1986-09-01,uranus,-2.818377,-18.950953
1986-10-01,uranus,-2.702455,-18.973291
1986-11-01,uranus,-2.582571,-18.995617
1986-12-01,uranus,-2.466464,-19.016491
1987-01-01,uranus,-2.346399,-19.037304
1987-02-01,uranus,-2.226248,-19.057349
1987-03-01,uranus,-2.117656,-19.074794
1987-04-01,uranus,-1.997357,-19.093378
1987-05-01,uranus,-1.880872,-19.110631
1987-06-01,uranus,-1.760438,-19.127705
1987-07-01,uranus,-1.643831,-19.143498
1987-08-01,uranus,-1.523281,-19.159064
1987-09-01,uranus,-1.402679,-19.173865
1987-10-01,uranus,-1.285922,-19.187459
1987-11-01,uranus,-1.165231,-19.200755
1987-12-01,uranus,-1.048398,-19.212894
1988-01-01,uranus,-0.927637,-19.224686
1988-02-01,uranus,-0.806846,-19.235716
1988-03-01,uranus,-0.693827,-19.245344
1988-04-01,uranus,-0.572994,-19.254898
1988-05-01,uranus,-0.456044,-19.263421
1988-06-01,uranus,-0.335185,-19.271479
1988-07-01,uranus,-0.218218,-19.278553
1988-08-01,uranus,-0.09735,-19.285117
1988-09-01,uranus,0.023516,-19.290922
1988-10-01,uranus,0.140477,-19.295819
1988-11-01,uranus,0.261326,-19.300135
1988-12-01,uranus,0.378261,-19.303591
1989-01-01,uranus,0.499075,-19.306419
1989-02-01,uranus,0.619865,-19.308493
1989-03-01,uranus,0.728942,-19.309718
1989-04-01,uranus,0.849675,-19.310357
1989-05-01,uranus,0.966478,-19.31026
1989-06-01,uranus,1.087134,-19.30942
1989-07-01,uranus,1.203855,-19.307892
1989-08-01,uranus,1.324419,-19.305575
1989-09-01,uranus,1.444929,-19.30251
1989-10-01,uranus,1.561497,-19.298831
1989-11-01,uranus,1.68189,-19.294294
1989-12-01,uranus,1.798336,-19.289192
1990-01-01,uranus,1.918594,-19.283187
1990-02-01,uranus,2.038778,-19.276437
1990-03-01,uranus,2.147264,-19.269701
1990-04-01,uranus,2.267295,-19.261536
1990-05-01,uranus,2.383372,-19.252927
1990-06-01,uranus,2.503228,-19.243302
1990-07-01,uranus,2.619128,-19.233283
1990-08-01,uranus,2.738795,-19.222202
1990-09-01,uranus,2.858358,-19.210382
1990-10-01,uranus,2.973962,-19.198242
1990-11-01,uranus,3.09331,-19.184972
1990-12-01,uranus,3.208699,-19.171429
1991-01-01,uranus,3.327817,-19.156711
1991-02-01,uranus,3.446811,-19.14126
1991-03-01,uranus,3.554179,-19.126674
1991-04-01,uranus,3.672927,-19.109829
1991-05-01,uranus,3.787715,-19.092831
1991-06-01,uranus,3.906191,-19.074548
1991-07-01,uranus,4.020709,-19.056161
1991-08-01,uranus,4.138899,-19.036444
1991-09-01,uranus,4.256937,-19.016001
1991-10-01,uranus,4.371019,-18.995525
1991-11-01,uranus,4.488746,-18.973654
1991-12-01,uranus,4.602519,-18.951799
1992-01-01,uranus,4.719918,-18.928505
1992-02-01,uranus,4.837145,-18.904489
1992-03-01,uranus,4.94665,-18.88137
1992-04-01,uranus,5.063531,-18.85596
1992-05-01,uranus,5.176466,-18.830686
1992-06-01,uranus,5.29298,-18.803863
1992-07-01,uranus,5.405551,-18.777225
1992-08-01,uranus,5.521681,-18.748994
1992-09-01,uranus,5.63761,-18.720051
1992-10-01,uranus,5.749603,-18.691362
1992-11-01,uranus,5.865124,-18.661018
1992-12-01,uranus,5.976714,-18.630976
1993-01-01,uranus,6.091809,-18.599236
1993-02-01,uranus,6.206683,-18.566789
1993-03-01,uranus,6.310245,-18.536875
1993-04-01,uranus,6.424683,-18.503086
1993-05-01,uranus,6.535207,-18.469716
1993-06-01,uranus,6.64918,-18.434544
1993-07-01,uranus,6.759246,-18.39984
1993-08-01,uranus,6.872737,-18.363291
1993-09-01,uranus,6.985977,-18.326045
1993-10-01,uranus,7.095321,-18.289337
1993-11-01,uranus,7.208055,-18.250723
1993-12-01,uranus,7.3169,-18.212695
1994-01-01,uranus,7.42911,-18.172719
1994-02-01,uranus,7.541048,-18.132054
1994-03-01,uranus,7.641915,-18.094732
1994-04-01,uranus,7.753323,-18.052759
1994-05-01,uranus,7.860866,-18.011489
1994-06-01,uranus,7.971709,-17.96817
1994-07-01,uranus,8.078698,-17.925601
1994-08-01,uranus,8.18896,-17.880945
1994-09-01,uranus,8.298921,-17.835611
1994-10-01,uranus,8.405044,-17.791097
1994-11-01,uranus,8.5144,-17.744436
1994-12-01,uranus,8.619929,-17.698641
1995-01-01,uranus,8.728662,-17.650661
1995-02-01,uranus,8.837073,-17.602014
1995-03-01,uranus,8.934713,-17.557503
1995-04-01,uranus,9.042499,-17.507591
1995-05-01,uranus,9.146489,-17.45866
1995-06-01,uranus,9.253613,-17.40745
1995-07-01,uranus,9.356954,-17.357266
1995-08-01,uranus,9.463399,-17.304765
1995-09-01,uranus,9.569493,-17.251613
1995-10-01,uranus,9.671827,-17.199556
1995-11-01,uranus,9.777218,-17.145127
1995-12-01,uranus,9.878864,-17.09184
1996-01-01,uranus,9.983537,-17.036144
1996-02-01,uranus,10.087839,-16.979808
1996-03-01,uranus,10.185072,-16.92653
1996-04-01,uranus,10.288643,-16.868963
1996-05-01,uranus,10.388509,-16.81265
1996-06-01,uranus,10.491324,-16.753841
1996-07-01,uranus,10.59045,-16.696331
1996-08-01,uranus,10.692491,-16.63629
1996-09-01,uranus,10.794134,-16.575628
1996-10-01,uranus,10.892116,-16.516333
1996-11-01,uranus,10.992963,-16.454455
1996-12-01,uranus,11.090168,-16.393989
1997-01-01,uranus,11.190205,-16.330908
1997-02-01,uranus,11.289825,-16.267218
1997-03-01,uranus,11.379443,-16.209173
1997-04-01,uranus,11.478258,-16.144335
1997-05-01,uranus,11.573478,-16.081019
1997-06-01,uranus,11.671448,-16.015006
1997-07-01,uranus,11.765843,-15.950559
1997-08-01,uranus,11.862952,-15.883383
1997-09-01,uranus,11.959619,-15.81562
1997-10-01,uranus,12.052744,-15.749488
1997-11-01,uranus,12.148531,-15.68058
1997-12-01,uranus,12.240797,-15.613346
1998-01-01,uranus,12.33569,-15.543306
1998-02-01,uranus,12.430123,-15.472695
1998-03-01,uranus,12.515021,-15.40843
1998-04-01,uranus,12.608571,-15.336743
1998-05-01,uranus,12.698657,-15.266834
1998-06-01,uranus,12.791282,-15.194046
1998-07-01,uranus,12.880466,-15.123078
1998-08-01,uranus,12.972153,-15.049203
1998-09-01,uranus,13.063358,-14.97478
1998-10-01,uranus,13.151161,-14.902239
1998-11-01,uranus,13.24141,-14.826749
1998-12-01,uranus,13.328281,-14.753182
1999-01-01,uranus,13.417563,-14.676637
1999-02-01,uranus,13.506349,-14.599562
1999-03-01,uranus,13.586113,-14.529493
1999-04-01,uranus,13.673947,-14.451418
1999-05-01,uranus,13.758467,-14.375367
1999-06-01,uranus,13.845305,-14.296272
1999-07-01,uranus,13.928857,-14.219239
1999-08-01,uranus,14.014689,-14.139137
1999-09-01,uranus,14.100007,-14.058529
1999-10-01,uranus,14.18208,-13.980043
1999-11-01,uranus,14.266376,-13.898449
1999-12-01,uranus,14.347456,-13.819016
2000-01-01,uranus,14.430721,-13.73645
2000-02-01,uranus,14.513459,-13.653395
2000-03-01,uranus,14.59038,-13.57526
2000-04-01,uranus,14.672089,-13.49127
2000-05-01,uranus,14.750654,-13.409534
2000-06-01,uranus,14.83131,-13.324607
2000-07-01,uranus,14.90885,-13.241971
2000-08-01,uranus,14.988442,-13.15612
2000-09-01,uranus,15.067491,-13.069805
2000-10-01,uranus,15.14347,-12.985836
2000-11-01,uranus,15.221442,-12.898618
2000-12-01,uranus,15.296375,-12.813782
2001-01-01,uranus,15.373262,-12.725676
2001-02-01,uranus,15.449595,-12.637123
2001-03-01,uranus,15.518063,-12.556759
2001-04-01,uranus,15.593335,-12.467366
2001-05-01,uranus,15.665646,-12.380441
2001-06-01,uranus,15.739813,-12.290193
2001-07-01,uranus,15.811052,-12.202448
2001-08-01,uranus,15.884107,-12.111359
2001-09-01,uranus,15.956595,-12.019847
2001-10-01,uranus,16.026201,-11.930888
2001-11-01,uranus,16.097566,-11.838556
2001-12-01,uranus,16.166082,-11.748809
2002-01-01,uranus,16.236315,-11.655669
2002-02-01,uranus,16.305972,-11.562124
2002-03-01,uranus,16.36839,-11.477286
2002-04-01,uranus,16.436942,-11.382978
2002-05-01,uranus,16.502729,-11.291337
2002-06-01,uranus,16.570134,-11.196255
2002-07-01,uranus,16.634807,-11.103871
2002-08-01,uranus,16.701057,-11.008028
2002-09-01,uranus,16.766718,-10.911803
2002-10-01,uranus,16.829698,-10.818322
2002-11-01,uranus,16.894194,-10.721355
2002-12-01,uranus,16.956043,-10.627163
2003-01-01,uranus,17.019368,-10.529468
2003-02-01,uranus,17.082095,-10.431408
2003-03-01,uranus,17.138236,-10.342526
2003-04-01,uranus,17.199821,-10.243781
2003-05-01,uranus,17.258845,-10.147881
2003-06-01,uranus,17.319242,-10.048439
2003-07-01,uranus,17.377115,-9.951872
2003-08-01,uranus,17.436318,-9.851747
2003-09-01,uranus,17.494913,-9.751278
2003-10-01,uranus,17.551036,-9.653728
2003-11-01,uranus,17.608427,-9.552596
2003-12-01,uranus,17.663383,-9.454409
2004-01-01,uranus,17.719564,-9.352626
2004-02-01,uranus,17.775129,-9.250516
2004-03-01,uranus,17.826549,-9.154702
2004-04-01,uranus,17.880914,-9.05197
2004-05-01,uranus,17.932934,-8.952252
2004-06-01,uranus,17.986075,-8.848901
2004-07-01,uranus,18.036906,-8.748589
2004-08-01,uranus,18.088815,-8.644632
2004-09-01,uranus,18.140096,-8.540371
2004-10-01,uranus,18.189123,-8.439188
2004-11-01,uranus,18.239163,-8.334341
2004-12-01,uranus,18.286986,-8.232596
2005-01-01,uranus,18.335779,-8.127174
2005-02-01,uranus,18.383936,-8.021466
2005-03-01,uranus,18.426884,-7.925744
2005-04-01,uranus,18.473825,-7.819499
2005-05-01,uranus,18.518643,-7.716417
2005-06-01,uranus,18.564322,-7.60963
2005-07-01,uranus,18.607914,-7.506031
2005-08-01,uranus,18.652324,-7.398715
2005-09-01,uranus,18.696087,-7.291136
2005-10-01,uranus,18.737821,-7.18678
2005-11-01,uranus,18.780306,-7.078692
2005-12-01,uranus,18.8208,-6.97385
2006-01-01,uranus,18.862,-6.865267
2006-02-01,uranus,18.902546,-6.756438
2006-03-01,uranus,18.938603,-6.657932
2006-04-01,uranus,18.977898,-6.548644
2006-05-01,uranus,19.015297,-6.442656
2006-06-01,uranus,19.053292,-6.332907
2006-07-01,uranus,19.08943,-6.226479
2006-08-01,uranus,19.12612,-6.116282
2006-09-01,uranus,19.162144,-6.005864
2006-10-01,uranus,19.196371,-5.898799
2006-11-01,uranus,19.23108,-5.787954
2006-12-01,uranus,19.264032,-5.680484
2007-01-01,uranus,19.297421,-5.569227
2007-02-01,uranus,19.330136,-5.457767
2007-03-01,uranus,19.359106,-5.356921
2007-04-01,uranus,19.390537,-5.245084
2007-05-01,uranus,19.420308,-5.13667
2007-06-01,uranus,19.450404,-5.024457
2007-07-01,uranus,19.478882,-4.915688
2007-08-01,uranus,19.507638,-4.803114
2007-09-01,uranus,19.535711,-4.690363
2007-10-01,uranus,19.562226,-4.581083
2007-11-01,uranus,19.588951,-4.467994
2007-12-01,uranus,19.61416,-4.358395
2008-01-01,uranus,19.639532,-4.244984
2008-02-01,uranus,19.664214,-4.131414
2008-03-01,uranus,19.686678,-4.025032
2008-04-01,uranus,19.710022,-3.911169
2008-05-01,uranus,19.731953,-3.800839
2008-06-01,uranus,19.753931,-3.686692
2008-07-01,uranus,19.774538,-3.576096
2008-08-01,uranus,19.795147,-3.461681
2008-09-01,uranus,19.815058,-3.347137
2008-10-01,uranus,19.833661,-3.236168
2008-11-01,uranus,19.852196,-3.12138
2008-12-01,uranus,19.869465,-3.010184
2009-01-01,uranus,19.886619,-2.89517
2009-02-01,uranus,19.903071,-2.780047
2009-03-01,uranus,19.917326,-2.675974
2009-04-01,uranus,19.932437,-2.560656
2009-05-01,uranus,19.946389,-2.448966
2009-06-01,uranus,19.960112,-2.333461
2009-07-01,uranus,19.972718,-2.221599
2009-08-01,uranus,19.985049,-2.105926
2009-09-01,uranus,19.99667,-1.990174
2009-10-01,uranus,20.007242,-1.878085
2009-11-01,uranus,20.017468,-1.762189
2009-12-01,uranus,20.026687,-1.649969
2010-01-01,uranus,20.035514,-1.533948
2010-02-01,uranus,20.04363,-1.417869
2010-03-01,uranus,20.050348,-1.312977
2010-04-01,uranus,20.057108,-1.196801
2010-05-01,uranus,20.062971,-1.08433
2010-06-01,uranus,20.068328,-0.96807
2010-07-01,uranus,20.072833,-0.855527
2010-08-01,uranus,20.076785,-0.739201
2010-09-01,uranus,20.080023,-0.622849
2010-10-01,uranus,20.082477,-0.510228
2010-11-01,uranus,20.084309,-0.393835
2010-12-01,uranus,20.085402,-0.281184
2011-01-01,uranus,20.085828,-0.164769
2011-02-01,uranus,20.085539,-0.048349
2011-03-01,uranus,20.084663,0.056804
2011-04-01,uranus,20.083014,0.173221
2011-05-01,uranus,20.080737,0.285874
2011-06-01,uranus,20.077681,0.40227
2011-07-01,uranus,20.074043,0.514895
2011-08-01,uranus,20.069581,0.631253
2011-09-01,uranus,20.064405,0.747585
2011-10-01,uranus,20.058716,0.860135
2011-11-01,uranus,20.052135,0.976403
2011-12-01,uranus,20.045087,1.088883
2012-01-01,uranus,20.037103,1.20507
2012-02-01,uranus,20.028406,1.321209
2012-03-01,uranus,20.019626,1.429808
2012-04-01,uranus,20.009551,1.545841
2012-05-01,uranus,19.999125,1.658074
2012-06-01,uranus,19.987651,1.773984
2012-07-01,uranus,19.975872,1.886089
2012-08-01,uranus,19.963002,2.001858
2012-09-01,uranus,19.949423,2.117549
2012-10-01,uranus,19.935608,2.22943
2012-11-01,uranus,19.920636,2.344955
2012-12-01,uranus,19.905475,2.456668
2013-01-01,uranus,19.889113,2.57201
2013-02-01,uranus,19.872047,2.687254
2013-03-01,uranus,19.856027,2.791256
2013-04-01,uranus,19.83762,2.906299
2013-05-01,uranus,19.819139,3.017525
2013-06-01,uranus,19.799351,3.132345
2013-07-01,uranus,19.779534,3.243347
2013-08-01,uranus,19.758368,3.357928
2013-09-01,uranus,19.736503,3.472381
2013-10-01,uranus,19.714679,3.583017
2013-11-01,uranus,19.691441,3.697206
2013-12-01,uranus,19.668291,3.80758
2014-01-01,uranus,19.643686,3.92149
2014-02-01,uranus,19.618387,4.035253
2014-03-01,uranus,19.594941,4.137877
2014-04-01,uranus,19.568325,4.251347
2014-05-01,uranus,19.54191,4.361006
2014-06-01,uranus,19.513936,4.47416
2014-07-01,uranus,19.48621,4.583504
2014-08-01,uranus,19.456884,4.696325
2014-09-01,uranus,19.426872,4.808971
2014-10-01,uranus,19.397176,4.917814
2014-11-01,uranus,19.365819,5.030105
2014-12-01,uranus,19.334823,5.138597
2015-01-01,uranus,19.302125,5.250518
2015-02-01,uranus,19.268747,5.362246
2015-03-01,uranus,19.238016,5.462992
2015-04-01,uranus,19.203348,5.574341
2015-05-01,uranus,19.169155,5.681903
2015-06-01,uranus,19.133159,5.792846
2015-07-01,uranus,19.097683,5.900009
2015-08-01,uranus,19.060364,6.010532
2015-09-01,uranus,19.022374,6.120835
2015-10-01,uranus,18.984972,6.227369
2015-11-01,uranus,18.945666,6.337231
2015-12-01,uranus,18.906993,6.44333
2016-01-01,uranus,18.866377,6.552736
2016-02-01,uranus,18.825097,6.661906
2016-03-01,uranus,18.78588,6.763814
2016-04-01,uranus,18.743319,6.872515
2016-05-01,uranus,18.701502,6.977473
2016-06-01,uranus,18.657643,7.085683
2016-07-01,uranus,18.614574,7.19016
2016-08-01,uranus,18.569423,7.297866
2016-09-01,uranus,18.523618,7.40531
2016-10-01,uranus,18.478668,7.509036
2016-11-01,uranus,18.431579,7.615956
2016-12-01,uranus,18.385389,7.719167
2017-01-01,uranus,18.337021,7.825548
2017-02-01,uranus,18.288005,7.93165
2017-03-01,uranus,18.243177,8.027241
2017-04-01,uranus,18.192933,8.132803
2017-05-01,uranus,18.143696,8.234684
2017-06-01,uranus,18.092186,8.339673
2017-07-01,uranus,18.041727,8.440994
2017-08-01,uranus,17.988957,8.545397
2017-09-01,uranus,17.935548,8.649497
2017-10-01,uranus,17.883256,8.749948
2017-11-01,uranus,17.828596,8.853441
2017-12-01,uranus,17.775096,8.953298
2018-01-01,uranus,17.719189,9.056172
2018-02-01,uranus,17.662652,9.158726
2018-03-01,uranus,17.611044,9.251076
2018-04-01,uranus,17.553309,9.35301
2018-05-01,uranus,17.496839,9.451341
2018-06-01,uranus,17.437871,9.552621
2018-07-01,uranus,17.380211,9.650312
2018-08-01,uranus,17.320017,9.750924
2018-09-01,uranus,17.259201,9.851191
2018-10-01,uranus,17.199757,9.947892
2018-11-01,uranus,17.137723,10.047471
2018-12-01,uranus,17.077102,10.143499
2019-01-01,uranus,17.013856,10.242374
2019-02-01,uranus,16.949996,10.340887
2019-03-01,uranus,16.891789,10.429552
2019-04-01,uranus,16.826765,10.527365
2019-05-01,uranus,16.763258,10.621668
2019-06-01,uranus,16.697037,10.718743
2019-07-01,uranus,16.632374,10.812325
2019-08-01,uranus,16.564962,10.908648
2019-09-01,uranus,16.496946,11.004584
2019-10-01,uranus,16.430552,11.097053
2019-11-01,uranus,16.361355,11.192215
2019-12-01,uranus,16.293822,11.283928
2020-01-01,uranus,16.22345,11.378302
2020-02-01,uranus,16.152484,11.47227
2020-03-01,uranus,16.08556,11.559805
2020-04-01,uranus,16.013448,11.652976
2020-05-01,uranus,15.943102,11.742745
2020-06-01,uranus,15.869834,11.835092
2020-07-01,uranus,15.798371,11.924056
2020-08-01,uranus,15.723952,12.015564
2020-09-01,uranus,15.648952,12.10664
2020-10-01,uranus,15.575819,12.194363
2020-11-01,uranus,15.49968,12.284577
2020-12-01,uranus,15.42545,12.37146
2021-01-01,uranus,15.34818,12.460798
2021-02-01,uranus,15.270339,12.549685
2021-03-01,uranus,15.199542,12.62958
2021-04-01,uranus,15.120619,12.717598
2021-05-01,uranus,15.043704,12.802337
2021-06-01,uranus,14.963671,12.889442
2021-07-01,uranus,14.885686,12.97329
2021-08-01,uranus,14.804553,13.059466
2021-09-01,uranus,14.722863,13.145166
2021-10-01,uranus,14.643281,13.227643
2021-11-01,uranus,14.560503,13.312391
2021-12-01,uranus,14.479874,13.393941
2022-01-01,uranus,14.396019,13.477724
2022-02-01,uranus,14.31162,13.561011
2022-03-01,uranus,14.234924,13.635807
2022-04-01,uranus,14.149497,13.718138
2022-05-01,uranus,14.066315,13.79733
2022-06-01,uranus,13.979836,13.878659
2022-07-01,uranus,13.89564,13.956874
2022-08-01,uranus,13.808119,14.037185
2022-09-01,uranus,13.720072,14.116973
2022-10-01,uranus,13.634368,14.193687
2022-11-01,uranus,13.545296,14.272436
2022-12-01,uranus,13.458605,14.348137
2023-01-01,uranus,13.368518,14.425832
2023-02-01,uranus,13.277922,14.502986
2023-03-01,uranus,13.195656,14.572205
2023-04-01,uranus,13.104095,14.648318
2023-05-01,uranus,13.01501,14.721451
2023-06-01,uranus,12.922466,14.796475
2023-07-01,uranus,12.832435,14.868547
2023-08-01,uranus,12.738918,14.942467
2023-09-01,uranus,12.644913,15.015821
2023-10-01,uranus,12.553478,15.086266
2023-11-01,uranus,12.458521,15.158496
2023-12-01,uranus,12.366171,15.227846
2024-01-01,uranus,12.270275,15.298937
2024-02-01,uranus,12.173907,15.369445
2024-03-01,uranus,12.083332,15.434872
2024-04-01,uranus,11.986061,15.50424
2024-05-01,uranus,11.891488,15.570805
2024-06-01,uranus,11.793313,15.639002
2024-07-01,uranus,11.697872,15.704427
2024-08-01,uranus,11.598806,15.771439
2024-09-01,uranus,11.499294,15.837845
2024-10-01,uranus,11.40257,15.901528
2024-11-01,uranus,11.30219,15.96673
2024-12-01,uranus,11.204634,16.029243
2025-01-01,uranus,11.1034,16.09323
2025-02-01,uranus,11.00174,16.156594
2025-03-01,uranus,10.909553,16.213289
2025-04-01,uranus,10.807089,16.275461
2025-05-01,uranus,10.707534,16.335026
2025-06-01,uranus,10.604255,16.395953
2025-07-01,uranus,10.503919,16.454308
2025-08-01,uranus,10.399841,16.513979
2025-09-01,uranus,10.295362,16.573007
2025-10-01,uranus,10.193877,16.629517
2025-11-01,uranus,10.088623,16.687273
2025-12-01,uranus,9.986396,16.742546
2026-01-01,uranus,9.880383,16.799018
2026-02-01,uranus,9.77399,16.854835
2026-03-01,uranus,9.677571,16.904684
2026-04-01,uranus,9.570467,16.959245
2026-05-01,uranus,9.466469,17.011414
2026-06-01,uranus,9.358647,17.064667
2026-07-01,uranus,9.253961,17.115566
2026-08-01,uranus,9.145437,17.167502
2026-09-01,uranus,9.036562,17.218764
2026-10-01,uranus,8.93087,17.267729
2026-11-01,uranus,8.821318,17.31766
2026-12-01,uranus,8.714979,17.365333
2027-01-01,uranus,8.604767,17.413924
2027-02-01,uranus,8.494226,17.46183
2027-03-01,uranus,8.394103,17.504511
2027-04-01,uranus,8.282948,17.551109
2027-05-01,uranus,8.175077,17.595546
2027-06-01,uranus,8.063304,17.640783
2027-07-01,uranus,7.954843,17.6839
2027-08-01,uranus,7.842468,17.727769
2027-09-01,uranus,7.729794,17.770939
2027-10-01,uranus,7.620473,17.81205
2027-11-01,uranus,7.507223,17.85384
2027-12-01,uranus,7.397354,17.893612
2028-01-01,uranus,7.283546,17.934015
2028-02-01,uranus,7.16946,17.97371
2028-03-01,uranus,7.062487,18.010202
2028-04-01,uranus,6.947876,18.048523
2028-05-01,uranus,6.83671,18.084929
2028-06-01,uranus,6.721583,18.121845
2028-07-01,uranus,6.609926,18.156889
2028-08-01,uranus,6.4943,18.192395
2028-09-01,uranus,6.378426,18.227182
2028-10-01,uranus,6.266059,18.26016
2028-11-01,uranus,6.149712,18.293527
2028-12-01,uranus,6.036894,18.325128
2029-01-01,uranus,5.92009,18.357069
2029-02-01,uranus,5.80306,18.388284
2029-03-01,uranus,5.697165,18.415851
2029-04-01,uranus,5.579718,18.445678
2029-05-01,uranus,5.465857,18.473847
2029-06-01,uranus,5.347994,18.502234
2029-07-01,uranus,5.233739,18.529007
2029-08-01,uranus,5.115479,18.555949
2029-09-01,uranus,4.997023,18.582154
2029-10-01,uranus,4.882206,18.606812
2029-11-01,uranus,4.763377,18.631564
2029-12-01,uranus,4.648207,18.654813
2030-01-01,uranus,4.529023,18.678108
2030-02-01,uranus,4.409664,18.700659
2030-03-01,uranus,4.301709,18.720389
2030-04-01,uranus,4.182031,18.741523
2030-05-01,uranus,4.066059,18.761265
2030-06-01,uranus,3.946066,18.780929
2030-07-01,uranus,3.829798,18.799245
2030-08-01,uranus,3.709508,18.817435
2030-09-01,uranus,3.589074,18.834873
2030-10-01,uranus,3.472391,18.851032
2030-11-01,uranus,3.351684,18.866989
2030-12-01,uranus,3.234746,18.881712
2031-01-01,uranus,3.113785,18.896182
2031-02-01,uranus,2.992701,18.909895
2031-03-01,uranus,2.883233,18.92163
2031-04-01,uranus,2.761927,18.9339
2031-05-01,uranus,2.644429,18.94505
2031-06-01,uranus,2.52291,18.955823
2031-07-01,uranus,2.405215,18.965523
2031-08-01,uranus,2.2835,18.974795
2031-09-01,uranus,2.161693,18.983302
2031-10-01,uranus,2.043731,18.990807
2031-11-01,uranus,1.921754,18.997807
2031-12-01,uranus,1.803636,19.003851
2032-01-01,uranus,1.681507,19.00934
2032-02-01,uranus,1.559307,19.01406
2032-03-01,uranus,1.444931,19.017778
2032-04-01,uranus,1.322608,19.021005
2032-05-01,uranus,1.204175,19.023394
2032-06-01,uranus,1.081742,19.025101
2032-07-01,uranus,0.963213,19.026015
2032-08-01,uranus,0.84069,19.026198
2032-09-01,uranus,0.718127,19.025604
2032-10-01,uranus,0.599485,19.02429
2032-11-01,uranus,0.476859,19.022167
2032-12-01,uranus,0.358164,19.01937
2033-01-01,uranus,0.235491,19.015714
2033-02-01,uranus,0.112803,19.011277
2033-03-01,uranus,0.001978,19.006598
2033-04-01,uranus,-0.120728,19.000673
2033-05-01,uranus,-0.239479,18.994194
2033-06-01,uranus,-0.362185,18.986729
2033-07-01,uranus,-0.480926,18.978757
2033-08-01,uranus,-0.603613,18.969748
2033-09-01,uranus,-0.726284,18.959953
2033-10-01,uranus,-0.844977,18.949725
2033-11-01,uranus,-0.967601,18.938381
2033-12-01,uranus,-1.086239,18.926654
2034-01-01,uranus,-1.208796,18.91376
2034-02-01,uranus,-1.331312,18.900077
2034-03-01,uranus,-1.441931,18.88704
2034-04-01,uranus,-1.564355,18.871855
2034-05-01,uranus,-1.682776,18.856407
2034-06-01,uranus,-1.805084,18.839665
2034-07-01,uranus,-1.923384,18.822711
2034-08-01,uranus,-2.045558,18.804412
2034-09-01,uranus,-2.167655,18.785321
2034-10-01,uranus,-2.285736,18.766092
2034-11-01,uranus,-2.407668,18.745442
2034-12-01,uranus,-2.525579,18.724703
2035-01-01,uranus,-2.647326,18.702492
2035-02-01,uranus,-2.76897,18.679488
2035-03-01,uranus,-2.87875,18.658028
2035-04-01,uranus,-3.000184,18.633513
2035-05-01,uranus,-3.11759,18.609034
2035-06-01,uranus,-3.238787,18.582957
2035-07-01,uranus,-3.355953,18.556967
2035-08-01,uranus,-3.476893,18.529329
2035-09-01,uranus,-3.597693,18.500897
2035-10-01,uranus,-3.714459,18.472627
2035-11-01,uranus,-3.83497,18.442635
2035-12-01,uranus,-3.951444,18.412855
2036-01-01,uranus,-4.071643,18.381302
2036-02-01,uranus,-4.191676,18.348957
2036-03-01,uranus,-4.303808,18.317982
2036-04-01,uranus,-4.423502,18.284105
2036-05-01,uranus,-4.539161,18.250567
2036-06-01,uranus,-4.65849,18.215134
2036-07-01,uranus,-4.773784,18.180091
2036-08-01,uranus,-4.892726,18.143104
2036-09-01,uranus,-5.011462,18.105329
2036-10-01,uranus,-5.126167,18.068022
2036-11-01,uranus,-5.244482,18.028697
2036-12-01,uranus,-5.35877,17.989892
2037-01-01,uranus,-5.476643,17.949021
2037-02-01,uranus,-5.594283,17.907366
2037-03-01,uranus,-5.700333,17.869069
2037-04-01,uranus,-5.817513,17.825924
2037-05-01,uranus,-5.930675,17.783428
2037-06-01,uranus,-6.047358,17.738747
2037-07-01,uranus,-6.160029,17.694767
2037-08-01,uranus,-6.276192,17.648556
2037-09-01,uranus,-6.392083,17.601569
2037-10-01,uranus,-6.503971,17.55536
2037-11-01,uranus,-6.61931,17.50685
2037-12-01,uranus,-6.730653,17.45917
2038-01-01,uranus,-6.845417,17.409144
2038-02-01,uranus,-6.95988,17.35835
2038-03-01,uranus,-7.063004,17.311812
2038-04-01,uranus,-7.176879,17.25956
2038-05-01,uranus,-7.28678,17.208268
2038-06-01,uranus,-7.400027,17.154516
2038-07-01,uranus,-7.509309,17.101776
2038-08-01,uranus,-7.621905,17.046533
2038-09-01,uranus,-7.734163,16.990534
2038-10-01,uranus,-7.842471,16.935625
2038-11-01,uranus,-7.954045,16.878147
2038-12-01,uranus,-8.061682,16.82181
2039-01-01,uranus,-8.172551,16.76286
2039-02-01,uranus,-8.283055,16.703167
2039-03-01,uranus,-8.382545,16.648612
2039-04-01,uranus,-8.492336,16.587509
2039-05-01,uranus,-8.598222,16.527675
2039-06-01,uranus,-8.707256,16.465124
2039-07-01,uranus,-8.812399,16.403893
2039-08-01,uranus,-8.920656,16.339904
2039-09-01,uranus,-9.028509,16.275189
2039-10-01,uranus,-9.132495,16.211871
2039-11-01,uranus,-9.23954,16.145733
2039-12-01,uranus,-9.342733,16.081045
2040-01-01,uranus,-9.44895,16.013496
2040-02-01,uranus,-9.554737,15.945235
2040-03-01,uranus,-9.653307,15.880735
2040-04-01,uranus,-9.75825,15.811102
2040-05-01,uranus,-9.859385,15.743046
2040-06-01,uranus,-9.96345,15.672031
2040-07-01,uranus,-10.063727,15.602643
2040-08-01,uranus,-10.166894,15.530258
2040-09-01,uranus,-10.269599,15.457182
2040-10-01,uranus,-10.368545,15.385808
2040-11-01,uranus,-10.470323,15.31138
2040-12-01,uranus,-10.568364,15.238704
2041-01-01,uranus,-10.669199,15.162938
2041-02-01,uranus,-10.769546,15.086497
2041-03-01,uranus,-10.85976,15.016876
2041-04-01,uranus,-10.959167,14.939159
2041-05-01,uranus,-11.054891,14.863316
2041-06-01,uranus,-11.153309,14.784294
2041-07-01,uranus,-11.248068,14.707194
2041-08-01,uranus,-11.345479,14.62688
2041-09-01,uranus,-11.442372,14.545914
2041-10-01,uranus,-11.535641,14.466944
2041-11-01,uranus,-11.631501,14.384707
2041-12-01,uranus,-11.723763,14.304513
2042-01-01,uranus,-11.818573,14.22102
2042-02-01,uranus,-11.912844,14.136893
2042-03-01,uranus,-11.997523,14.060366
2042-04-01,uranus,-12.090754,13.975044
2042-05-01,uranus,-12.180452,13.891882
2042-06-01,uranus,-12.272593,13.805339
2042-07-01,uranus,-12.361227,13.721002
2042-08-01,uranus,-12.452261,13.633252
2042-09-01,uranus,-12.542727,13.544895
2042-10-01,uranus,-12.62973,13.458813
2042-11-01,uranus,-12.719065,13.369272
2042-12-01,uranus,-12.804967,13.282051
2043-01-01,uranus,-12.893157,13.191341
2043-02-01,uranus,-12.98076,13.100042
2043-03-01,uranus,-13.059376,13.017076
2043-04-01,uranus,-13.145849,12.924667
2043-05-01,uranus,-13.228962,12.834691
2043-06-01,uranus,-13.314253,12.741151
2043-07-01,uranus,-13.396215,12.650086
2043-08-01,uranus,-13.480308,12.55543
2043-09-01,uranus,-13.563788,12.460213
2043-10-01,uranus,-13.643988,12.367536
2043-11-01,uranus,-13.726249,12.271225
2043-12-01,uranus,-13.805263,12.177498
2044-01-01,uranus,-13.886292,12.08011
2044-02-01,uranus,-13.966689,11.98218
2044-03-01,uranus,-14.041325,11.890082
2044-04-01,uranus,-14.12049,11.791115
2044-05-01,uranus,-14.19649,11.694837
2044-06-01,uranus,-14.274388,11.594832
2044-07-01,uranus,-14.349156,11.497557
2044-08-01,uranus,-14.425774,11.39653
2044-09-01,uranus,-14.501737,11.29499
2044-10-01,uranus,-14.574622,11.19624
2044-11-01,uranus,-14.649284,11.093701
2044-12-01,uranus,-14.720904,10.993993
2045-01-01,uranus,-14.794254,10.890473
2045-02-01,uranus,-14.866931,10.786459
2045-03-01,uranus,-14.931994,10.692092
2045-04-01,uranus,-15.003383,10.587152
2045-05-01,uranus,-15.071819,10.48514
2045-06-01,uranus,-15.141862,10.379259
2045-07-01,uranus,-15.208991,10.276343
2045-08-01,uranus,-15.277677,10.169537
2045-09-01,uranus,-15.345668,10.062267
2045-10-01,uranus,-15.410802,9.95802
2045-11-01,uranus,-15.477417,9.849851
2045-12-01,uranus,-15.541212,9.744742
2046-01-01,uranus,-15.606438,9.635689
2046-02-01,uranus,-15.670954,9.526195
2046-03-01,uranus,-15.728613,9.426921
2046-04-01,uranus,-15.791768,9.316598
2046-05-01,uranus,-15.852201,9.209424
2046-06-01,uranus,-15.913937,9.098261
2046-07-01,uranus,-15.972991,8.990284
2046-08-01,uranus,-16.033297,8.878298
2046-09-01,uranus,-16.092871,8.765901
2046-10-01,uranus,-16.149823,8.656742
2046-11-01,uranus,-16.207949,8.54355
2046-12-01,uranus,-16.263495,8.43363
2047-01-01,uranus,-16.32016,8.31966
2047-02-01,uranus,-16.376079,8.205301
2047-03-01,uranus,-16.425943,8.10168
2047-04-01,uranus,-16.480434,7.986596
2047-05-01,uranus,-16.532448,7.874868
2047-06-01,uranus,-16.58545,7.759052
2047-07-01,uranus,-16.636019,7.646625
2047-08-01,uranus,-16.687522,7.530096
2047-09-01,uranus,-16.738259,7.413212
2047-10-01,uranus,-16.786627,7.299766
2047-11-01,uranus,-16.835848,7.182198
2047-12-01,uranus,-16.882744,7.068098
2048-01-01,uranus,-16.930439,6.949866
2048-02-01,uranus,-16.977354,6.831303
2048-03-01,uranus,-17.020534,6.720096
2048-04-01,uranus,-17.065932,6.600909
2048-05-01,uranus,-17.109116,6.485267
2048-06-01,uranus,-17.152963,6.365465
2048-07-01,uranus,-17.19464,6.249238
2048-08-01,uranus,-17.236924,6.128842
2048-09-01,uranus,-17.27841,6.008152
2048-10-01,uranus,-17.317797,5.891081
2048-11-01,uranus,-17.357707,5.769828
2048-12-01,uranus,-17.395563,5.652222
2049-01-01,uranus,-17.433887,5.530427
2049-02-01,uranus,-17.471401,5.408366
2049-03-01,uranus,-17.504588,5.297892
2049-04-01,uranus,-17.540555,5.175338
2049-05-01,uranus,-17.574586,5.056498
2049-06-01,uranus,-17.608946,4.933455
2049-07-01,uranus,-17.641417,4.814154
2049-08-01,uranus,-17.674161,4.690646
2049-09-01,uranus,-17.70608,4.566909
2049-10-01,uranus,-17.736184,4.446952
2049-11-01,uranus,-17.766476,4.322784
2049-12-01,uranus,-17.795001,4.202419
2050-01-01,uranus,-17.823657,4.077841
2050-02-01,uranus,-17.851481,3.953064
2050-03-01,uranus,-17.875893,3.840196
2050-04-01,uranus,-17.902125,3.715056
2050-05-01,uranus,-17.926712,3.59378
2050-06-01,uranus,-17.951292,3.468288
2050-07-01,uranus,-17.974278,3.346683
2050-08-01,uranus,-17.997201,3.220863
2050-09-01,uranus,-18.019278,3.094885
2050-10-01,uranus,-18.039838,2.972827
2050-11-01,uranus,-18.06025,2.846556
2050-12-01,uranus,-18.079196,2.724226
2051-01-01,uranus,-18.097937,2.597688
2051-02-01,uranus,-18.115827,2.471022
2051-03-01,uranus,-18.131253,2.35651
2051-04-01,uranus,-18.147521,2.229619
2051-05-01,uranus,-18.162451,2.106718
2051-06-01,uranus,-18.177038,1.97962
2051-07-01,uranus,-18.19034,1.856529
2051-08-01,uranus,-18.203242,1.729247
2051-09-01,uranus,-18.215288,1.60188
2051-10-01,uranus,-18.226128,1.478548
2051-11-01,uranus,-18.236485,1.351035
2051-12-01,uranus,-18.245691,1.227574
2052-01-01,uranus,-18.254357,1.099939
2052-02-01,uranus,-18.262164,0.972252
2052-03-01,uranus,-18.268689,0.852761
2052-04-01,uranus,-18.274832,0.72499
2052-05-01,uranus,-18.279957,0.60131
2052-06-01,uranus,-18.284406,0.473479
2052-07-01,uranus,-18.287892,0.349752
2052-08-01,uranus,-18.290647,0.221887
2052-09-01,uranus,-18.292542,0.094013
2052-10-01,uranus,-18.293557,-0.029738
2052-11-01,uranus,-18.293759,-0.15761
2052-12-01,uranus,-18.293135,-0.281346
2053-01-01,uranus,-18.291645,-0.409191
2053-02-01,uranus,-18.289295,-0.537013
2053-03-01,uranus,-18.286434,-0.652439
2053-04-01,uranus,-18.28245,-0.780199
2053-05-01,uranus,-18.277778,-0.903798
2053-06-01,uranus,-18.272106,-1.03147
2053-07-01,uranus,-18.265801,-1.154973
2053-08-01,uranus,-18.258444,-1.282532
2053-09-01,uranus,-18.250232,-1.410026
2053-10-01,uranus,-18.241472,-1.533338
2053-11-01,uranus,-18.23158,-1.660682
2053-12-01,uranus,-18.221195,-1.783839
2054-01-01,uranus,-18.209626,-1.911011
2054-02-01,uranus,-18.197207,-2.038086
2054-03-01,uranus,-18.18526,-2.152774
2054-04-01,uranus,-18.171226,-2.279648
2054-05-01,uranus,-18.156838,-2.40232
2054-06-01,uranus,-18.141139,-2.528962
2054-07-01,uranus,-18.125142,-2.651398
2054-08-01,uranus,-18.107783,-2.777785
2054-09-01,uranus,-18.089582,-2.904034
2054-10-01,uranus,-18.071169,-3.026073
2054-11-01,uranus,-18.051317,-3.152032
2054-12-01,uranus,-18.031308,-3.27378
2055-01-01,uranus,-18.009811,-3.399427
2055-02-01,uranus,-17.987481,-3.524906
2055-03-01,uranus,-17.966596,-3.638094
2055-04-01,uranus,-17.942684,-3.763239
2055-05-01,uranus,-17.918755,-3.884171
2055-06-01,uranus,-17.893215,-4.008949
2055-07-01,uranus,-17.867713,-4.129515
2055-08-01,uranus,-17.840552,-4.253903
2055-09-01,uranus,-17.81257,-4.378084
2055-10-01,uranus,-17.784712,-4.498058
2055-11-01,uranus,-17.755121,-4.621818
2055-12-01,uranus,-17.725709,-4.741373
2056-01-01,uranus,-17.694517,-4.864689
2056-02-01,uranus,-17.662515,-4.987772
2056-03-01,uranus,-17.631845,-5.102699
2056-04-01,uranus,-17.59828,-5.225315
2056-05-01,uranus,-17.565033,-5.343739
2056-06-01,uranus,-17.529888,-5.46586
2056-07-01,uranus,-17.495116,-5.583795
2056-08-01,uranus,-17.458401,-5.705402
2056-09-01,uranus,-17.420891,-5.826738
2056-10-01,uranus,-17.383836,-5.9439
2056-11-01,uranus,-17.344769,-6.064691
2056-12-01,uranus,-17.306212,-6.181315
2057-01-01,uranus,-17.265597,-6.301542
2057-02-01,uranus,-17.224199,-6.421474
2057-03-01,uranus,-17.186137,-6.529543
2057-04-01,uranus,-17.143256,-6.648901
2057-05-01,uranus,-17.10102,-6.764115
2057-06-01,uranus,-17.056616,-6.88286
2057-07-01,uranus,-17.012911,-6.997473
2057-08-01,uranus,-16.966993,-7.115587
2057-09-01,uranus,-16.92031,-7.233374
2057-10-01,uranus,-16.874406,-7.347045
2057-11-01,uranus,-16.826225,-7.464172
2057-12-01,uranus,-16.778876,-7.577196
2058-01-01,uranus,-16.729206,-7.693647
2058-02-01,uranus,-16.678785,-7.809746
2058-03-01,uranus,-16.632598,-7.914304
2058-04-01,uranus,-16.580752,-8.029722
2058-05-01,uranus,-16.52987,-8.14107
2058-06-01,uranus,-16.476562,-8.255767
2058-07-01,uranus,-16.42427,-8.366408
2058-08-01,uranus,-16.369511,-8.480366
2058-09-01,uranus,-16.314019,-8.593941
2058-10-01,uranus,-16.259621,-8.703484
2058-11-01,uranus,-16.202693,-8.816293
2058-12-01,uranus,-16.146912,-8.925087
2059-01-01,uranus,-16.08856,-9.037114
2059-02-01,uranus,-16.029489,-9.148736
2059-03-01,uranus,-15.975519,-9.249205
2059-04-01,uranus,-15.915087,-9.360046
2059-05-01,uranus,-15.855928,-9.466914
2059-06-01,uranus,-15.794099,-9.57693
2059-07-01,uranus,-15.733594,-9.682992
2059-08-01,uranus,-15.670381,-9.792167
2059-09-01,uranus,-15.606468,-9.900907
2059-10-01,uranus,-15.543955,-10.005722
2059-11-01,uranus,-15.478675,-10.113595
2059-12-01,uranus,-15.414843,-10.217564
2060-01-01,uranus,-15.348207,-10.324554
2060-02-01,uranus,-15.280887,-10.431089
2060-03-01,uranus,-15.217293,-10.530335
2060-04-01,uranus,-15.148657,-10.635977
2060-05-01,uranus,-15.081592,-10.737765
2060-06-01,uranus,-15.01163,-10.842483
2060-07-01,uranus,-14.943287,-10.94337
2060-08-01,uranus,-14.872011,-11.047147
2060-09-01,uranus,-14.800073,-11.15044
2060-10-01,uranus,-14.729826,-11.249937
2060-11-01,uranus,-14.656593,-11.352265
2060-12-01,uranus,-14.585099,-11.45082
2061-01-01,uranus,-14.510583,-11.552167
2061-02-01,uranus,-14.43542,-11.65301
2061-03-01,uranus,-14.366978,-11.743657
2061-04-01,uranus,-14.290594,-11.843528
2061-05-01,uranus,-14.216067,-11.939686
2061-06-01,uranus,-14.138432,-12.038536
2061-07-01,uranus,-14.062702,-12.133699
2061-08-01,uranus,-13.98383,-12.231513
2061-09-01,uranus,-13.904336,-12.328795
2061-10-01,uranus,-13.826815,-12.422428
2061-11-01,uranus,-13.746104,-12.51865
2061-12-01,uranus,-13.667413,-12.61125
2062-01-01,uranus,-13.5855,-12.706396
2062-02-01,uranus,-13.502982,-12.800991
2062-03-01,uranus,-13.427931,-12.885952
2062-04-01,uranus,-13.34427,-12.979484
2062-05-01,uranus,-13.262742,-13.069461
2062-06-01,uranus,-13.177914,-13.16188
2062-07-01,uranus,-13.095264,-13.250772
2062-08-01,uranus,-13.009285,-13.342061
2062-09-01,uranus,-12.922726,-13.432771
2062-10-01,uranus,-12.838411,-13.52
2062-11-01,uranus,-12.750723,-13.609558
2062-12-01,uranus,-12.665323,-13.695665
2063-01-01,uranus,-12.576522,-13.784057
2063-02-01,uranus,-12.487161,-13.871851
2063-03-01,uranus,-12.40597,-13.950631
2063-04-01,uranus,-12.315555,-14.037275
2063-05-01,uranus,-12.227535,-14.120545
2063-06-01,uranus,-12.136046,-14.205987
2063-07-01,uranus,-12.046995,-14.288086
2063-08-01,uranus,-11.954449,-14.372312
2063-09-01,uranus,-11.861372,-14.455914
2063-10-01,uranus,-11.770797,-14.536222
2063-11-01,uranus,-11.676688,-14.618587
2063-12-01,uranus,-11.585122,-14.69769
2064-01-01,uranus,-11.489999,-14.778804
2064-02-01,uranus,-11.394367,-14.859276
2064-03-01,uranus,-11.304447,-14.933973
2064-04-01,uranus,-11.207843,-15.013195
2064-05-01,uranus,-11.113883,-15.089241
2064-06-01,uranus,-11.016309,-15.167179
2064-07-01,uranus,-10.921419,-15.241977
2064-08-01,uranus,-10.822892,-15.318617
2064-09-01,uranus,-10.723888,-15.394594
2064-10-01,uranus,-10.627628,-15.467486
2064-11-01,uranus,-10.5277,-15.542147
2064-12-01,uranus,-10.430555,-15.613759
2065-01-01,uranus,-10.329721,-15.687093
2065-02-01,uranus,-10.228435,-15.759748
2065-03-01,uranus,-10.136565,-15.824786
2065-04-01,uranus,-10.03443,-15.896141
2065-05-01,uranus,-9.935172,-15.964539
2065-06-01,uranus,-9.832179,-16.034538
2065-07-01,uranus,-9.732101,-16.101619
2065-08-01,uranus,-9.62827,-16.170252
2065-09-01,uranus,-9.52402,-16.238187
2065-10-01,uranus,-9.42274,-16.303263
2065-11-01,uranus,-9.317682,-16.369815
2065-12-01,uranus,-9.215629,-16.433549
2066-01-01,uranus,-9.109783,-16.498711
2066-02-01,uranus,-9.003544,-16.563162
2066-03-01,uranus,-8.907253,-16.620763
2066-04-01,uranus,-8.80028,-16.683854
2066-05-01,uranus,-8.696399,-16.744228
2066-06-01,uranus,-8.588688,-16.805905
2066-07-01,uranus,-8.484103,-16.864907
2066-08-01,uranus,-8.375675,-16.925162
2066-09-01,uranus,-8.26689,-16.984692
2066-10-01,uranus,-8.16128,-17.041609
2066-11-01,uranus,-8.051809,-17.099705
2066-12-01,uranus,-7.945545,-17.155231
2067-01-01,uranus,-7.835409,-17.211885
2067-02-01,uranus,-7.724942,-17.267805
2067-03-01,uranus,-7.624886,-17.31768
2067-04-01,uranus,-7.513805,-17.372196
2067-05-01,uranus,-7.406008,-17.424249
2067-06-01,uranus,-7.294314,-17.477308
2067-07-01,uranus,-7.185933,-17.527948
2067-08-01,uranus,-7.073645,-17.579544
2067-09-01,uranus,-6.961064,-17.630394
2067-10-01,uranus,-6.85184,-17.678892
2067-11-01,uranus,-6.738698,-17.728271
2067-12-01,uranus,-6.62894,-17.775343
2068-01-01,uranus,-6.515257,-17.823246
2068-02-01,uranus,-6.401306,-17.870397
2068-03-01,uranus,-6.29447,-17.913825
2068-04-01,uranus,-6.180019,-17.959518
2068-05-01,uranus,-6.069019,-18.003019
2068-06-01,uranus,-5.954078,-18.047226
2068-07-01,uranus,-5.842616,-18.089287
2068-08-01,uranus,-5.727206,-18.132005
2068-09-01,uranus,-5.611566,-18.173965
2068-10-01,uranus,-5.499442,-18.213849
2068-11-01,uranus,-5.383364,-18.254315
2068-12-01,uranus,-5.270826,-18.292751
2069-01-01,uranus,-5.154331,-18.331721
2069-02-01,uranus,-5.037631,-18.36993
2069-03-01,uranus,-4.932053,-18.403786
2069-04-01,uranus,-4.814979,-18.440544
2069-05-01,uranus,-4.701501,-18.47539
2069-06-01,uranus,-4.584058,-18.510648
2069-07-01,uranus,-4.470234,-18.544041
2069-08-01,uranus,-4.352444,-18.577796
2069-09-01,uranus,-4.234485,-18.610787
2069-10-01,uranus,-4.120174,-18.641987
2069-11-01,uranus,-4.001896,-18.673474
2069-12-01,uranus,-3.887287,-18.703218
2070-01-01,uranus,-3.76871,-18.733201
2070-02-01,uranus,-3.649989,-18.76242
2070-03-01,uranus,-3.542637,-18.788153
2070-04-01,uranus,-3.423655,-18.815916
2070-05-01,uranus,-3.308387,-18.842055
2070-06-01,uranus,-3.189153,-18.868313
2070-07-01,uranus,-3.07365,-18.892996
2070-08-01,uranus,-2.954183,-18.91775
2070-09-01,uranus,-2.834606,-18.941738
2070-10-01,uranus,-2.718784,-18.964226
2070-11-01,uranus,-2.599001,-18.986711
2070-12-01,uranus,-2.482991,-19.007743
2071-01-01,uranus,-2.363022,-19.028725
2071-02-01,uranus,-2.242966,-19.048943
2071-03-01,uranus,-2.134456,-19.066548
2071-04-01,uranus,-2.014246,-19.085314
2071-05-01,uranus,-1.897843,-19.102747
2071-06-01,uranus,-1.777491,-19.120012
2071-07-01,uranus,-1.660959,-19.135994
2071-08-01,uranus,-1.540484,-19.151759
2071-09-01,uranus,-1.419953,-19.166762
2071-10-01,uranus,-1.30326,-19.180557
2071-11-01,uranus,-1.182632,-19.194063
2071-12-01,uranus,-1.065854,-19.206409
2072-01-01,uranus,-0.945146,-19.218419
2072-02-01,uranus,-0.824404,-19.229669
2072-03-01,uranus,-0.711426,-19.239506
2072-04-01,uranus,-0.590631,-19.249288
2072-05-01,uranus,-0.473713,-19.258031
2072-06-01,uranus,-0.352882,-19.266321
2072-07-01,uranus,-0.235938,-19.273622
2072-08-01,uranus,-0.115087,-19.280422
2072-09-01,uranus,0.005767,-19.286465
2072-10-01,uranus,0.122721,-19.291593
2072-11-01,uranus,0.243569,-19.29615
2072-12-01,uranus,0.36051,-19.29984
2073-01-01,uranus,0.481335,-19.302911
2073-02-01,uranus,0.602142,-19.305229
2073-03-01,uranus,0.711238,-19.306674
2073-04-01,uranus,0.831999,-19.307559
2073-05-01,uranus,0.948835,-19.307698
2073-06-01,uranus,1.069531,-19.307103
2073-07-01,uranus,1.186297,-19.305812
2073-08-01,uranus,1.306912,-19.303739
2073-09-01,uranus,1.427479,-19.300916
2073-10-01,uranus,1.544108,-19.297471
2073-11-01,uranus,1.66457,-19.293175
2073-12-01,uranus,1.781088,-19.288305
2074-01-01,uranus,1.901427,-19.282537
2074-02-01,uranus,2.021697,-19.276023
2074-03-01,uranus,2.130265,-19.269497
2074-04-01,uranus,2.250393,-19.261563
2074-05-01,uranus,2.366568,-19.253176
2074-06-01,uranus,2.486531,-19.243777
2074-07-01,uranus,2.60254,-19.233973
2074-08-01,uranus,2.722323,-19.223112
2074-09-01,uranus,2.842007,-19.211509
2074-10-01,uranus,2.957734,-19.199574
2074-11-01,uranus,3.077213,-19.186513
2074-12-01,uranus,3.192733,-19.173169
2075-01-01,uranus,3.31199,-19.158653
2075-02-01,uranus,3.431127,-19.143399
2075-03-01,uranus,3.538629,-19.128987
2075-04-01,uranus,3.657527,-19.11233
2075-05-01,uranus,3.772464,-19.09551
2075-06-01,uranus,3.891099,-19.077406
2075-07-01,uranus,4.005772,-19.059187
2075-08-01,uranus,4.124125,-19.039639
2075-09-01,uranus,4.24233,-19.01936
2075-10-01,uranus,4.356575,-18.999038
2075-11-01,uranus,4.474473,-18.97732
2075-12-01,uranus,4.588413,-18.955609
2076-01-01,uranus,4.705988,-18.932457
2076-02-01,uranus,4.823391,-18.908578
2076-03-01,uranus,4.933062,-18.885582
2076-04-01,uranus,5.050123,-18.860298
2076-05-01,uranus,5.163232,-18.83514
2076-06-01,uranus,5.279927,-18.808433
2076-07-01,uranus,5.392674,-18.7819
2076-08-01,uranus,5.508985,-18.753773
2076-09-01,uranus,5.625096,-18.724927
2076-10-01,uranus,5.737264,-18.696328
2076-11-01,uranus,5.852966,-18.66607
2076-12-01,uranus,5.964731,-18.636107
2077-01-01,uranus,6.080006,-18.604443
2077-02-01,uranus,6.195058,-18.572066
2077-03-01,uranus,6.29878,-18.54221
2077-04-01,uranus,6.413395,-18.50848
2077-05-01,uranus,6.524087,-18.475163
2077-06-01,uranus,6.638233,-18.440041
2077-07-01,uranus,6.748464,-18.405379
2077-08-01,uranus,6.862123,-18.368869
2077-09-01,uranus,6.975529,-18.331657
2077-10-01,uranus,7.085031,-18.294978
2077-11-01,uranus,7.197925,-18.256389
2077-12-01,uranus,7.306923,-18.218381
2078-01-01,uranus,7.419287,-18.178421
2078-02-01,uranus,7.531376,-18.137768
2078-03-01,uranus,7.632377,-18.100454
2078-04-01,uranus,7.743929,-18.058485
2078-05-01,uranus,7.851608,-18.017215
2078-06-01,uranus,7.962589,-17.973894
2078-07-01,uranus,8.069707,-17.931319
2078-08-01,uranus,8.180099,-17.886653
2078-09-01,uranus,8.290185,-17.841307
2078-10-01,uranus,8.396425,-17.796778
2078-11-01,uranus,8.505897,-17.7501
2078-12-01,uranus,8.611535,-17.704286
2079-01-01,uranus,8.720377,-17.656284
2079-02-01,uranus,8.828892,-17.607612
2079-03-01,uranus,8.926621,-17.563077
2079-04-01,uranus,9.034502,-17.513139
2079-05-01,uranus,9.13858,-17.46418
2079-06-01,uranus,9.245789,-17.412939
2079-07-01,uranus,9.34921,-17.362726
2079-08-01,uranus,9.455732,-17.310194
2079-09-01,uranus,9.561899,-17.257009
2079-10-01,uranus,9.664298,-17.204921
2079-11-01,uranus,9.769753,-17.15046
2079-12-01,uranus,9.871456,-17.097141
2080-01-01,uranus,9.976184,-17.041413
2080-02-01,uranus,10.080536,-16.985046
2080-03-01,uranus,10.177812,-16.931739
2080-04-01,uranus,10.281426,-16.874141
2080-05-01,uranus,10.381329,-16.817801
2080-06-01,uranus,10.484177,-16.758964
2080-07-01,uranus,10.583333,-16.701429
2080-08-01,uranus,10.685401,-16.641364
2080-09-01,uranus,10.787067,-16.580678
2080-10-01,uranus,10.885067,-16.521363
2080-11-01,uranus,10.985931,-16.459467
2080-12-01,uranus,11.083147,-16.398985
2081-01-01,uranus,11.183194,-16.335889
2081-02-01,uranus,11.282821,-16.272189
2081-03-01,uranus,11.372443,-16.214135
2081-04-01,uranus,11.47126,-16.149292
2081-05-01,uranus,11.566479,-16.085973
2081-06-01,uranus,11.664445,-16.01996
2081-07-01,uranus,11.758835,-15.955516
2081-08-01,uranus,11.855937,-15.888346
2081-09-01,uranus,11.952596,-15.820593
2081-10-01,uranus,12.04571,-15.754474
2081-11-01,uranus,12.141485,-15.685583
2081-12-01,uranus,12.233739,-15.618369
2082-01-01,uranus,12.328618,-15.548353
2082-02-01,uranus,12.423037,-15.47777
2082-03-01,uranus,12.507921,-15.413533
2082-04-01,uranus,12.601456,-15.341881
2082-05-01,uranus,12.691527,-15.272009
2082-06-01,uranus,12.784136,-15.199264
2082-07-01,uranus,12.873306,-15.128341
2082-08-01,uranus,12.964978,-15.054515
2082-09-01,uranus,13.056169,-14.980146
2082-10-01,uranus,13.143958,-14.907661
2082-11-01,uranus,13.234195,-14.832232
2082-12-01,uranus,13.321056,-14.758728
2083-01-01,uranus,13.410328,-14.682252
2083-02-01,uranus,13.499106,-14.605249
2083-03-01,uranus,13.578865,-14.535248
2083-04-01,uranus,13.666695,-14.457252
2083-05-01,uranus,13.751213,-14.381279
2083-06-01,uranus,13.838052,-14.302269
2083-07-01,uranus,13.921606,-14.225322
2083-08-01,uranus,14.007445,-14.145311
2083-09-01,uranus,14.092771,-14.064797
2083-10-01,uranus,14.174855,-13.986405
2083-11-01,uranus,14.259166,-13.90491
2083-12-01,uranus,14.340263,-13.825575
2084-01-01,uranus,14.42355,-13.743113
2084-02-01,uranus,14.506313,-13.660165
2084-03-01,uranus,14.58326,-13.582132
2084-04-01,uranus,14.665003,-13.498252
2084-05-01,uranus,14.743603,-13.416624
2084-06-01,uranus,14.824298,-13.33181
2084-07-01,uranus,14.901882,-13.249285
2084-08-01,uranus,14.981522,-13.16355
2084-09-01,uranus,15.060624,-13.077352
2084-10-01,uranus,15.136658,-12.993496
2084-11-01,uranus,15.214691,-12.906397
2084-12-01,uranus,15.289688,-12.821676
2085-01-01,uranus,15.366645,-12.733688
2085-02-01,uranus,15.443053,-12.645253
2085-03-01,uranus,15.511592,-12.564996
2085-04-01,uranus,15.586948,-12.475722
2085-05-01,uranus,15.659343,-12.388911
2085-06-01,uranus,15.733603,-12.298779
2085-07-01,uranus,15.804935,-12.211146
2085-08-01,uranus,15.878092,-12.120171
2085-09-01,uranus,15.950685,-12.028773
2085-10-01,uranus,16.020398,-11.939922
2085-11-01,uranus,16.091876,-11.847699
2085-12-01,uranus,16.160507,-11.758057
2086-01-01,uranus,16.230863,-11.665022
2086-02-01,uranus,16.300646,-11.571579
2086-03-01,uranus,16.363181,-11.486832
2086-04-01,uranus,16.431868,-11.392623
2086-05-01,uranus,16.497788,-11.301074
2086-06-01,uranus,16.565334,-11.206084
2086-07-01,uranus,16.630147,-11.113785
2086-08-01,uranus,16.696545,-11.018027
2086-09-01,uranus,16.762358,-10.921884
2086-10-01,uranus,16.825487,-10.828478
2086-11-01,uranus,16.890141,-10.731585
2086-12-01,uranus,16.952145,-10.637461
2087-01-01,uranus,17.015633,-10.539831
2087-02-01,uranus,17.078525,-10.441833
2087-03-01,uranus,17.134818,-10.353003
2087-04-01,uranus,17.196572,-10.254309
2087-05-01,uranus,17.255762,-10.158457
2087-06-01,uranus,17.316332,-10.059058
2087-07-01,uranus,17.374373,-9.962528
2087-08-01,uranus,17.433752,-9.862436
2087-09-01,uranus,17.492524,-9.761996
2087-10-01,uranus,17.548819,-9.664468
2087-11-01,uranus,17.606388,-9.563354
2087-12-01,uranus,17.661517,-9.46518
2088-01-01,uranus,17.717877,-9.363404
2088-02-01,uranus,17.773621,-9.261297
2088-03-01,uranus,17.825208,-9.16548
2088-04-01,uranus,17.879752,-9.062741
2088-05-01,uranus,17.931944,-8.963009
2088-06-01,uranus,17.985261,-8.85964
2088-07-01,uranus,18.036262,-8.759306
2088-08-01,uranus,18.088346,-8.655319
2088-09-01,uranus,18.139799,-8.551025
2088-10-01,uranus,18.188992,-8.449804
2088-11-01,uranus,18.239201,-8.344912
2088-12-01,uranus,18.287186,-8.243119
2089-01-01,uranus,18.336143,-8.137643
2089-02-01,uranus,18.384462,-8.031874
2089-03-01,uranus,18.427554,-7.936094
2089-04-01,uranus,18.474651,-7.82978
2089-05-01,uranus,18.519617,-7.726628
2089-06-01,uranus,18.565445,-7.619763
2089-07-01,uranus,18.609179,-7.516084
2089-08-01,uranus,18.653732,-7.408682
2089-09-01,uranus,18.697634,-7.301012
2089-10-01,uranus,18.739497,-7.196564
2089-11-01,uranus,18.782112,-7.088377
2089-12-01,uranus,18.822728,-6.983436
2090-01-01,uranus,18.86405,-6.874747
2090-02-01,uranus,18.904712,-6.765809
2090-03-01,uranus,18.940871,-6.667201
2090-04-01,uranus,18.980272,-6.557798
2090-05-01,uranus,19.01777,-6.451695
2090-06-01,uranus,19.055862,-6.341825
2090-07-01,uranus,19.092089,-6.235278
2090-08-01,uranus,19.128865,-6.124955
2090-09-01,uranus,19.16497,-6.014409
2090-10-01,uranus,19.19927,-5.907219
2090-11-01,uranus,19.234049,-5.796242
2090-12-01,uranus,19.267063,-5.688644
2091-01-01,uranus,19.30051,-5.577253
2091-02-01,uranus,19.333279,-5.465658
2091-03-01,uranus,19.362291,-5.364689
2091-04-01,uranus,19.393764,-5.252715
2091-05-01,uranus,19.42357,-5.14417
2091-06-01,uranus,19.453696,-5.03182
2091-07-01,uranus,19.482197,-4.922917
2091-08-01,uranus,19.510972,-4.810207
2091-09-01,uranus,19.539058,-4.69732
2091-10-01,uranus,19.565581,-4.587909
2091-11-01,uranus,19.592308,-4.474685
2091-12-01,uranus,19.617513,-4.364957
2092-01-01,uranus,19.642875,-4.251413
2092-02-01,uranus,19.667543,-4.137713
2092-03-01,uranus,19.689988,-4.031211
2092-04-01,uranus,19.713307,-3.91722
2092-05-01,uranus,19.735209,-3.80677
2092-06-01,uranus,19.757152,-3.6925
2092-07-01,uranus,19.777721,-3.581787
2092-08-01,uranus,19.798285,-3.467255
2092-09-01,uranus,19.818146,-3.352597
2092-10-01,uranus,19.836698,-3.24152
2092-11-01,uranus,19.855174,-3.126624
2092-12-01,uranus,19.872383,-3.015326
2093-01-01,uranus,19.889472,-2.90021
2093-02-01,uranus,19.905853,-2.78499
2093-03-01,uranus,19.920041,-2.680832
2093-04-01,uranus,19.935076,-2.565423
2093-05-01,uranus,19.948951,-2.453649
2093-06-01,uranus,19.96259,-2.338063
2093-07-01,uranus,19.975113,-2.226126
2093-08-01,uranus,19.987355,-2.110379
2093-09-01,uranus,19.998885,-1.994558
2093-10-01,uranus,20.009367,-1.882406
2093-11-01,uranus,20.019497,-1.76645
2093-12-01,uranus,20.028622,-1.654177
2094-01-01,uranus,20.03735,-1.538105
2094-02-01,uranus,20.045365,-1.42198
2094-03-01,uranus,20.051992,-1.317051
2094-04-01,uranus,20.058649,-1.200838
2094-05-01,uranus,20.064413,-1.088337
2094-06-01,uranus,20.069666,-0.97205
2094-07-01,uranus,20.07407,-0.859485
2094-08-01,uranus,20.077918,-0.743143
2094-09-01,uranus,20.081053,-0.626778
2094-10-01,uranus,20.083406,-0.514149
2094-11-01,uranus,20.085136,-0.397754
2094-12-01,uranus,20.08613,-0.285105
2095-01-01,uranus,20.086455,-0.168696
2095-02-01,uranus,20.086066,-0.052288
2095-03-01,uranus,20.085102,0.052852
2095-04-01,uranus,20.083356,0.169248
2095-05-01,uranus,20.080987,0.281878
2095-06-01,uranus,20.077839,0.398246
2095-07-01,uranus,20.074113,0.510839
2095-08-01,uranus,20.069563,0.62716
2095-09-01,uranus,20.064302,0.743452
2095-10-01,uranus,20.058533,0.855959
2095-11-01,uranus,20.051873,0.972179
2095-12-01,uranus,20.044751,1.084609
2096-01-01,uranus,20.036694,1.200741
2096-02-01,uranus,20.027928,1.316822
2096-03-01,uranus,20.019085,1.425364
2096-04-01,uranus,20.008948,1.541333
2096-05-01,uranus,19.998465,1.653502
2096-06-01,uranus,19.986937,1.769342
2096-07-01,uranus,19.975109,1.881378
2096-08-01,uranus,19.962192,1.997073
2096-09-01,uranus,19.948571,2.112688
2096-10-01,uranus,19.934719,2.224494
2096-11-01,uranus,19.919714,2.33994
2096-12-01,uranus,19.904525,2.451574
2097-01-01,uranus,19.888139,2.566835
2097-02-01,uranus,19.871053,2.681996
2097-03-01,uranus,19.855018,2.785922
2097-04-01,uranus,19.836601,2.900881
2097-05-01,uranus,19.818114,3.012025
2097-06-01,uranus,19.798324,3.12676
2097-07-01,uranus,19.778511,3.237681
2097-08-01,uranus,19.757352,3.352177
2097-09-01,uranus,19.7355,3.466545
2097-10-01,uranus,19.713693,3.5771
2097-11-01,uranus,19.690477,3.691207
2097-12-01,uranus,19.667353,3.801501
2098-01-01,uranus,19.642778,3.915331
2098-02-01,uranus,19.617514,4.029015
2098-03-01,uranus,19.594104,4.131568
2098-04-01,uranus,19.567531,4.244963
2098-05-01,uranus,19.541163,4.35455
2098-06-01,uranus,19.513241,4.467631
2098-07-01,uranus,19.485569,4.576909
2098-08-01,uranus,19.456302,4.689662
2098-09-01,uranus,19.426354,4.802244
2098-10-01,uranus,19.396723,4.911027
2098-11-01,uranus,19.365436,5.02326
2098-12-01,uranus,19.334512,5.131698
2099-01-01,uranus,19.30189,5.243567
2099-02-01,uranus,19.268592,5.355246
2099-03-01,uranus,19.237936,5.45595
2099-04-01,uranus,19.203354,5.567257
2099-05-01,uranus,19.169246,5.674782
2099-06-01,uranus,19.13334,5.785691
2099-07-01,uranus,19.097954,5.892824
2099-08-01,uranus,19.060728,6.00332
2099-09-01,uranus,19.022834,6.113601
2099-10-01,uranus,18.985527,6.220117
2099-11-01,uranus,18.94632,6.329965
2099-12-01,uranus,18.907745,6.436055
2100-01-01,uranus,18.86723,6.545455
2100-02-01,uranus,18.826051,6.654623
2100-03-01,uranus,18.788289,6.753024
2100-04-01,uranus,18.745852,6.86174
2100-05-01,uranus,18.704155,6.966717
2100-06-01,uranus,18.660421,7.074952
2100-07-01,uranus,18.617471,7.179457
2100-08-01,uranus,18.572443,7.287196
2100-09-01,uranus,18.52676,7.394678
2100-10-01,uranus,18.481928,7.498445
2100-11-01,uranus,18.43496,7.605411
2100-12-01,uranus,18.388885,7.708672
1900-01-01,neptune,1.514004,29.826551
1900-02-01,neptune,1.416494,29.831863
1900-03-01,neptune,1.328411,29.836395
1900-04-01,neptune,1.230881,29.841119
1900-05-01,neptune,1.136488,29.845397
1900-06-01,neptune,1.03894,29.849514
1900-07-01,neptune,0.944531,29.853205
1900-08-01,neptune,0.846967,29.856716
1900-09-01,neptune,0.749396,29.859919
1900-10-01,neptune,0.654966,29.862726
1900-11-01,neptune,0.557382,29.865323
1900-12-01,neptune,0.462941,29.867543
1901-01-01,neptune,0.365348,29.869534
1901-02-01,neptune,0.26775,29.871217
1901-03-01,neptune,0.179593,29.872473
1901-04-01,neptune,0.081989,29.87357
1901-05-01,neptune,-0.01247,29.874339
1901-06-01,neptune,-0.110079,29.87483
1901-07-01,neptune,-0.204541,29.875012
1901-08-01,neptune,-0.302153,29.874897
1901-09-01,neptune,-0.399765,29.874474
1901-10-01,neptune,-0.494228,29.87377
1901-11-01,neptune,-0.591839,29.872739
1901-12-01,neptune,-0.6863,29.871448
1902-01-01,neptune,-0.783907,29.86981
1902-02-01,neptune,-0.881512,29.867862
1902-03-01,neptune,-0.969668,29.865837
1902-04-01,neptune,-1.067266,29.8633
1902-05-01,neptune,-1.16171,29.860551
1902-06-01,neptune,-1.259298,29.857404
1902-07-01,neptune,-1.353733,29.854064
1902-08-01,neptune,-1.451308,29.850306
1902-09-01,neptune,-1.548876,29.846238
1902-10-01,neptune,-1.643289,29.842005
1902-11-01,neptune,-1.74084,29.837325
1902-12-01,neptune,-1.835235,29.832498
1903-01-01,neptune,-1.932767,29.827204
1903-02-01,neptune,-2.030287,29.821597
1903-03-01,neptune,-2.11836,29.816264
1903-04-01,neptune,-2.215857,29.810062
1903-05-01,neptune,-2.310195,29.803762
1903-06-01,neptune,-2.407664,29.796943
1903-07-01,neptune,-2.501974,29.790046
1903-08-01,neptune,-2.599412,29.782609
1903-09-01,neptune,-2.696833,29.774857
1903-10-01,neptune,-2.791093,29.767055
1903-11-01,neptune,-2.888477,29.758683
1903-12-01,neptune,-2.982701,29.750281
1904-01-01,neptune,-3.080044,29.741288
1904-02-01,neptune,-3.177365,29.731978
1904-03-01,neptune,-3.268387,29.722982
1904-04-01,neptune,-3.365662,29.713059
1904-05-01,neptune,-3.459776,29.703154
1904-06-01,neptune,-3.557,29.692606
1904-07-01,neptune,-3.651063,29.682096
1904-08-01,neptune,-3.748232,29.670922
1904-09-01,neptune,-3.845372,29.65943
1904-10-01,neptune,-3.939349,29.648005
1904-11-01,neptune,-4.036426,29.635885
1904-12-01,neptune,-4.130341,29.623852
1905-01-01,neptune,-4.227352,29.611103
1905-02-01,neptune,-4.324327,29.598034
1905-03-01,neptune,-4.411886,29.585955
1905-04-01,neptune,-4.508789,29.572277
1905-05-01,neptune,-4.602529,29.558736
1905-06-01,neptune,-4.699354,29.544427
1905-07-01,neptune,-4.793015,29.530274
1905-08-01,neptune,-4.889755,29.515334
1905-09-01,neptune,-4.986451,29.500073
1905-10-01,neptune,-5.079983,29.484998
1905-11-01,neptune,-5.176587,29.469105
1905-12-01,neptune,-5.270027,29.453419
1906-01-01,neptune,-5.366533,29.436893
1906-02-01,neptune,-5.462987,29.420046
1906-03-01,neptune,-5.550062,29.404553
1906-04-01,neptune,-5.646413,29.387094
1906-05-01,neptune,-5.739604,29.369893
1906-06-01,neptune,-5.835845,29.351802
1906-07-01,neptune,-5.928925,29.333988
1906-08-01,neptune,-6.025049,29.315265
1906-09-01,neptune,-6.121111,29.296221
1906-10-01,neptune,-6.214014,29.277486
1906-11-01,neptune,-6.309951,29.25781
1906-12-01,neptune,-6.402731,29.238464
1907-01-01,neptune,-6.498537,29.218158
1907-02-01,neptune,-6.594274,29.197532
1907-03-01,neptune,-6.680686,29.178627
1907-04-01,neptune,-6.776288,29.157393
1907-05-01,neptune,-6.868737,29.136539
1907-06-01,neptune,-6.964194,29.114677
1907-07-01,neptune,-7.056499,29.093216
1907-08-01,neptune,-7.151806,29.070727
1907-09-01,neptune,-7.247034,29.047921
1907-10-01,neptune,-7.339114,29.025547
1907-11-01,neptune,-7.434183,29.002116
1907-12-01,neptune,-7.526106,28.97914
1908-01-01,neptune,-7.621011,28.955086
1908-02-01,neptune,-7.71583,28.930717
1908-03-01,neptune,-7.804453,28.907635
1908-04-01,neptune,-7.899103,28.882657
1908-05-01,neptune,-7.990614,28.858186
1908-06-01,neptune,-8.085086,28.83259
1908-07-01,neptune,-8.176423,28.807522
1908-08-01,neptune,-8.270712,28.781312
1908-09-01,neptune,-8.364907,28.75479
1908-10-01,neptune,-8.455972,28.728827
1908-11-01,neptune,-8.549976,28.701694
1908-12-01,neptune,-8.640855,28.67514
1909-01-01,neptune,-8.734665,28.647398
1909-02-01,neptune,-8.828374,28.619348
1909-03-01,neptune,-8.912926,28.593748
1909-04-01,neptune,-9.00644,28.565112
1909-05-01,neptune,-9.096838,28.537109
1909-06-01,neptune,-9.190146,28.507872
1909-07-01,neptune,-9.280343,28.479288
1909-08-01,neptune,-9.37344,28.449452
1909-09-01,neptune,-9.466429,28.419313
1909-10-01,neptune,-9.556315,28.389858
1909-11-01,neptune,-9.649087,28.359124
1909-12-01,neptune,-9.738761,28.329095
1910-01-01,neptune,-9.831313,28.29777
1910-02-01,neptune,-9.923752,28.266145
1910-03-01,neptune,-10.007147,28.237325
1910-04-01,neptune,-10.099368,28.205132
1910-05-01,neptune,-10.188503,28.173696
1910-06-01,neptune,-10.280494,28.14092
1910-07-01,neptune,-10.369406,28.108919
1910-08-01,neptune,-10.461165,28.075562
1910-09-01,neptune,-10.552805,28.041911
1910-10-01,neptune,-10.641374,28.009067
1910-11-01,neptune,-10.732776,27.974839
1910-12-01,neptune,-10.821115,27.941438
1911-01-01,neptune,-10.912277,27.906638
1911-02-01,neptune,-11.003316,27.871547
1911-03-01,neptune,-11.085439,27.839603
1911-04-01,neptune,-11.176242,27.803962
1911-05-01,neptune,-11.263997,27.769196
1911-06-01,neptune,-11.354554,27.732988
1911-07-01,neptune,-11.442069,27.697676
1911-08-01,neptune,-11.532376,27.660905
1911-09-01,neptune,-11.622556,27.623848
1911-10-01,neptune,-11.709705,27.587716
1911-11-01,neptune,-11.799632,27.5501
1911-12-01,neptune,-11.886535,27.513428
1912-01-01,neptune,-11.976208,27.475255
1912-02-01,neptune,-12.06575,27.436799
1912-03-01,neptune,-12.149396,27.40057
1912-04-01,neptune,-12.238685,27.36157
1912-05-01,neptune,-12.324967,27.323561
1912-06-01,neptune,-12.413995,27.28401
1912-07-01,neptune,-12.500025,27.245468
1912-08-01,neptune,-12.588791,27.205368
1912-09-01,neptune,-12.677424,27.164989
1912-10-01,neptune,-12.763069,27.125648
1912-11-01,neptune,-12.851437,27.084722
1912-12-01,neptune,-12.936825,27.044853
1913-01-01,neptune,-13.024926,27.003383
1913-02-01,neptune,-13.11289,26.961637
1913-03-01,neptune,-13.192225,26.923693
1913-04-01,neptune,-13.279928,26.881422
1913-05-01,neptune,-13.364672,26.840253
1913-06-01,neptune,-13.452104,26.797442
1913-07-01,neptune,-13.536584,26.75575
1913-08-01,neptune,-13.623744,26.712398
1913-09-01,neptune,-13.710763,26.668773
1913-10-01,neptune,-13.794842,26.626295
1913-11-01,neptune,-13.881585,26.582133
1913-12-01,neptune,-13.965396,26.539135
1914-01-01,neptune,-14.051861,26.494435
1914-02-01,neptune,-14.138183,26.449463
1914-03-01,neptune,-14.216029,26.408609
1914-04-01,neptune,-14.302079,26.363119
1914-05-01,neptune,-14.385217,26.318838
1914-06-01,neptune,-14.470983,26.272814
1914-07-01,neptune,-14.553845,26.228015
1914-08-01,neptune,-14.639325,26.181457
1914-09-01,neptune,-14.72466,26.134627
1914-10-01,neptune,-14.807101,26.08905
1914-11-01,neptune,-14.892145,26.041688
1914-12-01,neptune,-14.974305,25.995595
1915-01-01,neptune,-15.059057,25.9477
1915-02-01,neptune,-15.143659,25.899535
1915-03-01,neptune,-15.219945,25.855798
1915-04-01,neptune,-15.304261,25.807118
1915-05-01,neptune,-15.385712,25.759751
1915-06-01,neptune,-15.469728,25.71054
1915-07-01,neptune,-15.550888,25.662659
1915-08-01,neptune,-15.634602,25.612916
1915-09-01,neptune,-15.71816,25.562904
1915-10-01,neptune,-15.798875,25.514249
1915-11-01,neptune,-15.882126,25.463706
1915-12-01,neptune,-15.962542,25.414538
1916-01-01,neptune,-16.045483,25.363466
1916-02-01,neptune,-16.128264,25.312124
1916-03-01,neptune,-16.20556,25.263851
1916-04-01,neptune,-16.28803,25.211989
1916-05-01,neptune,-16.367686,25.161544
1916-06-01,neptune,-16.449836,25.109154
1916-07-01,neptune,-16.529181,25.058197
1916-08-01,neptune,-16.611007,25.005279
1916-09-01,neptune,-16.692668,24.952092
1916-10-01,neptune,-16.771536,24.900365
1916-11-01,neptune,-16.852866,24.846651
1916-12-01,neptune,-16.931413,24.794416
1917-01-01,neptune,-17.012409,24.740175
1917-02-01,neptune,-17.093235,24.685668
1917-03-01,neptune,-17.16609,24.636206
1917-04-01,neptune,-17.246586,24.581191
1917-05-01,neptune,-17.324319,24.527698
1917-06-01,neptune,-17.40447,24.472159
1917-07-01,neptune,-17.481867,24.418159
1917-08-01,neptune,-17.561669,24.362098
1917-09-01,neptune,-17.641291,24.305772
1917-10-01,neptune,-17.718173,24.25101
1917-11-01,neptune,-17.797439,24.194164
1917-12-01,neptune,-17.873973,24.1389
1918-01-01,neptune,-17.952878,24.081534
1918-02-01,neptune,-18.031597,24.023906
1918-03-01,neptune,-18.102537,23.971629
1918-04-01,neptune,-18.1809,23.913501
1918-05-01,neptune,-18.256555,23.857
1918-06-01,neptune,-18.334545,23.798358
1918-07-01,neptune,-18.409836,23.74136
1918-08-01,neptune,-18.487448,23.682206
1918-09-01,neptune,-18.564865,23.622793
1918-10-01,neptune,-18.6396,23.56505
1918-11-01,neptune,-18.716632,23.505129
1918-12-01,neptune,-18.790991,23.446895
1919-01-01,neptune,-18.867633,23.386468
1919-02-01,neptune,-18.944075,23.325784
1919-03-01,neptune,-19.012946,23.270754
1919-04-01,neptune,-19.089003,23.209586
1919-05-01,neptune,-19.162413,23.150149
1919-06-01,neptune,-19.238069,23.088482
1919-07-01,neptune,-19.311087,23.028564
1919-08-01,neptune,-19.386336,22.966401
1919-09-01,neptune,-19.461376,22.903988
1919-10-01,neptune,-19.533796,22.843351
1919-11-01,neptune,-19.608422,22.780448
1919-12-01,neptune,-19.680439,22.719337
1920-01-01,neptune,-19.754647,22.655947
1920-02-01,neptune,-19.828641,22.592311
1920-03-01,neptune,-19.897667,22.532559
1920-04-01,neptune,-19.971243,22.46845
1920-05-01,neptune,-20.042239,22.406178
1920-06-01,neptune,-20.115386,22.341591
1920-07-01,neptune,-20.185965,22.278859
1920-08-01,neptune,-20.258679,22.213799
1920-09-01,neptune,-20.331172,22.148501
1920-10-01,neptune,-20.401115,22.085083
1920-11-01,neptune,-20.473169,22.019318
1920-12-01,neptune,-20.542685,21.95545
1921-01-01,neptune,-20.614297,21.889223
1921-02-01,neptune,-20.685683,21.822762
1921-03-01,neptune,-20.749965,21.762533
1921-04-01,neptune,-20.820917,21.695632
1921-05-01,neptune,-20.889363,21.630669
1921-06-01,neptune,-20.959865,21.563316
1921-07-01,neptune,-21.027873,21.497919
1921-08-01,neptune,-21.097921,21.43012
1921-09-01,neptune,-21.167736,21.362094
1921-10-01,neptune,-21.235079,21.29605
1921-11-01,neptune,-21.304436,21.227585
1921-12-01,neptune,-21.371333,21.161118
1922-01-01,neptune,-21.44023,21.092217
1922-02-01,neptune,-21.508891,21.023098
1922-03-01,neptune,-21.570704,20.96048
1922-04-01,neptune,-21.638916,20.890946
1922-05-01,neptune,-21.704702,20.823449
1922-06-01,neptune,-21.772446,20.753491
1922-07-01,neptune,-21.837779,20.685587
1922-08-01,neptune,-21.905055,20.61521
1922-09-01,neptune,-21.972091,20.544622
1922-10-01,neptune,-22.036738,20.476111
1922-11-01,neptune,-22.103302,20.40511
1922-12-01,neptune,-22.167491,20.336202
1923-01-01,neptune,-22.233583,20.264794
1923-02-01,neptune,-22.299433,20.193179
1923-03-01,neptune,-22.358703,20.12832
1923-04-01,neptune,-22.424093,20.056318
1923-05-01,neptune,-22.487143,19.986445
1923-06-01,neptune,-22.552056,19.914046
1923-07-01,neptune,-22.614644,19.843791
1923-08-01,neptune,-22.679079,19.770998
1923-09-01,neptune,-22.74327,19.698007
1923-10-01,neptune,-22.805159,19.627183
1923-11-01,neptune,-22.86887,19.553806
1923-12-01,neptune,-22.930294,19.482609
1924-01-01,neptune,-22.993525,19.408848
1924-02-01,neptune,-23.056511,19.334894
1924-03-01,neptune,-23.115212,19.265537
1924-04-01,neptune,-23.177725,19.191211
1924-05-01,neptune,-23.237987,19.119102
1924-06-01,neptune,-23.300016,19.044402
1924-07-01,neptune,-23.359811,18.971932
1924-08-01,neptune,-23.421357,18.896862
1924-09-01,neptune,-23.482658,18.821605
1924-10-01,neptune,-23.541746,18.748598
1924-11-01,neptune,-23.602562,18.672975
1924-12-01,neptune,-23.661182,18.599615
1925-01-01,neptune,-23.721513,18.52363
1925-02-01,neptune,-23.781597,18.447461
1925-03-01,neptune,-23.835654,18.378506
1925-04-01,neptune,-23.895269,18.301991
1925-05-01,neptune,-23.952725,18.227771
1925-06-01,neptune,-24.011853,18.1509
1925-07-01,neptune,-24.068837,18.076337
1925-08-01,neptune,-24.127478,17.999113
1925-09-01,neptune,-24.185871,17.92171
1925-10-01,neptune,-24.242144,17.846635
1925-11-01,neptune,-24.300049,17.768883
1925-12-01,neptune,-24.355849,17.693471
1926-01-01,neptune,-24.413265,17.615372
1926-02-01,neptune,-24.470432,17.537097
1926-03-01,neptune,-24.521853,17.466247
1926-04-01,neptune,-24.578546,17.387639
1926-05-01,neptune,-24.633172,17.311402
1926-06-01,neptune,-24.689374,17.232452
1926-07-01,neptune,-24.743525,17.155885
1926-08-01,neptune,-24.799234,17.076596
1926-09-01,neptune,-24.854693,16.997134
1926-10-01,neptune,-24.908124,16.920073
1926-11-01,neptune,-24.963089,16.840274
1926-12-01,neptune,-25.016042,16.762887
1927-01-01,neptune,-25.070511,16.682753
1927-02-01,neptune,-25.124728,16.602449
1927-03-01,neptune,-25.173482,16.529771
1927-04-01,neptune,-25.227218,16.449145
1927-05-01,neptune,-25.278979,16.370959
1927-06-01,neptune,-25.332216,16.290002
1927-07-01,neptune,-25.383494,16.211496
1927-08-01,neptune,-25.43623,16.13021
1927-09-01,neptune,-25.48871,16.048756
1927-10-01,neptune,-25.539255,15.969771
1927-11-01,neptune,-25.591232,15.88799
1927-12-01,neptune,-25.641287,15.808689
1928-01-01,neptune,-25.692759,15.726583
1928-02-01,neptune,-25.743972,15.644311
1928-03-01,neptune,-25.791647,15.567199
1928-04-01,neptune,-25.842359,15.48461
1928-05-01,neptune,-25.891188,15.40453
1928-06-01,neptune,-25.941389,15.321619
1928-07-01,neptune,-25.989722,15.241229
1928-08-01,neptune,-26.039408,15.157999
1928-09-01,neptune,-26.088832,15.074608
1928-10-01,neptune,-26.136412,14.993753
1928-11-01,neptune,-26.185317,14.910045
1928-12-01,neptune,-26.232394,14.828885
1929-01-01,neptune,-26.280779,14.744862
1929-02-01,neptune,-26.328898,14.66068
1929-03-01,neptune,-26.372131,14.584509
1929-04-01,neptune,-26.419742,14.500026
1929-05-01,neptune,-26.465561,14.418119
1929-06-01,neptune,-26.512644,14.333327
1929-07-01,neptune,-26.557951,14.251122
1929-08-01,neptune,-26.604501,14.166023
1929-09-01,neptune,-26.650781,14.080769
1929-10-01,neptune,-26.695308,13.998119
1929-11-01,neptune,-26.741051,13.912563
1929-12-01,neptune,-26.785058,13.829621
1930-01-01,neptune,-26.830262,13.743764
1930-02-01,neptune,-26.875189,13.657756
1930-03-01,neptune,-26.915532,13.579942
1930-04-01,neptune,-26.959933,13.493648
1930-05-01,neptune,-27.002637,13.409996
1930-06-01,neptune,-27.046491,13.32341
1930-07-01,neptune,-27.088663,13.239476
1930-08-01,neptune,-27.131965,13.1526
1930-09-01,neptune,-27.174986,13.065579
1930-10-01,neptune,-27.21635,12.981227
1930-11-01,neptune,-27.258814,12.893921
1930-12-01,neptune,-27.299638,12.809296
1931-01-01,neptune,-27.341543,12.72171
1931-02-01,neptune,-27.383162,12.633983
1931-03-01,neptune,-27.420508,12.554626
1931-04-01,neptune,-27.461581,12.466633
1931-05-01,neptune,-27.501055,12.381348
1931-06-01,neptune,-27.541561,12.293085
1931-07-01,neptune,-27.580484,12.20754
1931-08-01,neptune,-27.62042,12.119011
1931-09-01,neptune,-27.660064,12.030349
1931-10-01,neptune,-27.698151,11.94442
1931-11-01,neptune,-27.73722,11.855498
1931-12-01,neptune,-27.77475,11.76932
1932-01-01,neptune,-27.813241,11.680142
1932-02-01,neptune,-27.851437,11.590837
1932-03-01,neptune,-27.886902,11.507179
1932-04-01,neptune,-27.924526,11.41763
1932-05-01,neptune,-27.960653,11.330852
1932-06-01,neptune,-27.997693,11.24106
1932-07-01,neptune,-28.033254,11.154049
1932-08-01,neptune,-28.069707,11.064018
1932-09-01,neptune,-28.10586,10.973869
1932-10-01,neptune,-28.140562,10.886516
1932-11-01,neptune,-28.176125,10.796137
1932-12-01,neptune,-28.210255,10.708563
1933-01-01,neptune,-28.245227,10.617959
1933-02-01,neptune,-28.279896,10.527242
1933-03-01,neptune,-28.310951,10.445208
1933-04-01,neptune,-28.345045,10.354281
1933-05-01,neptune,-28.377751,10.266184
1933-06-01,neptune,-28.411249,10.175045
1933-07-01,neptune,-28.443377,10.086745
1933-08-01,neptune,-28.476277,9.995399
1933-09-01,neptune,-28.508872,9.90395
1933-10-01,neptune,-28.540126,9.815354
1933-11-01,neptune,-28.572122,9.723706
1933-12-01,neptune,-28.602796,9.634921
1934-01-01,neptune,-28.634191,9.54308
1934-02-01,neptune,-28.665281,9.451144
1934-03-01,neptune,-28.6931,9.368022
1934-04-01,neptune,-28.723608,9.275906
1934-05-01,neptune,-28.75284,9.186674
1934-06-01,neptune,-28.782746,9.094378
1934-07-01,neptune,-28.811395,9.004974
1934-08-01,neptune,-28.840698,8.912503
1934-09-01,neptune,-28.869695,8.819945
1934-10-01,neptune,-28.897464,8.730291
1934-11-01,neptune,-28.925858,8.637566
1934-12-01,neptune,-28.953044,8.547754
1935-01-01,neptune,-28.980835,8.454867
1935-02-01,neptune,-29.00832,8.3619
1935-03-01,neptune,-29.032882,8.277861
1935-04-01,neptune,-29.059783,8.184745
1935-05-01,neptune,-29.085526,8.094559
1935-06-01,neptune,-29.111825,8.001292
1935-07-01,neptune,-29.136985,7.910963
1935-08-01,neptune,-29.162683,7.817552
1935-09-01,neptune,-29.188075,7.724068
1935-10-01,neptune,-29.212357,7.633533
1935-11-01,neptune,-29.237148,7.539911
1935-12-01,neptune,-29.260849,7.449243
1936-01-01,neptune,-29.28504,7.355488
1936-02-01,neptune,-29.308926,7.261665
1936-03-01,neptune,-29.330996,7.173837
1936-04-01,neptune,-29.354293,7.079889
1936-05-01,neptune,-29.376549,6.988912
1936-06-01,neptune,-29.399248,6.89484
1936-07-01,neptune,-29.420925,6.803745
1936-08-01,neptune,-29.443027,6.709554
1936-09-01,neptune,-29.464826,6.615304
1936-10-01,neptune,-29.485632,6.524038
1936-11-01,neptune,-29.506835,6.429673
1936-12-01,neptune,-29.527066,6.338298
1937-01-01,neptune,-29.547674,6.243823
1937-02-01,neptune,-29.56798,6.149293
1937-03-01,neptune,-29.586061,6.063864
1937-04-01,neptune,-29.605793,5.969232
1937-05-01,neptune,-29.624601,5.877602
1937-06-01,neptune,-29.643741,5.782867
1937-07-01,neptune,-29.661976,5.691139
1937-08-01,neptune,-29.680524,5.596304
1937-09-01,neptune,-29.698771,5.50142
1937-10-01,neptune,-29.716144,5.40955
1937-11-01,neptune,-29.733801,5.314571
1937-12-01,neptune,-29.750603,5.22261
1938-01-01,neptune,-29.767671,5.127538
1938-02-01,neptune,-29.784438,5.03242
1938-03-01,neptune,-29.799326,4.946467
1938-04-01,neptune,-29.815525,4.851263
1938-05-01,neptune,-29.830916,4.759088
1938-06-01,neptune,-29.846526,4.663798
1938-07-01,neptune,-29.861348,4.571541
1938-08-01,neptune,-29.876371,4.476166
1938-09-01,neptune,-29.891095,4.38075
1938-10-01,neptune,-29.905059,4.288372
1938-11-01,neptune,-29.919196,4.192875
1938-12-01,neptune,-29.932592,4.10042
1939-01-01,neptune,-29.946142,4.004845
1939-02-01,neptune,-29.959393,3.909231
1939-03-01,neptune,-29.971105,3.822836
1939-04-01,neptune,-29.983788,3.727149
1939-05-01,neptune,-29.995777,3.634512
1939-06-01,neptune,-30.007873,3.538751
1939-07-01,neptune,-30.019294,3.446045
1939-08-01,neptune,-30.030802,3.350213
1939-09-01,neptune,-30.042011,3.254346
1939-10-01,neptune,-30.052574,3.161538
1939-11-01,neptune,-30.063195,3.065603
1939-12-01,neptune,-30.073188,2.97273
1940-01-01,neptune,-30.08322,2.876728
1940-02-01,neptune,-30.092952,2.780694
1940-03-01,neptune,-30.101785,2.690827
1940-04-01,neptune,-30.110936,2.594731
1940-05-01,neptune,-30.119507,2.501705
1940-06-01,neptune,-30.128067,2.405549
1940-07-01,neptune,-30.136065,2.312465
1940-08-01,neptune,-30.144033,2.216251
1940-09-01,neptune,-30.1517,2.120007
1940-10-01,neptune,-30.158832,2.026841
1940-11-01,neptune,-30.165905,1.930542
1940-12-01,neptune,-30.172461,1.837324
1941-01-01,neptune,-30.178939,1.740974
1941-02-01,neptune,-30.185113,1.644597
1941-03-01,neptune,-30.190429,1.557526
1941-04-01,neptune,-30.196025,1.461102
1941-05-01,neptune,-30.201152,1.367767
1941-06-01,neptune,-30.206149,1.271297
1941-07-01,neptune,-30.210695,1.177919
1941-08-01,neptune,-30.215091,1.081406
1941-09-01,neptune,-30.219182,0.984873
1941-10-01,neptune,-30.222849,0.891435
1941-11-01,neptune,-30.226337,0.794864
1941-12-01,neptune,-30.229419,0.701391
1942-01-01,neptune,-30.232302,0.604784
1942-02-01,neptune,-30.234876,0.508161
1942-03-01,neptune,-30.236936,0.420875
1942-04-01,neptune,-30.238923,0.324223
1942-05-01,neptune,-30.240551,0.230675
1942-06-01,neptune,-30.241928,0.133996
1942-07-01,neptune,-30.242966,0.040425
1942-08-01,neptune,-30.243732,-0.056277
1942-09-01,neptune,-30.244187,-0.152989
1942-10-01,neptune,-30.244331,-0.24659
1942-11-01,neptune,-30.244172,-0.343318
1942-12-01,neptune,-30.243721,-0.436934
1943-01-01,neptune,-30.242947,-0.533675
1943-02-01,neptune,-30.241859,-0.630422
1943-03-01,neptune,-30.240607,-0.717809
1943-04-01,neptune,-30.238922,-0.814561
1943-05-01,neptune,-30.236992,-0.908194
1943-06-01,neptune,-30.234687,-1.004949
1943-07-01,neptune,-30.232157,-1.098582
1943-08-01,neptune,-30.229231,-1.195334
1943-09-01,neptune,-30.22599,-1.292083
1943-10-01,neptune,-30.222552,-1.385706
1943-11-01,neptune,-30.218687,-1.482445
1943-12-01,neptune,-30.214646,-1.576057
1944-01-01,neptune,-30.210158,-1.672781
1944-02-01,neptune,-30.205352,-1.769496
1944-03-01,neptune,-30.200568,-1.859961
1944-04-01,neptune,-30.195147,-1.956654
1944-05-01,neptune,-30.189598,-2.050215
1944-06-01,neptune,-30.18355,-2.14688
1944-07-01,neptune,-30.177394,-2.240411
1944-08-01,neptune,-30.17072,-2.337043
1944-09-01,neptune,-30.163726,-2.433657
1944-10-01,neptune,-30.156654,-2.527134
1944-11-01,neptune,-30.149033,-2.623707
1944-12-01,neptune,-30.141354,-2.717142
1945-01-01,neptune,-30.133104,-2.813668
1945-02-01,neptune,-30.124535,-2.910168
1945-03-01,neptune,-30.116521,-2.997306
1945-04-01,neptune,-30.107345,-3.093753
1945-05-01,neptune,-30.09816,-3.187061
1945-06-01,neptune,-30.088356,-3.283448
1945-07-01,neptune,-30.078563,-3.376695
1945-08-01,neptune,-30.068131,-3.473016
1945-09-01,neptune,-30.05738,-3.569302
1945-10-01,neptune,-30.046672,-3.662447
1945-11-01,neptune,-30.035294,-3.758659
1945-12-01,neptune,-30.023979,-3.851729
1946-01-01,neptune,-30.011975,-3.947861
1946-02-01,neptune,-29.999652,-4.043951
1946-03-01,neptune,-29.988249,-4.130703
1946-04-01,neptune,-29.975323,-4.226708
1946-05-01,neptune,-29.962511,-4.319571
1946-06-01,neptune,-29.948961,-4.415483
1946-07-01,neptune,-29.935546,-4.508253
1946-08-01,neptune,-29.921374,-4.604066
1946-09-01,neptune,-29.906885,-4.699827
1946-10-01,neptune,-29.892564,-4.792448
1946-11-01,neptune,-29.877456,-4.888103
1946-12-01,neptune,-29.862536,-4.980619
1947-01-01,neptune,-29.84681,-5.076162
1947-02-01,neptune,-29.83077,-5.171646
1947-03-01,neptune,-29.816013,-5.257839
1947-04-01,neptune,-29.799378,-5.353208
1947-05-01,neptune,-29.782983,-5.445442
1947-06-01,neptune,-29.765735,-5.540688
1947-07-01,neptune,-29.748747,-5.632799
1947-08-01,neptune,-29.730887,-5.727917
1947-09-01,neptune,-29.712718,-5.822967
1947-10-01,neptune,-29.69484,-5.914886
1947-11-01,neptune,-29.676063,-6.009801
1947-12-01,neptune,-29.657599,-6.101588
1948-01-01,neptune,-29.638217,-6.196363
1948-02-01,neptune,-29.618528,-6.291066
1948-03-01,neptune,-29.599832,-6.379592
1948-04-01,neptune,-29.579551,-6.474152
1948-05-01,neptune,-29.559634,-6.565589
1948-06-01,neptune,-29.538754,-6.659999
1948-07-01,neptune,-29.518259,-6.751289
1948-08-01,neptune,-29.496783,-6.845545
1948-09-01,neptune,-29.475004,-6.939721
1948-10-01,neptune,-29.453641,-7.030784
1948-11-01,neptune,-29.43127,-7.124801
1948-12-01,neptune,-29.409335,-7.215708
1949-01-01,neptune,-29.386374,-7.309563
1949-02-01,neptune,-29.363114,-7.403334
1949-03-01,neptune,-29.341849,-7.487958
1949-04-01,neptune,-29.318022,-7.581567
1949-05-01,neptune,-29.294681,-7.672075
1949-06-01,neptune,-29.27027,-7.765514
1949-07-01,neptune,-29.246366,-7.855856
1949-08-01,neptune,-29.221374,-7.949122
1949-09-01,neptune,-29.196088,-8.042298
1949-10-01,neptune,-29.171338,-8.132384
1949-11-01,neptune,-29.145475,-8.225384
1949-12-01,neptune,-29.120167,-8.315296
1950-01-01,neptune,-29.093729,-8.408116
1950-02-01,neptune,-29.066999,-8.500843
1950-03-01,neptune,-29.042606,-8.584517
1950-04-01,neptune,-29.015323,-8.677067
1950-05-01,neptune,-28.988645,-8.766541
1950-06-01,neptune,-28.960792,-8.858905
1950-07-01,neptune,-28.933563,-8.948199
1950-08-01,neptune,-28.905143,-9.040375
1950-09-01,neptune,-28.876436,-9.132455
1950-10-01,neptune,-28.84838,-9.221471
1950-11-01,neptune,-28.819108,-9.31336
1950-12-01,neptune,-28.790507,-9.402191
1951-01-01,neptune,-28.760671,-9.493885
1951-02-01,neptune,-28.73055,-9.585481
1951-03-01,neptune,-28.703099,-9.668128
1951-04-01,neptune,-28.672436,-9.759534
1951-05-01,neptune,-28.642491,-9.847896
1951-06-01,neptune,-28.611268,-9.939104
1951-07-01,neptune,-28.580783,-10.027273
1951-08-01,neptune,-28.549002,-10.118281
1951-09-01,neptune,-28.516939,-10.209186
1951-10-01,neptune,-28.48564,-10.297061
1951-11-01,neptune,-28.45302,-10.387763
1951-12-01,neptune,-28.421184,-10.475441
1952-01-01,neptune,-28.388008,-10.565938
1952-02-01,neptune,-28.354551,-10.656331
1952-03-01,neptune,-28.322998,-10.740796
1952-04-01,neptune,-28.288996,-10.830983
1952-05-01,neptune,-28.255823,-10.918161
1952-06-01,neptune,-28.221268,-11.008138
1952-07-01,neptune,-28.187559,-11.095111
1952-08-01,neptune,-28.152451,-11.184877
1952-09-01,neptune,-28.117062,-11.274533
1952-10-01,neptune,-28.082548,-11.361194
1952-11-01,neptune,-28.046607,-11.450636
1952-12-01,neptune,-28.011558,-11.537087
1953-01-01,neptune,-27.975065,-11.62631
1953-02-01,neptune,-27.938291,-11.715422
1953-03-01,neptune,-27.904836,-11.795814
1953-04-01,neptune,-27.867529,-11.884711
1953-05-01,neptune,-27.831159,-11.970633
1953-06-01,neptune,-27.793301,-12.059307
1953-07-01,neptune,-27.756397,-12.14501
1953-08-01,neptune,-27.717987,-12.233457
1953-09-01,neptune,-27.679297,-12.321788
1953-10-01,neptune,-27.641588,-12.407158
1953-11-01,neptune,-27.602347,-12.495257
1953-12-01,neptune,-27.564105,-12.580402
1954-01-01,neptune,-27.524312,-12.668267
1954-02-01,neptune,-27.484239,-12.756012
1954-03-01,neptune,-27.447803,-12.835162
1954-04-01,neptune,-27.407197,-12.922676
1954-05-01,neptune,-27.367633,-13.00725
1954-06-01,neptune,-27.326475,-13.094522
1954-07-01,neptune,-27.286378,-13.17886
1954-08-01,neptune,-27.244668,-13.265887
1954-09-01,neptune,-27.202678,-13.352786
1954-10-01,neptune,-27.161776,-13.436762
1954-11-01,neptune,-27.119234,-13.523411
1954-12-01,neptune,-27.077798,-13.607141
1955-01-01,neptune,-27.034705,-13.693535
1955-02-01,neptune,-26.991331,-13.779797
1955-03-01,neptune,-26.951915,-13.857598
1955-04-01,neptune,-26.908008,-13.943607
1955-05-01,neptune,-26.865251,-14.026715
1955-06-01,neptune,-26.820793,-14.112459
1955-07-01,neptune,-26.777503,-14.195308
1955-08-01,neptune,-26.732494,-14.280782
1955-09-01,neptune,-26.687206,-14.366119
1955-10-01,neptune,-26.643112,-14.448569
1955-11-01,neptune,-26.597273,-14.533628
1955-12-01,neptune,-26.552648,-14.615809
1956-01-01,neptune,-26.50626,-14.700588
1956-02-01,neptune,-26.459593,-14.785222
1956-03-01,neptune,-26.415684,-14.864264
1956-04-01,neptune,-26.368478,-14.948615
1956-05-01,neptune,-26.32253,-15.030104
1956-06-01,neptune,-26.274776,-15.114163
1956-07-01,neptune,-26.228299,-15.195366
1956-08-01,neptune,-26.179999,-15.279127
1956-09-01,neptune,-26.131423,-15.362735
1956-10-01,neptune,-26.084149,-15.443498
1956-11-01,neptune,-26.035028,-15.526801
1956-12-01,neptune,-25.987229,-15.607267
1957-01-01,neptune,-25.937565,-15.69026
1957-02-01,neptune,-25.887627,-15.773093
1957-03-01,neptune,-25.842285,-15.847772
1957-04-01,neptune,-25.791823,-15.930298
1957-05-01,neptune,-25.742729,-16.010007
1957-06-01,neptune,-25.69173,-16.092211
1957-07-01,neptune,-25.642116,-16.171605
1957-08-01,neptune,-25.590581,-16.253482
1957-09-01,neptune,-25.538774,-16.33519
1957-10-01,neptune,-25.48838,-16.414102
1957-11-01,neptune,-25.436041,-16.495475
1957-12-01,neptune,-25.385133,-16.57406
1958-01-01,neptune,-25.332264,-16.655094
1958-02-01,neptune,-25.279126,-16.735953
1958-03-01,neptune,-25.230901,-16.808837
1958-04-01,neptune,-25.177254,-16.889361
1958-05-01,neptune,-25.125085,-16.967117
1958-06-01,neptune,-25.070916,-17.04729
1958-07-01,neptune,-25.018242,-17.124704
1958-08-01,neptune,-24.963554,-17.204521
1958-09-01,neptune,-24.908602,-17.284154
1958-10-01,neptune,-24.855173,-17.361044
1958-11-01,neptune,-24.799706,-17.440315
1958-12-01,neptune,-24.745781,-17.516851
1959-01-01,neptune,-24.689803,-17.595754
1959-02-01,neptune,-24.633567,-17.67447
1959-03-01,neptune,-24.582551,-17.745404
1959-04-01,neptune,-24.525826,-17.823758
1959-05-01,neptune,-24.470686,-17.899403
1959-06-01,neptune,-24.413458,-17.977379
1959-07-01,neptune,-24.357835,-18.052656
1959-08-01,neptune,-24.300109,-18.130251
1959-09-01,neptune,-24.24213,-18.207651
1959-10-01,neptune,-24.185784,-18.282367
1959-11-01,neptune,-24.127313,-18.35938
1959-12-01,neptune,-24.070492,-18.433721
1960-01-01,neptune,-24.011534,-18.510343
1960-02-01,neptune,-23.952328,-18.586766
1960-03-01,neptune,-23.89672,-18.658078
1960-04-01,neptune,-23.837041,-18.734112
1960-05-01,neptune,-23.779054,-18.807501
1960-06-01,neptune,-23.718897,-18.883137
1960-07-01,neptune,-23.66045,-18.95614
1960-08-01,neptune,-23.599818,-19.031375
1960-09-01,neptune,-23.538947,-19.106405
1960-10-01,neptune,-23.479813,-19.178819
1960-11-01,neptune,-23.418475,-19.253444
1960-12-01,neptune,-23.358891,-19.325464
1961-01-01,neptune,-23.297089,-19.399682
1961-02-01,neptune,-23.235053,-19.473691
1961-03-01,neptune,-23.178821,-19.540359
1961-04-01,neptune,-23.116343,-19.613971
1961-05-01,neptune,-23.05566,-19.685008
1961-06-01,neptune,-22.992729,-19.758207
1961-07-01,neptune,-22.93161,-19.828844
1961-08-01,neptune,-22.86823,-19.901628
1961-09-01,neptune,-22.804622,-19.9742
1961-10-01,neptune,-22.742852,-20.04423
1961-11-01,neptune,-22.678801,-20.116385
1961-12-01,neptune,-22.616604,-20.186009
1962-01-01,neptune,-22.552114,-20.257745
1962-02-01,neptune,-22.487401,-20.329267
1962-03-01,neptune,-22.428762,-20.393684
1962-04-01,neptune,-22.36363,-20.464799
1962-05-01,neptune,-22.30039,-20.533416
1962-06-01,neptune,-22.234828,-20.604108
1962-07-01,neptune,-22.171173,-20.672315
1962-08-01,neptune,-22.105183,-20.742583
1962-09-01,neptune,-22.038978,-20.812636
1962-10-01,neptune,-21.974703,-20.880224
1962-11-01,neptune,-21.908076,-20.949851
1962-12-01,neptune,-21.843394,-21.017026
1963-01-01,neptune,-21.776347,-21.086227
1963-02-01,neptune,-21.709089,-21.155211
1963-03-01,neptune,-21.648158,-21.217332
1963-04-01,neptune,-21.580498,-21.285902
1963-05-01,neptune,-21.514821,-21.352053
1963-06-01,neptune,-21.44675,-21.420194
1963-07-01,neptune,-21.380675,-21.48593
1963-08-01,neptune,-21.312194,-21.553641
1963-09-01,neptune,-21.243506,-21.621134
1963-10-01,neptune,-21.176838,-21.686241
1963-11-01,neptune,-21.107744,-21.753303
1963-12-01,neptune,-21.040684,-21.817993
1964-01-01,neptune,-20.971187,-21.884622
1964-02-01,neptune,-20.901486,-21.951032
1964-03-01,neptune,-20.836097,-22.012958
1964-04-01,neptune,-20.766003,-22.078942
1964-05-01,neptune,-20.697977,-22.142586
1964-06-01,neptune,-20.627484,-22.208135
1964-07-01,neptune,-20.559073,-22.271359
1964-08-01,neptune,-20.488184,-22.336472
1964-09-01,neptune,-20.417094,-22.401363
1964-10-01,neptune,-20.348107,-22.46395
1964-11-01,neptune,-20.276624,-22.528403
1964-12-01,neptune,-20.207256,-22.590566
1965-01-01,neptune,-20.135381,-22.654581
1965-02-01,neptune,-20.063307,-22.718372
1965-03-01,neptune,-19.998037,-22.775798
1965-04-01,neptune,-19.925586,-22.839163
1965-05-01,neptune,-19.855283,-22.90027
1965-06-01,neptune,-19.782444,-22.963192
1965-07-01,neptune,-19.711766,-23.02387
1965-08-01,neptune,-19.638539,-23.086349
1965-09-01,neptune,-19.565116,-23.148601
1965-10-01,neptune,-19.493875,-23.208628
1965-11-01,neptune,-19.420067,-23.270433
1965-12-01,neptune,-19.348453,-23.330027
1966-01-01,neptune,-19.274261,-23.391383
1966-02-01,neptune,-19.199874,-23.45251
1966-03-01,neptune,-19.132519,-23.507525
1966-04-01,neptune,-19.057763,-23.568214
1966-05-01,neptune,-18.985233,-23.626726
1966-06-01,neptune,-18.910096,-23.686961
1966-07-01,neptune,-18.837198,-23.745033
1966-08-01,neptune,-18.761681,-23.804811
1966-09-01,neptune,-18.685972,-23.864356
1966-10-01,neptune,-18.612521,-23.921757
1966-11-01,neptune,-18.536434,-23.980841
1966-12-01,neptune,-18.462619,-24.037795
1967-01-01,neptune,-18.386155,-24.096415
1967-02-01,neptune,-18.309501,-24.154799
1967-03-01,neptune,-18.240101,-24.207328
1967-04-01,neptune,-18.163085,-24.265258
1967-05-01,neptune,-18.088372,-24.321093
1967-06-01,neptune,-18.010983,-24.378552
1967-07-01,neptune,-17.93591,-24.433929
1967-08-01,neptune,-17.85815,-24.490913
1967-09-01,neptune,-17.780202,-24.547656
1967-10-01,neptune,-17.704589,-24.602336
1967-11-01,neptune,-17.626272,-24.658599
1967-12-01,neptune,-17.550304,-24.712814
1968-01-01,neptune,-17.471621,-24.768594
1968-02-01,neptune,-17.392752,-24.824128
1968-03-01,neptune,-17.318804,-24.875854
1968-04-01,neptune,-17.239577,-24.930907
1968-05-01,neptune,-17.162731,-24.983946
1968-06-01,neptune,-17.083143,-25.038507
1968-07-01,neptune,-17.005948,-25.091069
1968-08-01,neptune,-16.926001,-25.145135
1968-09-01,neptune,-16.845873,-25.198947
1968-10-01,neptune,-16.768157,-25.250781
1968-11-01,neptune,-16.687674,-25.304092
1968-12-01,neptune,-16.609616,-25.35544
1969-01-01,neptune,-16.52878,-25.408246
1969-02-01,neptune,-16.447766,-25.460793
1969-03-01,neptune,-16.37444,-25.508033
1969-04-01,neptune,-16.29309,-25.560088
1969-05-01,neptune,-16.214196,-25.610214
1969-06-01,neptune,-16.132501,-25.661754
1969-07-01,neptune,-16.053276,-25.711381
1969-08-01,neptune,-15.971239,-25.762402
1969-09-01,neptune,-15.889031,-25.813159
1969-10-01,neptune,-15.809311,-25.862026
1969-11-01,neptune,-15.726766,-25.91226
1969-12-01,neptune,-15.646722,-25.960618
1970-01-01,neptune,-15.563845,-26.010324
1970-02-01,neptune,-15.480801,-26.059761
1970-03-01,neptune,-15.405649,-26.104181
1970-04-01,neptune,-15.322289,-26.153103
1970-05-01,neptune,-15.241461,-26.200188
1970-06-01,neptune,-15.157778,-26.248575
1970-07-01,neptune,-15.07664,-26.295139
1970-08-01,neptune,-14.992638,-26.342986
1970-09-01,neptune,-14.908477,-26.390558
1970-10-01,neptune,-14.826879,-26.436333
1970-11-01,neptune,-14.742406,-26.483361
1970-12-01,neptune,-14.660509,-26.528608
1971-01-01,neptune,-14.575729,-26.575089
1971-02-01,neptune,-14.490795,-26.621291
1971-03-01,neptune,-14.413949,-26.662782
1971-04-01,neptune,-14.328724,-26.708451
1971-05-01,neptune,-14.246106,-26.752379
1971-06-01,neptune,-14.160586,-26.797495
1971-07-01,neptune,-14.077684,-26.840886
1971-08-01,neptune,-13.991874,-26.885446
1971-09-01,neptune,-13.905918,-26.929722
1971-10-01,neptune,-13.822597,-26.972299
1971-11-01,neptune,-13.736359,-27.016016
1971-12-01,neptune,-13.652767,-27.05805
1972-01-01,neptune,-13.56625,-27.101205
1972-02-01,neptune,-13.479594,-27.144074
1972-03-01,neptune,-13.398404,-27.183917
1972-04-01,neptune,-13.311482,-27.226231
1972-05-01,neptune,-13.227236,-27.266906
1972-06-01,neptune,-13.140049,-27.308653
1972-07-01,neptune,-13.055548,-27.34878
1972-08-01,neptune,-12.9681,-27.38996
1972-09-01,neptune,-12.880523,-27.430851
1972-10-01,neptune,-12.795648,-27.470148
1972-11-01,neptune,-12.707818,-27.51047
1972-12-01,neptune,-12.622701,-27.549215
1973-01-01,neptune,-12.534624,-27.588966
1973-02-01,neptune,-12.446422,-27.628428
1973-03-01,neptune,-12.366652,-27.66382
1973-04-01,neptune,-12.278218,-27.702729
1973-05-01,neptune,-12.192523,-27.740105
1973-06-01,neptune,-12.103855,-27.778441
1973-07-01,neptune,-12.017934,-27.815263
1973-08-01,neptune,-11.929035,-27.853027
1973-09-01,neptune,-11.840021,-27.890499
1973-10-01,neptune,-11.75377,-27.926485
1973-11-01,neptune,-11.664532,-27.963383
1973-12-01,neptune,-11.578067,-27.998814
1974-01-01,neptune,-11.488611,-28.03514
1974-02-01,neptune,-11.399045,-28.071173
1974-03-01,neptune,-11.318054,-28.103469
1974-04-01,neptune,-11.228283,-28.138948
1974-05-01,neptune,-11.141308,-28.173006
1974-06-01,neptune,-11.051329,-28.207911
1974-07-01,neptune,-10.964154,-28.241413
1974-08-01,neptune,-10.873972,-28.275746
1974-09-01,neptune,-10.783688,-28.309787
1974-10-01,neptune,-10.69622,-28.342453
1974-11-01,neptune,-10.605738,-28.375921
1974-12-01,neptune,-10.518081,-28.408032
1975-01-01,neptune,-10.427406,-28.440928
1975-02-01,neptune,-10.336633,-28.473533
1975-03-01,neptune,-10.254562,-28.502733
1975-04-01,neptune,-10.163608,-28.534784
1975-05-01,neptune,-10.075497,-28.565526
1975-06-01,neptune,-9.984358,-28.597006
1975-07-01,neptune,-9.89607,-28.627194
1975-08-01,neptune,-9.804749,-28.658103
1975-09-01,neptune,-9.713337,-28.688721
1975-10-01,neptune,-9.624787,-28.718076
1975-11-01,neptune,-9.533198,-28.748125
1975-12-01,neptune,-9.444479,-28.776928
1976-01-01,neptune,-9.352717,-28.806406
1976-02-01,neptune,-9.260866,-28.835594
1976-03-01,neptune,-9.174864,-28.862637
1976-04-01,neptune,-9.082847,-28.891265
1976-05-01,neptune,-8.993717,-28.918694
1976-06-01,neptune,-8.901534,-28.946753
1976-07-01,neptune,-8.812244,-28.973631
1976-08-01,neptune,-8.719896,-29.00112
1976-09-01,neptune,-8.627465,-29.02832
1976-10-01,neptune,-8.537938,-29.054367
1976-11-01,neptune,-8.445346,-29.080998
1976-12-01,neptune,-8.355664,-29.106494
1977-01-01,neptune,-8.262914,-29.132556
1977-02-01,neptune,-8.170085,-29.158328
1977-03-01,neptune,-8.08617,-29.181358
1977-04-01,neptune,-7.993191,-29.206579
1977-05-01,neptune,-7.903136,-29.230711
1977-06-01,neptune,-7.810003,-29.255363
1977-07-01,neptune,-7.719801,-29.278944
1977-08-01,neptune,-7.626517,-29.303026
1977-09-01,neptune,-7.533157,-29.326817
1977-10-01,neptune,-7.442737,-29.349565
1977-11-01,neptune,-7.349229,-29.372786
1977-12-01,neptune,-7.258666,-29.394981
1978-01-01,neptune,-7.165012,-29.417629
1978-02-01,neptune,-7.071284,-29.439987
1978-03-01,neptune,-6.986564,-29.459931
1978-04-01,neptune,-6.892698,-29.481735
1978-05-01,neptune,-6.801791,-29.502557
1978-06-01,neptune,-6.707784,-29.523787
1978-07-01,neptune,-6.616741,-29.544053
1978-08-01,neptune,-6.522594,-29.564707
1978-09-01,neptune,-6.428378,-29.585068
1978-10-01,neptune,-6.337134,-29.604493
1978-11-01,neptune,-6.242781,-29.624277
1978-12-01,neptune,-6.151407,-29.643143
1979-01-01,neptune,-6.05692,-29.662347
1979-02-01,neptune,-5.962365,-29.681257
1979-03-01,neptune,-5.876904,-29.698083
1979-04-01,neptune,-5.782223,-29.716431
1979-05-01,neptune,-5.690533,-29.733904
1979-06-01,neptune,-5.595724,-29.751669
1979-07-01,neptune,-5.503911,-29.768577
1979-08-01,neptune,-5.408975,-29.785756
1979-09-01,neptune,-5.313976,-29.802638
1979-10-01,neptune,-5.221982,-29.81869
1979-11-01,neptune,-5.126861,-29.834983
1979-12-01,neptune,-5.034749,-29.850465
1980-01-01,neptune,-4.939508,-29.866168
1980-02-01,neptune,-4.844207,-29.881569
1980-03-01,neptune,-4.755001,-29.895705
1980-04-01,neptune,-4.659586,-29.910523
1980-05-01,neptune,-4.567194,-29.924575
1980-06-01,neptune,-4.471667,-29.938797
1980-07-01,neptune,-4.379168,-29.952272
1980-08-01,neptune,-4.283531,-29.965896
1980-09-01,neptune,-4.18784,-29.979215
1980-10-01,neptune,-4.095185,-29.991814
1980-11-01,neptune,-3.99939,-30.004532
1980-12-01,neptune,-3.906635,-30.016547
1981-01-01,neptune,-3.810739,-30.028661
1981-02-01,neptune,-3.714793,-30.040467
1981-03-01,neptune,-3.62809,-30.050865
1981-04-01,neptune,-3.532051,-30.062083
1981-05-01,neptune,-3.439067,-30.072645
1981-06-01,neptune,-3.342937,-30.083253
1981-07-01,neptune,-3.249865,-30.093224
1981-08-01,neptune,-3.153648,-30.10322
1981-09-01,neptune,-3.057388,-30.112905
1981-10-01,neptune,-2.964194,-30.12198
1981-11-01,neptune,-2.867853,-30.13105
1981-12-01,neptune,-2.774583,-30.139528
1982-01-01,neptune,-2.678166,-30.14798
1982-02-01,neptune,-2.581712,-30.156118
1982-03-01,neptune,-2.494561,-30.163197
1982-04-01,neptune,-2.398039,-30.170735
1982-05-01,neptune,-2.3046,-30.177728
1982-06-01,neptune,-2.208014,-30.184644
1982-07-01,neptune,-2.114514,-30.191034
1982-08-01,neptune,-2.017868,-30.197326
1982-09-01,neptune,-1.921193,-30.2033
1982-10-01,neptune,-1.827611,-30.208778
1982-11-01,neptune,-1.730885,-30.214126
1982-12-01,neptune,-1.637255,-30.218997
1983-01-01,neptune,-1.540481,-30.223717
1983-02-01,neptune,-1.443686,-30.228118
1983-03-01,neptune,-1.35624,-30.231817
1983-04-01,neptune,-1.259407,-30.235609
1983-05-01,neptune,-1.165681,-30.238973
1983-06-01,neptune,-1.068814,-30.242135
1983-07-01,neptune,-0.975058,-30.244889
1983-08-01,neptune,-0.878163,-30.247418
1983-09-01,neptune,-0.781256,-30.249627
1983-10-01,neptune,-0.687465,-30.251459
1983-11-01,neptune,-0.590538,-30.253035
1983-12-01,neptune,-0.496731,-30.254255
1984-01-01,neptune,-0.39979,-30.255199
1984-02-01,neptune,-0.302844,-30.255821
1984-03-01,neptune,-0.212149,-30.256112
1984-04-01,neptune,-0.115197,-30.256112
1984-05-01,neptune,-0.021372,-30.255805
1984-06-01,neptune,0.07558,-30.255172
1984-07-01,neptune,0.169402,-30.254253
1984-08-01,neptune,0.266348,-30.252987
1984-09-01,neptune,0.36329,-30.2514
1984-10-01,neptune,0.457098,-30.249558
1984-11-01,neptune,0.554026,-30.247339
1984-12-01,neptune,0.647819,-30.244886
1985-01-01,neptune,0.744727,-30.242035
1985-02-01,neptune,0.841624,-30.238864
1985-03-01,neptune,0.929132,-30.235725
1985-04-01,neptune,1.026002,-30.231944
1985-05-01,neptune,1.119733,-30.227981
1985-06-01,neptune,1.21657,-30.223571
1985-07-01,neptune,1.310267,-30.219
1985-08-01,neptune,1.407066,-30.213963
1985-09-01,neptune,1.503845,-30.208607
1985-10-01,neptune,1.597481,-30.20312
1985-11-01,neptune,1.694214,-30.197139
1985-12-01,neptune,1.787803,-30.191048
1986-01-01,neptune,1.884486,-30.184441
1986-02-01,neptune,1.981141,-30.177519
1986-03-01,neptune,2.068418,-30.170994
1986-04-01,neptune,2.165018,-30.16347
1986-05-01,neptune,2.258472,-30.155889
1986-06-01,neptune,2.35501,-30.147745
1986-07-01,neptune,2.448401,-30.139564
1986-08-01,neptune,2.544873,-30.130802
1986-09-01,neptune,2.641308,-30.121726
1986-10-01,neptune,2.734598,-30.112645
1986-11-01,neptune,2.830961,-30.102954
1986-12-01,neptune,2.924178,-30.093279
1987-01-01,neptune,3.020463,-30.082975
1987-02-01,neptune,3.116708,-30.07236
1987-03-01,neptune,3.203603,-30.062505
1987-04-01,neptune,3.299767,-30.0513
1987-05-01,neptune,3.392788,-30.040162
1987-06-01,neptune,3.488865,-30.028349
1987-07-01,neptune,3.581801,-30.016624
1987-08-01,neptune,3.677788,-30.004204
1987-09-01,neptune,3.773728,-29.991478
1987-10-01,neptune,3.866528,-29.97887
1987-11-01,neptune,3.962373,-29.965541
1987-12-01,neptune,4.055079,-29.952351
1988-01-01,neptune,4.150825,-29.938421
1988-02-01,neptune,4.246521,-29.924186
1988-03-01,neptune,4.335995,-29.910595
1988-04-01,neptune,4.431588,-29.895772
1988-05-01,neptune,4.524048,-29.881139
1988-06-01,neptune,4.619535,-29.86572
1988-07-01,neptune,4.711891,-29.850511
1988-08-01,neptune,4.80727,-29.834498
1988-09-01,neptune,4.902593,-29.818184
1988-10-01,neptune,4.994786,-29.80211
1988-11-01,neptune,5.089996,-29.785204
1988-12-01,neptune,5.18208,-29.768558
1989-01-01,neptune,5.277175,-29.751063
1989-02-01,neptune,5.372211,-29.733268
1989-03-01,neptune,5.457998,-29.716938
1989-04-01,neptune,5.552919,-29.698575
1989-05-01,neptune,5.644719,-29.68052
1989-06-01,neptune,5.739519,-29.66157
1989-07-01,neptune,5.831202,-29.642949
1989-08-01,neptune,5.925879,-29.623414
1989-09-01,neptune,6.020492,-29.603582
1989-10-01,neptune,6.111992,-29.584108
1989-11-01,neptune,6.206479,-29.563692
1989-12-01,neptune,6.297856,-29.543654
1990-01-01,neptune,6.392215,-29.522656
1990-02-01,neptune,6.486507,-29.501362
1990-03-01,neptune,6.571617,-29.481875
1990-04-01,neptune,6.665782,-29.460019
1990-05-01,neptune,6.756844,-29.438586
1990-06-01,neptune,6.850875,-29.416149
1990-07-01,neptune,6.941807,-29.394155
1990-08-01,neptune,7.035702,-29.371137
1990-09-01,neptune,7.129527,-29.347825
1990-10-01,neptune,7.220258,-29.324984
1990-11-01,neptune,7.313944,-29.301092
1990-12-01,neptune,7.404539,-29.277689
1991-01-01,neptune,7.498083,-29.253217
1991-02-01,neptune,7.591554,-29.22845
1991-03-01,neptune,7.675917,-29.205827
1991-04-01,neptune,7.769248,-29.1805
1991-05-01,neptune,7.859497,-29.155709
1991-06-01,neptune,7.95268,-29.129801
1991-07-01,neptune,8.042785,-29.104449
1991-08-01,neptune,8.135819,-29.077962
1991-09-01,neptune,8.228775,-29.051179
1991-10-01,neptune,8.318658,-29.02498
1991-11-01,neptune,8.41146,-28.997618
1991-12-01,neptune,8.501193,-28.970857
1992-01-01,neptune,8.593838,-28.942913
1992-02-01,neptune,8.686403,-28.914674
1992-03-01,neptune,8.772921,-28.88799
1992-04-01,neptune,8.865327,-28.859179
1992-05-01,neptune,8.954673,-28.831016
1992-06-01,neptune,9.046914,-28.801623
1992-07-01,neptune,9.1361,-28.772896
1992-08-01,neptune,9.228173,-28.742921
1992-09-01,neptune,9.320161,-28.712649
1992-10-01,neptune,9.409097,-28.683072
1992-11-01,neptune,9.500912,-28.652217
1992-12-01,neptune,9.58968,-28.622075
1993-01-01,neptune,9.681318,-28.590636
1993-02-01,neptune,9.772865,-28.558901
1993-03-01,neptune,9.855474,-28.529981
1993-04-01,neptune,9.946845,-28.497679
1993-05-01,neptune,10.035179,-28.466137
1993-06-01,neptune,10.126364,-28.433251
1993-07-01,neptune,10.214516,-28.401142
1993-08-01,neptune,10.305511,-28.36767
1993-09-01,neptune,10.396408,-28.333901
1993-10-01,neptune,10.484278,-28.300937
1993-11-01,neptune,10.574978,-28.266582
1993-12-01,neptune,10.662656,-28.233051
1994-01-01,neptune,10.753155,-28.198109
1994-02-01,neptune,10.843551,-28.16287
1994-03-01,neptune,10.925108,-28.130784
1994-04-01,neptune,11.015303,-28.094978
1994-05-01,neptune,11.102485,-28.060042
1994-06-01,neptune,11.192467,-28.023649
1994-07-01,neptune,11.279442,-27.988147
1994-08-01,neptune,11.369207,-27.951167
1994-09-01,neptune,11.458859,-27.913891
1994-10-01,neptune,11.545511,-27.877533
1994-11-01,neptune,11.634939,-27.83967
1994-12-01,neptune,11.721371,-27.802746
1995-01-01,neptune,11.810568,-27.764298
1995-02-01,neptune,11.899647,-27.725554
1995-03-01,neptune,11.980002,-27.690303
1995-04-01,neptune,12.068851,-27.650994
1995-05-01,neptune,12.154718,-27.61267
1995-06-01,neptune,12.243324,-27.572777
1995-07-01,neptune,12.328953,-27.533889
1995-08-01,neptune,12.417311,-27.493415
1995-09-01,neptune,12.505541,-27.452645
1995-10-01,neptune,12.590802,-27.412909
1995-11-01,neptune,12.678777,-27.371559
1995-12-01,neptune,12.763787,-27.331263
1996-01-01,neptune,12.8515,-27.289334
1996-02-01,neptune,12.939079,-27.247112
1996-03-01,neptune,13.020884,-27.207349
1996-04-01,neptune,13.108197,-27.164561
1996-05-01,neptune,13.192562,-27.122874
1996-06-01,neptune,13.279601,-27.079512
1996-07-01,neptune,13.363698,-27.037272
1996-08-01,neptune,13.450458,-26.993337
1996-09-01,neptune,13.537073,-26.949114
1996-10-01,neptune,13.620756,-26.906041
1996-11-01,neptune,13.707085,-26.861249
1996-12-01,neptune,13.790487,-26.817628
1997-01-01,neptune,13.876523,-26.77227
1997-02-01,neptune,13.962408,-26.726626
1997-03-01,neptune,14.039852,-26.685153
1997-04-01,neptune,14.125447,-26.638966
1997-05-01,neptune,14.208135,-26.593997
1997-06-01,neptune,14.293426,-26.547251
1997-07-01,neptune,14.375817,-26.501744
1997-08-01,neptune,14.460799,-26.454442
1997-09-01,neptune,14.545622,-26.406859
1997-10-01,neptune,14.627556,-26.360545
1997-11-01,neptune,14.712063,-26.312411
1997-12-01,neptune,14.79369,-26.265565
1998-01-01,neptune,14.877876,-26.216884
1998-02-01,neptune,14.961899,-26.167926
1998-03-01,neptune,15.037647,-26.123469
1998-04-01,neptune,15.121354,-26.073987
1998-05-01,neptune,15.202201,-26.02584
1998-06-01,neptune,15.285576,-25.975819
1998-07-01,neptune,15.366101,-25.927152
1998-08-01,neptune,15.449143,-25.876597
1998-09-01,neptune,15.532013,-25.82577
1998-10-01,neptune,15.612046,-25.776327
1998-11-01,neptune,15.694577,-25.724972
1998-12-01,neptune,15.774279,-25.675018
1999-01-01,neptune,15.856466,-25.623137
1999-02-01,neptune,15.938478,-25.57099
1999-03-01,neptune,16.012401,-25.523662
1999-04-01,neptune,16.094076,-25.471013
1999-05-01,neptune,16.172947,-25.419811
1999-06-01,neptune,16.254271,-25.366645
1999-07-01,neptune,16.332801,-25.314946
1999-08-01,neptune,16.413771,-25.261268
1999-09-01,neptune,16.49456,-25.207331
1999-10-01,neptune,16.57257,-25.154888
1999-11-01,neptune,16.653002,-25.100444
1999-12-01,neptune,16.730665,-25.047513
2000-01-01,neptune,16.810736,-24.992566
2000-02-01,neptune,16.890623,-24.937365
2000-03-01,neptune,16.965189,-24.885496
2000-04-01,neptune,17.044719,-24.829805
2000-05-01,neptune,17.121506,-24.775672
2000-06-01,neptune,17.20067,-24.719487
2000-07-01,neptune,17.277103,-24.664877
2000-08-01,neptune,17.355899,-24.608202
2000-09-01,neptune,17.434507,-24.551279
2000-10-01,neptune,17.510401,-24.495956
2000-11-01,neptune,17.588639,-24.438547
2000-12-01,neptune,17.664173,-24.382756
2001-01-01,neptune,17.742039,-24.324865
2001-02-01,neptune,17.819715,-24.266729
2001-03-01,neptune,17.889711,-24.214011
2001-04-01,neptune,17.967024,-24.155413
2001-05-01,neptune,18.041662,-24.098475
2001-06-01,neptune,18.1186,-24.039402
2001-07-01,neptune,18.192874,-23.982006
2001-08-01,neptune,18.269434,-23.922461
2001-09-01,neptune,18.345802,-23.862677
2001-10-01,neptune,18.419523,-23.804594
2001-11-01,neptune,18.495511,-23.744341
2001-12-01,neptune,18.568864,-23.685807
2002-01-01,neptune,18.644471,-23.625088
2002-02-01,neptune,18.719885,-23.564133
2002-03-01,neptune,18.787833,-23.508875
2002-04-01,neptune,18.862875,-23.447473
2002-05-01,neptune,18.935312,-23.387829
2002-06-01,neptune,19.00997,-23.325966
2002-07-01,neptune,19.082034,-23.265877
2002-08-01,neptune,19.156307,-23.203556
2002-09-01,neptune,19.230384,-23.141002
2002-10-01,neptune,19.301883,-23.080245
2002-11-01,neptune,19.375572,-23.017236
2002-12-01,neptune,19.446695,-22.956039
2003-01-01,neptune,19.519995,-22.892575
2003-02-01,neptune,19.593096,-22.828881
2003-03-01,neptune,19.658952,-22.771153
2003-04-01,neptune,19.731674,-22.707021
2003-05-01,neptune,19.801861,-22.644741
2003-06-01,neptune,19.87419,-22.580158
2003-07-01,neptune,19.943995,-22.517442
2003-08-01,neptune,20.015929,-22.45241
2003-09-01,neptune,20.087661,-22.387151
2003-10-01,neptune,20.156888,-22.32378
2003-11-01,neptune,20.228223,-22.258073
2003-12-01,neptune,20.297064,-22.194269
2004-01-01,neptune,20.367999,-22.128115
2004-02-01,neptune,20.43873,-22.061735
2004-03-01,neptune,20.504712,-21.999433
2004-04-01,neptune,20.575047,-21.932615
2004-05-01,neptune,20.642917,-21.867737
2004-06-01,neptune,20.712846,-21.800475
2004-07-01,neptune,20.780323,-21.735168
2004-08-01,neptune,20.849844,-21.667463
2004-09-01,neptune,20.919158,-21.599533
2004-10-01,neptune,20.986036,-21.53358
2004-11-01,neptune,21.054938,-21.465209
2004-12-01,neptune,21.121416,-21.398829
2005-01-01,neptune,21.189903,-21.330017
2005-02-01,neptune,21.258178,-21.26098
2005-03-01,neptune,21.319663,-21.198433
2005-04-01,neptune,21.387533,-21.128972
2005-05-01,neptune,21.45301,-21.061539
2005-06-01,neptune,21.520458,-20.99164
2005-07-01,neptune,21.585524,-20.923784
2005-08-01,neptune,21.652547,-20.853447
2005-09-01,neptune,21.719352,-20.782889
2005-10-01,neptune,21.783794,-20.714395
2005-11-01,neptune,21.850168,-20.643402
2005-12-01,neptune,21.914192,-20.574487
2006-01-01,neptune,21.980132,-20.503059
2006-02-01,neptune,22.045851,-20.431411
2006-03-01,neptune,22.105018,-20.366508
2006-04-01,neptune,22.170311,-20.294441
2006-05-01,neptune,22.233284,-20.224491
2006-06-01,neptune,22.298134,-20.151994
2006-07-01,neptune,22.360675,-20.081628
2006-08-01,neptune,22.425078,-20.008702
2006-09-01,neptune,22.489251,-19.935559
2006-10-01,neptune,22.551136,-19.864569
2006-11-01,neptune,22.614856,-19.790999
2006-12-01,neptune,22.6763,-19.719598
2007-01-01,neptune,22.739562,-19.645604
2007-02-01,neptune,22.802591,-19.571396
2007-03-01,neptune,22.859318,-19.504185
2007-04-01,neptune,22.921898,-19.429569
2007-05-01,neptune,22.982233,-19.357158
2007-06-01,neptune,23.044345,-19.282124
2007-07-01,neptune,23.104225,-19.209309
2007-08-01,neptune,23.165865,-19.133859
2007-09-01,neptune,23.227263,-19.058199
2007-10-01,neptune,23.28645,-18.984779
2007-11-01,neptune,23.34737,-18.908707
2007-12-01,neptune,23.406091,-18.834891
2008-01-01,neptune,23.466528,-18.75841
2008-02-01,neptune,23.526717,-18.681723
2008-03-01,neptune,23.582799,-18.609797
2008-04-01,neptune,23.642508,-18.532712
2008-05-01,neptune,23.700052,-18.457919
2008-06-01,neptune,23.759267,-18.380434
2008-07-01,neptune,23.816332,-18.305256
2008-08-01,neptune,23.87505,-18.227373
2008-09-01,neptune,23.933514,-18.149291
2008-10-01,neptune,23.989848,-18.073537
2008-11-01,neptune,24.047808,-17.995063
2008-12-01,neptune,24.103654,-17.918932
2009-01-01,neptune,24.161106,-17.840071
2009-02-01,neptune,24.2183,-17.761014
2009-03-01,neptune,24.269735,-17.689441
2009-04-01,neptune,24.326432,-17.610016
2009-05-01,neptune,24.381051,-17.53297
2009-06-01,neptune,24.437232,-17.453168
2009-07-01,neptune,24.491349,-17.375759
2009-08-01,neptune,24.54701,-17.295585
2009-09-01,neptune,24.602405,-17.215222
2009-10-01,neptune,24.65576,-17.137275
2009-11-01,neptune,24.71063,-17.056547
2009-12-01,neptune,24.763475,-16.978249
2010-01-01,neptune,24.817817,-16.89716
2010-02-01,neptune,24.871889,-16.81589
2010-03-01,neptune,24.920497,-16.742329
2010-04-01,neptune,24.974054,-16.660717
2010-05-01,neptune,25.025625,-16.581568
2010-06-01,neptune,25.078647,-16.499607
2010-07-01,neptune,25.129699,-16.420123
2010-08-01,neptune,25.182183,-16.337818
2010-09-01,neptune,25.234393,-16.255339
2010-10-01,neptune,25.284658,-16.175359
2010-11-01,neptune,25.336326,-16.092544
2010-12-01,neptune,25.386065,-16.01224
2011-01-01,neptune,25.437191,-15.929094
2011-02-01,neptune,25.488039,-15.845782
2011-03-01,neptune,25.533728,-15.77039
2011-04-01,neptune,25.584047,-15.686764
2011-05-01,neptune,25.632479,-15.605681
2011-06-01,neptune,25.68225,-15.521736
2011-07-01,neptune,25.730151,-15.440346
2011-08-01,neptune,25.779373,-15.356087
2011-09-01,neptune,25.828315,-15.27167
2011-10-01,neptune,25.875411,-15.189828
2011-11-01,neptune,25.923802,-15.105104
2011-12-01,neptune,25.970364,-15.022967
2012-01-01,neptune,26.018201,-14.937942
2012-02-01,neptune,26.065757,-14.852765
2012-03-01,neptune,26.10999,-14.772947
2012-04-01,neptune,26.157001,-14.68748
2012-05-01,neptune,26.202227,-14.604629
2012-06-01,neptune,26.248683,-14.518872
2012-07-01,neptune,26.293371,-14.435742
2012-08-01,neptune,26.339271,-14.349699
2012-09-01,neptune,26.384889,-14.263513
2012-10-01,neptune,26.428765,-14.179972
2012-11-01,neptune,26.473826,-14.093506
2012-12-01,neptune,26.517163,-14.009697
2013-01-01,neptune,26.561667,-13.922957
2013-02-01,neptune,26.605887,-13.836078
2013-03-01,neptune,26.645585,-13.75749
2013-04-01,neptune,26.689266,-13.670352
2013-05-01,neptune,26.731268,-13.585896
2013-06-01,neptune,26.774391,-13.498493
2013-07-01,neptune,26.815853,-13.413783
2013-08-01,neptune,26.858419,-13.326119
2013-09-01,neptune,26.9007,-13.238323
2013-10-01,neptune,26.941348,-13.153236
2013-11-01,neptune,26.983072,-13.065185
2013-12-01,neptune,27.023179,-12.979852
2014-01-01,neptune,27.064344,-12.891549
2014-02-01,neptune,27.105226,-12.803119
2014-03-01,neptune,27.141907,-12.723139
2014-04-01,neptune,27.182248,-12.634469
2014-05-01,neptune,27.221018,-12.548542
2014-06-01,neptune,27.260801,-12.459628
2014-07-01,neptune,27.29903,-12.373466
2014-08-01,neptune,27.338254,-12.284311
2014-09-01,neptune,27.377194,-12.195035
2014-10-01,neptune,27.414608,-12.108523
2014-11-01,neptune,27.452989,-12.019009
2014-12-01,neptune,27.489862,-11.93227
2015-01-01,neptune,27.527683,-11.842522
2015-02-01,neptune,27.565221,-11.752655
2015-03-01,neptune,27.598881,-11.671385
2015-04-01,neptune,27.635878,-11.581295
2015-05-01,neptune,27.671409,-11.494001
2015-06-01,neptune,27.707845,-11.403684
2015-07-01,neptune,27.742834,-11.31617
2015-08-01,neptune,27.77871,-11.225626
2015-09-01,neptune,27.8143,-11.134968
2015-10-01,neptune,27.84847,-11.047126
2015-11-01,neptune,27.883498,-10.956245
2015-12-01,neptune,27.917124,-10.868189
2016-01-01,neptune,27.95159,-10.777087
2016-02-01,neptune,27.985769,-10.685875
2016-03-01,neptune,28.017484,-10.600446
2016-04-01,neptune,28.051109,-10.509019
2016-05-01,neptune,28.083376,-10.420437
2016-06-01,neptune,28.116435,-10.328794
2016-07-01,neptune,28.148155,-10.240004
2016-08-01,neptune,28.180648,-10.148148
2016-09-01,neptune,28.212853,-10.056183
2016-10-01,neptune,28.243744,-9.967084
2016-11-01,neptune,28.275381,-9.874909
2016-12-01,neptune,28.305721,-9.785606
2017-01-01,neptune,28.336787,-9.693223
2017-02-01,neptune,28.367564,-9.600734
2017-03-01,neptune,28.395112,-9.517105
2017-04-01,neptune,28.425334,-9.424418
2017-05-01,neptune,28.454304,-9.334621
2017-06-01,neptune,28.483952,-9.24173
2017-07-01,neptune,28.512365,-9.151737
2017-08-01,neptune,28.541437,-9.058644
2017-09-01,neptune,28.570214,-8.96545
2017-10-01,neptune,28.597784,-8.875166
2017-11-01,neptune,28.625982,-8.781774
2017-12-01,neptune,28.652989,-8.691299
2018-01-01,neptune,28.680606,-8.597711
2018-02-01,neptune,28.707926,-8.504024
2018-03-01,neptune,28.732346,-8.41932
2018-04-01,neptune,28.759099,-8.325448
2018-05-01,neptune,28.784706,-8.234512
2018-06-01,neptune,28.810871,-8.14045
2018-07-01,neptune,28.835907,-8.049332
2018-08-01,neptune,28.861482,-7.955084
2018-09-01,neptune,28.886756,-7.860741
2018-10-01,neptune,28.910927,-7.769354
2018-11-01,neptune,28.935607,-7.67483
2018-12-01,neptune,28.959201,-7.583268
2019-01-01,neptune,28.983283,-7.488564
2019-02-01,neptune,29.007061,-7.393771
2019-03-01,neptune,29.028275,-7.308075
2019-04-01,neptune,29.051471,-7.213113
2019-05-01,neptune,29.073626,-7.121132
2019-06-01,neptune,29.096218,-7.026
2019-07-01,neptune,29.117788,-6.933855
2019-08-01,neptune,29.139773,-6.838555
2019-09-01,neptune,29.161448,-6.743172
2019-10-01,neptune,29.182129,-6.650788
2019-11-01,neptune,29.203193,-6.555244
2019-12-01,neptune,29.223281,-6.462705
2020-01-01,neptune,29.243732,-6.367004
2020-02-01,neptune,29.26387,-6.271224
2020-03-01,neptune,29.282424,-6.181554
2020-04-01,neptune,29.301954,-6.085627
2020-05-01,neptune,29.320554,-5.992722
2020-06-01,neptune,29.339464,-5.896648
2020-07-01,neptune,29.357462,-5.803604
2020-08-01,neptune,29.375749,-5.707388
2020-09-01,neptune,29.393718,-5.611102
2020-10-01,neptune,29.410805,-5.517856
2020-11-01,neptune,29.428148,-5.421436
2020-12-01,neptune,29.444627,-5.328062
2021-01-01,neptune,29.461341,-5.231512
2021-02-01,neptune,29.477735,-5.134899
2021-03-01,neptune,29.492266,-5.047581
2021-04-01,neptune,29.508049,-4.950849
2021-05-01,neptune,29.523016,-4.857181
2021-06-01,neptune,29.538164,-4.760333
2021-07-01,neptune,29.552517,-4.666555
2021-08-01,neptune,29.56703,-4.569596
2021-09-01,neptune,29.58122,-4.472582
2021-10-01,neptune,29.594643,-4.378648
2021-11-01,neptune,29.608195,-4.281531
2021-12-01,neptune,29.621,-4.1875
2022-01-01,neptune,29.633912,-4.090286
2022-02-01,neptune,29.646499,-3.993025
2022-03-01,neptune,29.657588,-3.905137
2022-04-01,neptune,29.669554,-3.807791
2022-05-01,neptune,29.680824,-3.713543
2022-06-01,neptune,29.692149,-3.616114
2022-07-01,neptune,29.702797,-3.521789
2022-08-01,neptune,29.713479,-3.424282
2022-09-01,neptune,29.723834,-3.326738
2022-10-01,neptune,29.733543,-3.232307
2022-11-01,neptune,29.743254,-3.134694
2022-12-01,neptune,29.75234,-3.040199
2023-01-01,neptune,29.761408,-2.942524
2023-02-01,neptune,29.770147,-2.844819
2023-03-01,neptune,29.77776,-2.756545
2023-04-01,neptune,29.785876,-2.658788
2023-05-01,neptune,29.793419,-2.56416
2023-06-01,neptune,29.800892,-2.466355
2023-07-01,neptune,29.807812,-2.371683
2023-08-01,neptune,29.814641,-2.273834
2023-09-01,neptune,29.821142,-2.175966
2023-10-01,neptune,29.827123,-2.081238
2023-11-01,neptune,29.832982,-1.983336
2023-12-01,neptune,29.838341,-1.888577
2024-01-01,neptune,29.843557,-1.790646
2024-02-01,neptune,29.848447,-1.692702
2024-03-01,neptune,29.852727,-1.601067
2024-04-01,neptune,29.856986,-1.503103
2024-05-01,neptune,29.860799,-1.408291
2024-06-01,neptune,29.864418,-1.310312
2024-07-01,neptune,29.867612,-1.215487
2024-08-01,neptune,29.870592,-1.117497
2024-09-01,neptune,29.873249,-1.019504
2024-10-01,neptune,29.875511,-0.924669
2024-11-01,neptune,29.877531,-0.826673
2024-12-01,neptune,29.879178,-0.731838
2025-01-01,neptune,29.880562,-0.633844
2025-02-01,neptune,29.881623,-0.535852
2025-03-01,neptune,29.882306,-0.447347
2025-04-01,neptune,29.882755,-0.349364
2025-05-01,neptune,29.882884,-0.254548
2025-06-01,neptune,29.882702,-0.156578
2025-07-01,neptune,29.88222,-0.061776
2025-08-01,neptune,29.881408,0.036176
2025-09-01,neptune,29.880276,0.134118
2025-10-01,neptune,29.878877,0.22889
2025-11-01,neptune,29.877117,0.326808
2025-12-01,neptune,29.875112,0.421555
2026-01-01,neptune,29.872727,0.519446
2026-02-01,neptune,29.870025,0.617322
2026-03-01,neptune,29.867311,0.705711
2026-04-01,neptune,29.864006,0.803555
2026-05-01,neptune,29.860507,0.898225
2026-06-01,neptune,29.856581,0.996032
2026-07-01,neptune,29.852481,1.090665
2026-08-01,neptune,29.847934,1.188432
2026-09-01,neptune,29.843074,1.286177
2026-10-01,neptune,29.838071,1.380748
2026-11-01,neptune,29.832593,1.478449
2026-12-01,neptune,29.826994,1.572975
2027-01-01,neptune,29.8209,1.670628
2027-02-01,neptune,29.814494,1.768256
2027-03-01,neptune,29.80844,1.856413
2027-04-01,neptune,29.80144,1.95399
2027-05-01,neptune,29.79437,2.048393
2027-06-01,neptune,29.786758,2.145916
2027-07-01,neptune,29.779096,2.240264
2027-08-01,neptune,29.770873,2.337729
2027-09-01,neptune,29.76234,2.435164
2027-10-01,neptune,29.753787,2.529426
2027-11-01,neptune,29.744644,2.626799
2027-12-01,neptune,29.735502,2.721
2028-01-01,neptune,29.725752,2.81831
2028-02-01,neptune,29.715692,2.915586
2028-03-01,neptune,29.706002,3.006555
2028-04-01,neptune,29.695345,3.103764
2028-05-01,neptune,29.684739,3.197805
2028-06-01,neptune,29.673476,3.294944
2028-07-01,neptune,29.662283,3.388916
2028-08-01,neptune,29.650414,3.485983
2028-09-01,neptune,29.638237,3.583013
2028-10-01,neptune,29.626161,3.676877
2028-11-01,neptune,29.613379,3.773831
2028-12-01,neptune,29.600717,3.86762
2029-01-01,neptune,29.58733,3.964497
2029-02-01,neptune,29.573636,4.061332
2029-03-01,neptune,29.561003,4.148762
2029-04-01,neptune,29.546724,4.245518
2029-05-01,neptune,29.532613,4.339114
2029-06-01,neptune,29.517729,4.435787
2029-07-01,neptune,29.503032,4.5293
2029-08-01,neptune,29.487543,4.625886
2029-09-01,neptune,29.471747,4.722428
2029-10-01,neptune,29.456167,4.815812
2029-11-01,neptune,29.439765,4.912263
2029-12-01,neptune,29.423599,5.005558
2030-01-01,neptune,29.406591,5.101917
2030-02-01,neptune,29.389275,5.198227
2030-03-01,neptune,29.37337,5.285174
2030-04-01,neptune,29.355468,5.38139
2030-05-01,neptune,29.337849,5.474455
2030-06-01,neptune,29.319339,5.570571
2030-07-01,neptune,29.301133,5.663537
2030-08-01,neptune,29.282015,5.75955
2030-09-01,neptune,29.262588,5.855509
2030-10-01,neptune,29.243493,5.948321
2030-11-01,neptune,29.223457,6.044173
2030-12-01,neptune,29.203773,6.136879
2031-01-01,neptune,29.183127,6.23262
2031-02-01,neptune,29.162171,6.328302
2031-03-01,neptune,29.142976,6.414674
2031-04-01,neptune,29.12143,6.510244
2031-05-01,neptune,29.100282,6.602673
2031-06-01,neptune,29.078123,6.698123
2031-07-01,neptune,29.056383,6.790434
2031-08-01,neptune,29.033612,6.88576
2031-09-01,neptune,29.010529,6.98102
2031-10-01,neptune,28.987893,7.073146
2031-11-01,neptune,28.964197,7.168277
2031-12-01,neptune,28.940967,7.260274
2032-01-01,neptune,28.916656,7.35527
2032-02-01,neptune,28.892032,7.450197
2032-03-01,neptune,28.868714,7.538935
2032-04-01,neptune,28.843485,7.633722
2032-05-01,neptune,28.818772,7.725382
2032-06-01,neptune,28.792927,7.820024
2032-07-01,neptune,28.767617,7.911541
2032-08-01,neptune,28.741156,8.006033
2032-09-01,neptune,28.714381,8.100446
2032-10-01,neptune,28.688171,8.191738
2032-11-01,neptune,28.660779,8.285994
2032-12-01,neptune,28.633972,8.377131
2033-01-01,neptune,28.605963,8.471224
2033-02-01,neptune,28.577641,8.565233
2033-03-01,neptune,28.551789,8.65007
2033-04-01,neptune,28.52287,8.743913
2033-05-01,neptune,28.494585,8.834646
2033-06-01,neptune,28.465048,8.928314
2033-07-01,neptune,28.436166,9.018873
2033-08-01,neptune,28.406013,9.11236
2033-09-01,neptune,28.375546,9.205753
2033-10-01,neptune,28.345764,9.296043
2033-11-01,neptune,28.314682,9.389247
2033-12-01,neptune,28.284305,9.479351
2034-01-01,neptune,28.252607,9.57236
2034-02-01,neptune,28.220597,9.665268
2034-03-01,neptune,28.191417,9.749097
2034-04-01,neptune,28.158814,9.841809
2034-05-01,neptune,28.126965,9.93143
2034-06-01,neptune,28.093749,10.023934
2034-07-01,neptune,28.061309,10.11335
2034-08-01,neptune,28.027481,10.20564
2034-09-01,neptune,27.993344,10.297819
2034-10-01,neptune,27.960013,10.386917
2034-11-01,neptune,27.925266,10.478873
2034-12-01,neptune,27.891346,10.567754
2035-01-01,neptune,27.855993,10.659482
2035-02-01,neptune,27.820331,10.751093
2035-03-01,neptune,27.787857,10.833735
2035-04-01,neptune,27.751611,10.925118
2035-05-01,neptune,27.716243,11.013436
2035-06-01,neptune,27.679395,11.104577
2035-07-01,neptune,27.643445,11.192659
2035-08-01,neptune,27.605997,11.283553
2035-09-01,neptune,27.568246,11.37432
2035-10-01,neptune,27.531423,11.462036
2035-11-01,neptune,27.493076,11.552549
2035-12-01,neptune,27.455679,11.640016
2036-01-01,neptune,27.416738,11.730269
2036-02-01,neptune,27.377498,11.820388
2036-03-01,neptune,27.340517,11.904571
2036-04-01,neptune,27.300698,11.994427
2036-05-01,neptune,27.261879,12.081254
2036-06-01,neptune,27.221473,12.170839
2036-07-01,neptune,27.182089,12.257401
2036-08-01,neptune,27.141101,12.346709
2036-09-01,neptune,27.099818,12.435876
2036-10-01,neptune,27.059588,12.522029
2036-11-01,neptune,27.017727,12.610913
2036-12-01,neptune,26.976939,12.696791
2037-01-01,neptune,26.934505,12.785387
2037-02-01,neptune,26.89178,12.873836
2037-03-01,neptune,26.852941,12.953597
2037-04-01,neptune,26.809666,13.041762
2037-05-01,neptune,26.767512,13.12694
2037-06-01,neptune,26.723672,13.214808
2037-07-01,neptune,26.680973,13.299697
2037-08-01,neptune,26.63657,13.387264
2037-09-01,neptune,26.591883,13.474677
2037-10-01,neptune,26.548368,13.559123
2037-11-01,neptune,26.503125,13.646231
2037-12-01,neptune,26.459073,13.730379
2038-01-01,neptune,26.413276,13.817178
2038-02-01,neptune,26.3672,13.903818
2038-03-01,neptune,26.325344,13.981937
2038-04-01,neptune,26.278738,14.068273
2038-05-01,neptune,26.233372,14.151672
2038-06-01,neptune,26.186222,14.237692
2038-07-01,neptune,26.140331,14.320784
2038-08-01,neptune,26.09264,14.406485
2038-09-01,neptune,26.044676,14.492023
2038-10-01,neptune,25.997999,14.574645
2038-11-01,neptune,25.949499,14.659861
2038-12-01,neptune,25.902306,14.74217
2039-01-01,neptune,25.853273,14.827059
2039-02-01,neptune,25.803972,14.911783
2039-03-01,neptune,25.759211,14.988164
2039-04-01,neptune,25.709399,15.07257
2039-05-01,neptune,25.660939,15.154093
2039-06-01,neptune,25.610603,15.238168
2039-07-01,neptune,25.561638,15.319371
2039-08-01,neptune,25.510779,15.403113
2039-09-01,neptune,25.459657,15.486686
2039-10-01,neptune,25.409934,15.567401
2039-11-01,neptune,25.358294,15.650639
2039-12-01,neptune,25.308071,15.731029
2040-01-01,neptune,25.255917,15.813929
2040-02-01,neptune,25.203502,15.896658
2040-03-01,neptune,25.154233,15.973893
2040-04-01,neptune,25.101316,16.056288
2040-05-01,neptune,25.049859,16.135859
2040-06-01,neptune,24.996433,16.217913
2040-07-01,neptune,24.944484,16.297153
2040-08-01,neptune,24.890552,16.378864
2040-09-01,neptune,24.836362,16.460399
2040-10-01,neptune,24.783677,16.539138
2040-11-01,neptune,24.728984,16.620328
2040-12-01,neptune,24.675813,16.698732
2041-01-01,neptune,24.620618,16.779575
2041-02-01,neptune,24.56517,16.860241
2041-03-01,neptune,24.514869,16.932949
2041-04-01,neptune,24.458938,17.013277
2041-05-01,neptune,24.40457,17.090845
2041-06-01,neptune,24.348141,17.170822
2041-07-01,neptune,24.293292,17.248049
2041-08-01,neptune,24.236367,17.327673
2041-09-01,neptune,24.17919,17.407118
2041-10-01,neptune,24.123619,17.483827
2041-11-01,neptune,24.065948,17.562916
2041-12-01,neptune,24.009899,17.639281
2042-01-01,neptune,23.951735,17.718012
2042-02-01,neptune,23.893321,17.79656
2042-03-01,neptune,23.840346,17.86735
2042-04-01,neptune,23.781457,17.94555
2042-05-01,neptune,23.72423,18.021051
2042-06-01,neptune,23.66485,18.098888
2042-07-01,neptune,23.607149,18.174037
2042-08-01,neptune,23.54728,18.251509
2042-09-01,neptune,23.487163,18.328794
2042-10-01,neptune,23.428749,18.403407
2042-11-01,neptune,23.368143,18.480323
2042-12-01,neptune,23.309256,18.554579
2043-01-01,neptune,23.248163,18.631123
2043-02-01,neptune,23.186823,18.707477
2043-03-01,neptune,23.131206,18.776279
2043-04-01,neptune,23.069396,18.85227
2043-05-01,neptune,23.009344,18.925626
2043-06-01,neptune,22.947048,19.001238
2043-07-01,neptune,22.886527,19.074227
2043-08-01,neptune,22.823746,19.149457
2043-09-01,neptune,22.760719,19.224492
2043-10-01,neptune,22.699492,19.29692
2043-11-01,neptune,22.635982,19.371568
2043-12-01,neptune,22.574287,19.443619
2044-01-01,neptune,22.510294,19.517877
2044-02-01,neptune,22.446057,19.591935
2044-03-01,neptune,22.385743,19.661034
2044-04-01,neptune,22.321032,19.734702
2044-05-01,neptune,22.258177,19.805802
2044-06-01,neptune,22.192987,19.879071
2044-07-01,neptune,22.129668,19.949782
2044-08-01,neptune,22.063999,20.022648
2044-09-01,neptune,21.998088,20.095307
2044-10-01,neptune,21.934071,20.165425
2044-11-01,neptune,21.867683,20.237675
2044-12-01,neptune,21.803206,20.307394
2045-01-01,neptune,21.736343,20.37923
2045-02-01,neptune,21.669238,20.450855
2045-03-01,neptune,21.608421,20.515364
2045-04-01,neptune,21.540859,20.586582
2045-05-01,neptune,21.475249,20.655298
2045-06-01,neptune,21.407216,20.726091
2045-07-01,neptune,21.341151,20.794394
2045-08-01,neptune,21.272649,20.864759
2045-09-01,neptune,21.20391,20.934904
2045-10-01,neptune,21.137162,21.002576
2045-11-01,neptune,21.067957,21.072285
2045-12-01,neptune,21.00076,21.139534
2046-01-01,neptune,20.931092,21.208803
2046-02-01,neptune,20.861189,21.277846
2046-03-01,neptune,20.797849,21.340014
2046-04-01,neptune,20.727502,21.408625
2046-05-01,neptune,20.659202,21.474805
2046-06-01,neptune,20.588398,21.542965
2046-07-01,neptune,20.519657,21.608706
2046-08-01,neptune,20.448399,21.67641
2046-09-01,neptune,20.376911,21.74388
2046-10-01,neptune,20.307512,21.808951
2046-11-01,neptune,20.235575,21.875958
2046-12-01,neptune,20.165743,21.940579
2047-01-01,neptune,20.093361,22.007119
2047-02-01,neptune,20.020753,22.07342
2047-03-01,neptune,19.954979,22.133098
2047-04-01,neptune,19.881946,22.198941
2047-05-01,neptune,19.811057,22.262429
2047-06-01,neptune,19.737587,22.327793
2047-07-01,neptune,19.666277,22.390816
2047-08-01,neptune,19.592374,22.455699
2047-09-01,neptune,19.518253,22.520334
2047-10-01,neptune,19.446316,22.582649
2047-11-01,neptune,19.371769,22.646796
2047-12-01,neptune,19.299422,22.708637
2048-01-01,neptune,19.224452,22.772292
2048-02-01,neptune,19.14927,22.835695
2048-03-01,neptune,19.078746,22.89478
2048-04-01,neptune,19.003156,22.957693
2048-05-01,neptune,18.929804,23.018335
2048-06-01,neptune,18.853802,23.080748
2048-07-01,neptune,18.780054,23.140903
2048-08-01,neptune,18.703646,23.20281
2048-09-01,neptune,18.627033,23.26446
2048-10-01,neptune,18.552698,23.323875
2048-11-01,neptune,18.475686,23.385015
2048-12-01,neptune,18.400967,23.443935
2049-01-01,neptune,18.323561,23.504563
2049-02-01,neptune,18.245956,23.564929
2049-03-01,neptune,18.175692,23.619227
2049-04-01,neptune,18.097714,23.679093
2049-05-01,neptune,18.022065,23.736777
2049-06-01,neptune,17.943704,23.796124
2049-07-01,neptune,17.867687,23.853304
2049-08-01,neptune,17.788949,23.912129
2049-09-01,neptune,17.710022,23.970688
2049-10-01,neptune,17.63346,24.027105
2049-11-01,neptune,17.554163,24.085139
2049-12-01,neptune,17.477246,24.141046
2050-01-01,neptune,17.397584,24.198553
2050-02-01,neptune,17.317738,24.255792
2050-03-01,neptune,17.245463,24.30726
2050-04-01,neptune,17.165272,24.363987
2050-05-01,neptune,17.087496,24.418626
2050-06-01,neptune,17.006952,24.474822
2050-07-01,neptune,16.928837,24.528947
2050-08-01,neptune,16.847945,24.58461
2050-09-01,neptune,16.766878,24.640001
2050-10-01,neptune,16.68826,24.693348
2050-11-01,neptune,16.606852,24.748205
2050-12-01,neptune,16.527907,24.801034
2051-01-01,neptune,16.446162,24.855356
2051-02-01,neptune,16.364249,24.909405
2051-03-01,neptune,16.290118,24.95799
2051-04-01,neptune,16.207885,25.01152
2051-05-01,neptune,16.128147,25.063064
2051-06-01,neptune,16.045589,25.116056
2051-07-01,neptune,15.965538,25.167079
2051-08-01,neptune,15.882659,25.219534
2051-09-01,neptune,15.799617,25.271715
2051-10-01,neptune,15.719102,25.321951
2051-11-01,neptune,15.635745,25.373593
2051-12-01,neptune,15.554926,25.423308
2052-01-01,neptune,15.471258,25.47441
2052-02-01,neptune,15.387432,25.525238
2052-03-01,neptune,15.308874,25.572538
2052-04-01,neptune,15.224748,25.622834
2052-05-01,neptune,15.143189,25.671247
2052-06-01,neptune,15.05876,25.721002
2052-07-01,neptune,14.97691,25.768892
2052-08-01,neptune,14.892182,25.818106
2052-09-01,neptune,14.807303,25.867046
2052-10-01,neptune,14.725019,25.914145
2052-11-01,neptune,14.639846,25.962543
2052-12-01,neptune,14.557279,26.009118
2053-01-01,neptune,14.471814,26.056975
2053-02-01,neptune,14.386203,26.104555
2053-03-01,neptune,14.30875,26.147295
2053-04-01,neptune,14.222861,26.194351
2053-05-01,neptune,14.139604,26.239626
2053-06-01,neptune,14.05343,26.286139
2053-07-01,neptune,13.9699,26.330889
2053-08-01,neptune,13.883444,26.376859
2053-09-01,neptune,13.796845,26.422552
2053-10-01,neptune,13.712906,26.466508
2053-11-01,neptune,13.626029,26.511656
2053-12-01,neptune,13.541822,26.555085
2054-01-01,neptune,13.454669,26.599688
2054-02-01,neptune,13.367378,26.644014
2054-03-01,neptune,13.288414,26.683812
2054-04-01,neptune,13.200859,26.72761
2054-05-01,neptune,13.115997,26.76973
2054-06-01,neptune,13.028171,26.81298
2054-07-01,neptune,12.943048,26.85457
2054-08-01,neptune,12.854953,26.897271
2054-09-01,neptune,12.766723,26.939694
2054-10-01,neptune,12.681211,26.980482
2054-11-01,neptune,12.592715,27.022354
2054-12-01,neptune,12.506947,27.062608
2055-01-01,neptune,12.418188,27.103929
2055-02-01,neptune,12.329296,27.144968
2055-03-01,neptune,12.248893,27.181794
2055-04-01,neptune,12.159749,27.222298
2055-05-01,neptune,12.073355,27.261226
2055-06-01,neptune,11.983953,27.301174
2055-07-01,neptune,11.89731,27.339564
2055-08-01,neptune,11.807651,27.378954
2055-09-01,neptune,11.717863,27.41806
2055-10-01,neptune,11.630848,27.455634
2055-11-01,neptune,11.540806,27.494179
2055-12-01,neptune,11.453547,27.53121
2056-01-01,neptune,11.363254,27.569193
2056-02-01,neptune,11.272834,27.606889
2056-03-01,neptune,11.188133,27.641893
2056-04-01,neptune,11.097469,27.679032
2056-05-01,neptune,11.009611,27.714698
2056-06-01,neptune,10.918701,27.751269
2056-07-01,neptune,10.830606,27.786384
2056-08-01,neptune,10.739453,27.822383
2056-09-01,neptune,10.648177,27.858092
2056-10-01,neptune,10.55973,27.89237
2056-11-01,neptune,10.468214,27.927503
2056-12-01,neptune,10.379536,27.961224
2057-01-01,neptune,10.287784,27.995779
2057-02-01,neptune,10.195913,28.03004
2057-03-01,neptune,10.112831,28.060731
2057-04-01,neptune,10.020735,28.094428
2057-05-01,neptune,9.931498,28.126756
2057-06-01,neptune,9.839172,28.159869
2057-07-01,neptune,9.749715,28.191629
2057-08-01,neptune,9.657163,28.224154
2057-09-01,neptune,9.564497,28.256378
2057-10-01,neptune,9.474713,28.287277
2057-11-01,neptune,9.381826,28.318909
2057-12-01,neptune,9.291829,28.349233
2058-01-01,neptune,9.198725,28.38027
2058-02-01,neptune,9.105511,28.411003
2058-03-01,neptune,9.021224,28.4385
2058-04-01,neptune,8.927805,28.468652
2058-05-01,neptune,8.837299,28.497541
2058-06-01,neptune,8.743671,28.527091
2058-07-01,neptune,8.652965,28.555395
2058-08-01,neptune,8.559134,28.584338
2058-09-01,neptune,8.465201,28.612973
2058-10-01,neptune,8.374201,28.64039
2058-11-01,neptune,8.280071,28.668414
2058-12-01,neptune,8.188883,28.695239
2059-01-01,neptune,8.094559,28.722651
2059-02-01,neptune,8.000139,28.74975
2059-03-01,neptune,7.914775,28.773957
2059-04-01,neptune,7.820176,28.80046
2059-05-01,neptune,7.72854,28.825808
2059-06-01,neptune,7.633759,28.851691
2059-07-01,neptune,7.541951,28.876439
2059-08-01,neptune,7.446994,28.9017
2059-09-01,neptune,7.35195,28.926644
2059-10-01,neptune,7.25989,28.950481
2059-11-01,neptune,7.164679,28.9748
2059-12-01,neptune,7.072459,28.998031
2060-01-01,neptune,6.977084,29.021722
2060-02-01,neptune,6.881629,29.045094
2060-03-01,neptune,6.79226,29.066668
2060-04-01,neptune,6.696653,29.089419
2060-05-01,neptune,6.604057,29.111132
2060-06-01,neptune,6.508301,29.133251
2060-07-01,neptune,6.415563,29.154351
2060-08-01,neptune,6.319664,29.175837
2060-09-01,neptune,6.223693,29.197
2060-10-01,neptune,6.130753,29.217173
2060-11-01,neptune,6.034648,29.237701
2060-12-01,neptune,5.94158,29.257259
2061-01-01,neptune,5.845346,29.27715
2061-02-01,neptune,5.749049,29.296717
2061-03-01,neptune,5.662018,29.314111
2061-04-01,neptune,5.565604,29.333061
2061-05-01,neptune,5.472244,29.351091
2061-06-01,neptune,5.375716,29.369402
2061-07-01,neptune,5.282249,29.386813
2061-08-01,neptune,5.185612,29.404485
2061-09-01,neptune,5.088922,29.421831
2061-10-01,neptune,4.995302,29.438309
2061-11-01,neptune,4.898512,29.455016
2061-12-01,neptune,4.804798,29.470875
2062-01-01,neptune,4.707913,29.486942
2062-02-01,neptune,4.610983,29.502685
2062-03-01,neptune,4.523395,29.516624
2062-04-01,neptune,4.426382,29.531748
2062-05-01,neptune,4.332458,29.546075
2062-06-01,neptune,4.235364,29.56056
2062-07-01,neptune,4.141366,29.574269
2062-08-01,neptune,4.044197,29.588115
2062-09-01,neptune,3.946992,29.601637
2062-10-01,neptune,3.852889,29.614415
2062-11-01,neptune,3.755618,29.627299
2062-12-01,neptune,3.661453,29.63946
2063-01-01,neptune,3.564119,29.651708
2063-02-01,neptune,3.466756,29.663633
2063-03-01,neptune,3.378791,29.674126
2063-04-01,neptune,3.281375,29.685437
2063-05-01,neptune,3.187077,29.696076
2063-06-01,neptune,3.089612,29.706753
2063-07-01,neptune,2.995269,29.716779
2063-08-01,neptune,2.897759,29.726823
2063-09-01,neptune,2.800228,29.736546
2063-10-01,neptune,2.705825,29.74565
2063-11-01,neptune,2.608256,29.754742
2063-12-01,neptune,2.513818,29.763237
2064-01-01,neptune,2.416216,29.7717
2064-02-01,neptune,2.318598,29.779843
2064-03-01,neptune,2.227265,29.787173
2064-04-01,neptune,2.129621,29.7947
2064-05-01,neptune,2.035114,29.801682
2064-06-01,neptune,1.937446,29.808583
2064-07-01,neptune,1.842919,29.81496
2064-08-01,neptune,1.745232,29.821238
2064-09-01,neptune,1.647536,29.827199
2064-10-01,neptune,1.552985,29.832666
2064-11-01,neptune,1.455275,29.838006
2064-12-01,neptune,1.360711,29.842873
2065-01-01,neptune,1.262991,29.847592
2065-02-01,neptune,1.165266,29.851996
2065-03-01,neptune,1.076996,29.855704
2065-04-01,neptune,0.979266,29.859511
2065-05-01,neptune,0.884687,29.862896
2065-06-01,neptune,0.786954,29.866086
2065-07-01,neptune,0.692374,29.868875
2065-08-01,neptune,0.594642,29.871449
2065-09-01,neptune,0.496911,29.873712
2065-10-01,neptune,0.402334,29.875604
2065-11-01,neptune,0.304608,29.877253
2065-12-01,neptune,0.210037,29.878552
2066-01-01,neptune,0.112318,29.879588
2066-02-01,neptune,0.014604,29.880313
2066-03-01,neptune,-0.07365,29.880702
2066-04-01,neptune,-0.171353,29.880836
2066-05-01,neptune,-0.265899,29.880671
2066-06-01,neptune,-0.363589,29.880196
2066-07-01,neptune,-0.45812,29.879441
2066-08-01,neptune,-0.555794,29.878356
2066-09-01,neptune,-0.653459,29.876962
2066-10-01,neptune,-0.747964,29.875318
2066-11-01,neptune,-0.845609,29.873316
2066-12-01,neptune,-0.940094,29.871083
2067-01-01,neptune,-1.037717,29.868473
2067-02-01,neptune,-1.135328,29.865554
2067-03-01,neptune,-1.223482,29.862651
2067-04-01,neptune,-1.321068,29.859144
2067-05-01,neptune,-1.415494,29.855457
2067-06-01,neptune,-1.513052,29.851342
2067-07-01,neptune,-1.60745,29.847067
2067-08-01,neptune,-1.704979,29.842345
2067-09-01,neptune,-1.802491,29.837315
2067-10-01,neptune,-1.896842,29.832153
2067-11-01,neptune,-1.994321,29.826515
2067-12-01,neptune,-2.088638,29.820765
2068-01-01,neptune,-2.186081,29.814519
2068-02-01,neptune,-2.283505,29.807964
2068-03-01,neptune,-2.374625,29.801553
2068-04-01,neptune,-2.47201,29.794399
2068-05-01,neptune,-2.566233,29.787182
2068-06-01,neptune,-2.663575,29.77942
2068-07-01,neptune,-2.757756,29.771613
2068-08-01,neptune,-2.855053,29.763241
2068-09-01,neptune,-2.952326,29.754559
2068-10-01,neptune,-3.046438,29.745861
2068-11-01,neptune,-3.143662,29.736568
2068-12-01,neptune,-3.237724,29.727279
2069-01-01,neptune,-3.334896,29.717374
2069-02-01,neptune,-3.43204,29.707158
2069-03-01,neptune,-3.519758,29.697663
2069-04-01,neptune,-3.616847,29.686854
2069-05-01,neptune,-3.710775,29.676097
2069-06-01,neptune,-3.807804,29.664674
2069-07-01,neptune,-3.901672,29.653323
2069-08-01,neptune,-3.998637,29.641285
2069-09-01,neptune,-4.095569,29.628934
2069-10-01,neptune,-4.189341,29.616683
2069-11-01,neptune,-4.286204,29.603716
2069-12-01,neptune,-4.379907,29.590868
2070-01-01,neptune,-4.476697,29.577283
2070-02-01,neptune,-4.573448,29.563383
2070-03-01,neptune,-4.660803,29.550559
2070-04-01,neptune,-4.757478,29.53606
2070-05-01,neptune,-4.850996,29.52173
2070-06-01,neptune,-4.947588,29.506612
2070-07-01,neptune,-5.041024,29.49168
2070-08-01,neptune,-5.13753,29.475941
2070-09-01,neptune,-5.23399,29.459886
2070-10-01,neptune,-5.327293,29.444047
2070-11-01,neptune,-5.423659,29.42737
2070-12-01,neptune,-5.51687,29.410929
2071-01-01,neptune,-5.613138,29.393628
2071-02-01,neptune,-5.709354,29.37601
2071-03-01,neptune,-5.796214,29.359825
2071-04-01,neptune,-5.892328,29.341604
2071-05-01,neptune,-5.985289,29.323668
2071-06-01,neptune,-6.081293,29.304823
2071-07-01,neptune,-6.174144,29.286282
2071-08-01,neptune,-6.270033,29.266812
2071-09-01,neptune,-6.365861,29.247024
2071-10-01,neptune,-6.458538,29.227571
2071-11-01,neptune,-6.554243,29.207157
2071-12-01,neptune,-6.646799,29.1871
2072-01-01,neptune,-6.742375,29.166061
2072-02-01,neptune,-6.837884,29.144704
2072-03-01,neptune,-6.927169,29.124438
2072-04-01,neptune,-7.022543,29.102467
2072-05-01,neptune,-7.114773,29.080902
2072-06-01,neptune,-7.210005,29.058306
2072-07-01,neptune,-7.302095,29.036137
2072-08-01,neptune,-7.39718,29.012916
2072-09-01,neptune,-7.492188,28.989379
2072-10-01,neptune,-7.584056,28.9663
2072-11-01,neptune,-7.678908,28.942139
2072-12-01,neptune,-7.770623,28.918457
2073-01-01,neptune,-7.865313,28.893675
2073-02-01,neptune,-7.95992,28.868577
2073-03-01,neptune,-8.045297,28.845636
2073-04-01,neptune,-8.139739,28.819938
2073-05-01,neptune,-8.23105,28.794769
2073-06-01,neptune,-8.325317,28.768452
2073-07-01,neptune,-8.416457,28.742685
2073-08-01,neptune,-8.510543,28.71575
2073-09-01,neptune,-8.604535,28.688503
2073-10-01,neptune,-8.695404,28.661836
2073-11-01,neptune,-8.789208,28.633974
2073-12-01,neptune,-8.879892,28.606713
2074-01-01,neptune,-8.973501,28.578238
2074-02-01,neptune,-9.067009,28.549452
2074-03-01,neptune,-9.15138,28.523186
2074-04-01,neptune,-9.244693,28.49381
2074-05-01,neptune,-9.334896,28.465089
2074-06-01,neptune,-9.428002,28.435106
2074-07-01,neptune,-9.518002,28.405798
2074-08-01,neptune,-9.610895,28.375211
2074-09-01,neptune,-9.703679,28.344317
2074-10-01,neptune,-9.793364,28.314129
2074-11-01,neptune,-9.885928,28.282635
2074-12-01,neptune,-9.975398,28.251868
2075-01-01,neptune,-10.067738,28.219776
2075-02-01,neptune,-10.159962,28.187381
2075-03-01,neptune,-10.243161,28.157862
2075-04-01,neptune,-10.335162,28.124894
2075-05-01,neptune,-10.424082,28.092702
2075-06-01,neptune,-10.515847,28.059143
2075-07-01,neptune,-10.604537,28.026383
2075-08-01,neptune,-10.696063,27.992236
2075-09-01,neptune,-10.787466,27.957793
2075-10-01,neptune,-10.875802,27.924178
2075-11-01,neptune,-10.966959,27.889152
2075-12-01,neptune,-11.055056,27.854976
2076-01-01,neptune,-11.145964,27.819371
2076-02-01,neptune,-11.236744,27.783472
2076-03-01,neptune,-11.32155,27.749626
2076-04-01,neptune,-11.41208,27.713163
2076-05-01,neptune,-11.499565,27.677599
2076-06-01,neptune,-11.589837,27.640565
2076-07-01,neptune,-11.67707,27.604451
2076-08-01,neptune,-11.767081,27.566849
2076-09-01,neptune,-11.856957,27.52896
2076-10-01,neptune,-11.943807,27.492021
2076-11-01,neptune,-12.033418,27.453569
2076-12-01,neptune,-12.120008,27.416087
2077-01-01,neptune,-12.209351,27.377075
2077-02-01,neptune,-12.298556,27.337781
2077-03-01,neptune,-12.37901,27.302047
2077-04-01,neptune,-12.467951,27.262215
2077-05-01,neptune,-12.553891,27.223402
2077-06-01,neptune,-12.642558,27.183019
2077-07-01,neptune,-12.728231,27.143673
2077-08-01,neptune,-12.81662,27.102741
2077-09-01,neptune,-12.904868,27.061532
2077-10-01,neptune,-12.990134,27.021388
2077-11-01,neptune,-13.078102,26.979634
2077-12-01,neptune,-13.163095,26.938964
2078-01-01,neptune,-13.250781,26.896668
2078-02-01,neptune,-13.338321,26.854098
2078-03-01,neptune,-13.417266,26.815412
2078-04-01,neptune,-13.504531,26.772322
2078-05-01,neptune,-13.588842,26.730362
2078-06-01,neptune,-13.67582,26.686736
2078-07-01,neptune,-13.759852,26.64426
2078-08-01,neptune,-13.846541,26.600101
2078-09-01,neptune,-13.933083,26.555672
2078-10-01,neptune,-14.016691,26.512419
2078-11-01,neptune,-14.102941,26.46746
2078-12-01,neptune,-14.186267,26.423696
2079-01-01,neptune,-14.272224,26.378209
2079-02-01,neptune,-14.358031,26.332455
2079-03-01,neptune,-14.435405,26.290899
2079-04-01,neptune,-14.520926,26.244637
2079-05-01,neptune,-14.603544,26.199614
2079-06-01,neptune,-14.688768,26.152828
2079-07-01,neptune,-14.771098,26.107299
2079-08-01,neptune,-14.856023,26.059992
2079-09-01,neptune,-14.940795,26.01242
2079-10-01,neptune,-15.022687,25.96613
2079-11-01,neptune,-15.107157,25.918038
2079-12-01,neptune,-15.188756,25.871247
2080-01-01,neptune,-15.272923,25.822636
2080-02-01,neptune,-15.356935,25.773763
2080-03-01,neptune,-15.435387,25.727804
2080-04-01,neptune,-15.519097,25.678422
2080-05-01,neptune,-15.599959,25.630383
2080-06-01,neptune,-15.683362,25.580485
2080-07-01,neptune,-15.763924,25.531948
2080-08-01,neptune,-15.847017,25.481535
2080-09-01,neptune,-15.929951,25.43086
2080-10-01,neptune,-16.010058,25.381571
2080-11-01,neptune,-16.092678,25.330383
2080-12-01,neptune,-16.172481,25.280597
2081-01-01,neptune,-16.254786,25.228896
2081-02-01,neptune,-16.336929,25.176933
2081-03-01,neptune,-16.410983,25.129776
2081-04-01,neptune,-16.492817,25.077318
2081-05-01,neptune,-16.571856,25.026304
2081-06-01,neptune,-16.653368,24.973335
2081-07-01,neptune,-16.732093,24.921826
2081-08-01,neptune,-16.81328,24.868345
2081-09-01,neptune,-16.894301,24.814605
2081-10-01,neptune,-16.972549,24.762351
2081-11-01,neptune,-17.05324,24.708099
2081-12-01,neptune,-17.131168,24.655352
2082-01-01,neptune,-17.211527,24.600591
2082-02-01,neptune,-17.291715,24.54557
2082-03-01,neptune,-17.363996,24.495652
2082-04-01,neptune,-17.443859,24.44014
2082-05-01,neptune,-17.52098,24.386172
2082-06-01,neptune,-17.600501,24.330151
2082-07-01,neptune,-17.677291,24.275691
2082-08-01,neptune,-17.756468,24.219162
2082-09-01,neptune,-17.835468,24.162375
2082-10-01,neptune,-17.911751,24.107175
2082-11-01,neptune,-17.990402,24.049881
2082-12-01,neptune,-18.066344,23.99419
2083-01-01,neptune,-18.14464,23.93639
2083-02-01,neptune,-18.222755,23.878334
2083-03-01,neptune,-18.293153,23.825675
2083-04-01,neptune,-18.370919,23.76713
2083-05-01,neptune,-18.446001,23.71023
2083-06-01,neptune,-18.523403,23.651182
2083-07-01,neptune,-18.59813,23.593795
2083-08-01,neptune,-18.675164,23.534245
2083-09-01,neptune,-18.752008,23.474439
2083-10-01,neptune,-18.826192,23.416321
2083-11-01,neptune,-18.902661,23.356015
2083-12-01,neptune,-18.97648,23.297414
2084-01-01,neptune,-19.05257,23.236609
2084-02-01,neptune,-19.128464,23.175552
2084-03-01,neptune,-19.199285,23.118206
2084-04-01,neptune,-19.274799,23.056661
2084-05-01,neptune,-19.347688,22.996862
2084-06-01,neptune,-19.422811,22.934823
2084-07-01,neptune,-19.495319,22.874546
2084-08-01,neptune,-19.570046,22.812015
2084-09-01,neptune,-19.64457,22.749235
2084-10-01,neptune,-19.716495,22.688243
2084-11-01,neptune,-19.790616,22.624974
2084-12-01,neptune,-19.862149,22.563511
2085-01-01,neptune,-19.935861,22.499756
2085-02-01,neptune,-20.009365,22.435755
2085-03-01,neptune,-20.075575,22.377738
2085-04-01,neptune,-20.148678,22.313271
2085-05-01,neptune,-20.21922,22.250652
2085-06-01,neptune,-20.291904,22.185706
2085-07-01,neptune,-20.362038,22.122625
2085-08-01,neptune,-20.434298,22.057203
2085-09-01,neptune,-20.506341,21.991541
2085-10-01,neptune,-20.575852,21.927769
2085-11-01,neptune,-20.647464,21.861636
2085-12-01,neptune,-20.716556,21.79741
2086-01-01,neptune,-20.787733,21.73081
2086-02-01,neptune,-20.858687,21.663974
2086-03-01,neptune,-20.922582,21.603404
2086-04-01,neptune,-20.99311,21.536122
2086-05-01,neptune,-21.061147,21.470787
2086-06-01,neptune,-21.131229,21.403047
2086-07-01,neptune,-21.198834,21.337272
2086-08-01,neptune,-21.268467,21.269077
2086-09-01,neptune,-21.33787,21.200654
2086-10-01,neptune,-21.404814,21.134221
2086-11-01,neptune,-21.473762,21.06535
2086-12-01,neptune,-21.540264,20.998486
2087-01-01,neptune,-21.608753,20.929172
2087-02-01,neptune,-21.677007,20.859634
2087-03-01,neptune,-21.738454,20.796634
2087-04-01,neptune,-21.80626,20.726674
2087-05-01,neptune,-21.871653,20.658761
2087-06-01,neptune,-21.938992,20.588369
2087-07-01,neptune,-22.003931,20.52004
2087-08-01,neptune,-22.0708,20.44922
2087-09-01,neptune,-22.137428,20.378184
2087-10-01,neptune,-22.201678,20.309236
2087-11-01,neptune,-22.267832,20.237779
2087-12-01,neptune,-22.331621,20.168426
2088-01-01,neptune,-22.397298,20.096554
2088-02-01,neptune,-22.462731,20.024471
2088-03-01,neptune,-22.523722,19.956851
2088-04-01,neptune,-22.588682,19.884366
2088-05-01,neptune,-22.651313,19.814023
2088-06-01,neptune,-22.71579,19.741134
2088-07-01,neptune,-22.777953,19.670402
2088-08-01,neptune,-22.841945,19.597113
2088-09-01,neptune,-22.905689,19.523623
2088-10-01,neptune,-22.967142,19.452312
2088-11-01,neptune,-23.030399,19.378428
2088-12-01,neptune,-23.091378,19.30674
2089-01-01,neptune,-23.154145,19.232468
2089-02-01,neptune,-23.216663,19.158
2089-03-01,neptune,-23.272916,19.090572
2089-04-01,neptune,-23.334958,19.015734
2089-05-01,neptune,-23.39476,18.943128
2089-06-01,neptune,-23.456309,18.867913
2089-07-01,neptune,-23.515634,18.794944
2089-08-01,neptune,-23.576688,18.719356
2089-09-01,neptune,-23.637491,18.64358
2089-10-01,neptune,-23.696093,18.57007
2089-11-01,neptune,-23.7564,18.493926
2089-12-01,neptune,-23.814522,18.420063
2090-01-01,neptune,-23.874332,18.343556
2090-02-01,neptune,-23.93389,18.266866
2090-03-01,neptune,-23.987467,18.197442
2090-04-01,neptune,-24.046543,18.120406
2090-05-01,neptune,-24.103472,18.045684
2090-06-01,neptune,-24.16205,17.968295
2090-07-01,neptune,-24.218496,17.893232
2090-08-01,neptune,-24.276574,17.815492
2090-09-01,neptune,-24.334399,17.737575
2090-10-01,neptune,-24.390116,17.662005
2090-11-01,neptune,-24.44744,17.583743
2090-12-01,neptune,-24.502673,17.50784
2091-01-01,neptune,-24.559496,17.429236
2091-02-01,neptune,-24.616065,17.350459
2091-03-01,neptune,-24.66694,17.279158
2091-04-01,neptune,-24.723024,17.200055
2091-05-01,neptune,-24.777056,17.123341
2091-06-01,neptune,-24.832638,17.043903
2091-07-01,neptune,-24.886183,16.966867
2091-08-01,neptune,-24.941263,16.887097
2091-09-01,neptune,-24.996086,16.807159
2091-10-01,neptune,-25.048897,16.72964
2091-11-01,neptune,-25.103217,16.649374
2091-12-01,neptune,-25.155541,16.57154
2092-01-01,neptune,-25.209357,16.490948
2092-02-01,neptune,-25.262916,16.410191
2092-03-01,neptune,-25.312788,16.334496
2092-04-01,neptune,-25.36585,16.253422
2092-05-01,neptune,-25.416956,16.174808
2092-06-01,neptune,-25.469512,16.093414
2092-07-01,neptune,-25.520127,16.014492
2092-08-01,neptune,-25.572176,15.932779
2092-09-01,neptune,-25.623967,15.850906
2092-10-01,neptune,-25.673841,15.771521
2092-11-01,neptune,-25.725123,15.689332
2092-12-01,neptune,-25.774504,15.609643
2093-01-01,neptune,-25.825276,15.527141
2093-02-01,neptune,-25.875789,15.444481
2093-03-01,neptune,-25.921189,15.369683
2093-04-01,neptune,-25.971207,15.286722
2093-05-01,neptune,-26.019362,15.206287
2093-06-01,neptune,-26.068866,15.123017
2093-07-01,neptune,-26.116524,15.042284
2093-08-01,neptune,-26.165513,14.958707
2093-09-01,neptune,-26.214239,14.874974
2093-10-01,neptune,-26.261143,14.793794
2093-11-01,neptune,-26.309352,14.709756
2093-12-01,neptune,-26.355754,14.628283
2094-01-01,neptune,-26.403443,14.543942
2094-02-01,neptune,-26.450867,14.459448
2094-03-01,neptune,-26.493474,14.383
2094-04-01,neptune,-26.540392,14.298215
2094-05-01,neptune,-26.585543,14.216021
2094-06-01,neptune,-26.631936,14.130938
2094-07-01,neptune,-26.676577,14.048456
2094-08-01,neptune,-26.722443,13.963076
2094-09-01,neptune,-26.76804,13.877547
2094-10-01,neptune,-26.811908,13.794634
2094-11-01,neptune,-26.856974,13.70881
2094-12-01,neptune,-26.900327,13.625614
2095-01-01,neptune,-26.944858,13.539499
2095-02-01,neptune,-26.989117,13.453237
2095-03-01,neptune,-27.028858,13.375196
2095-04-01,neptune,-27.072596,13.288655
2095-05-01,neptune,-27.114661,13.204767
2095-06-01,neptune,-27.157858,13.117939
2095-07-01,neptune,-27.199399,13.033775
2095-08-01,neptune,-27.242051,12.946664
2095-09-01,neptune,-27.284426,12.85941
2095-10-01,neptune,-27.325169,12.774835
2095-11-01,neptune,-27.366995,12.687301
2095-12-01,neptune,-27.407206,12.602457
2096-01-01,neptune,-27.44848,12.514647
2096-02-01,neptune,-27.489472,12.426696
2096-03-01,neptune,-27.527564,12.344295
2096-04-01,neptune,-27.568009,12.256077
2096-05-01,neptune,-27.606878,12.170574
2096-06-01,neptune,-27.646763,12.082087
2096-07-01,neptune,-27.685089,11.996325
2096-08-01,neptune,-27.72441,11.907572
2096-09-01,neptune,-27.763444,11.818685
2096-10-01,neptune,-27.800944,11.732539
2096-11-01,neptune,-27.839409,11.643392
2096-12-01,neptune,-27.876358,11.556995
2097-01-01,neptune,-27.914252,11.467591
2097-02-01,neptune,-27.951855,11.378058
2097-03-01,neptune,-27.985567,11.297079
2097-04-01,neptune,-28.022612,11.207304
2097-05-01,neptune,-28.058182,11.120304
2097-06-01,neptune,-28.094648,11.030281
2097-07-01,neptune,-28.129657,10.943045
2097-08-01,neptune,-28.165541,10.85278
2097-09-01,neptune,-28.201127,10.762393
2097-10-01,neptune,-28.235283,10.674808
2097-11-01,neptune,-28.270283,10.584185
2097-12-01,neptune,-28.303869,10.496374
2098-01-01,neptune,-28.338279,10.405521
2098-02-01,neptune,-28.372389,10.314552
2098-03-01,neptune,-28.40294,10.232288
2098-04-01,neptune,-28.436476,10.141102
2098-05-01,neptune,-28.468642,10.052752
2098-06-01,neptune,-28.501582,9.961347
2098-07-01,neptune,-28.533171,9.872787
2098-08-01,neptune,-28.565513,9.781169
2098-09-01,neptune,-28.59755,9.689444
2098-10-01,neptune,-28.628263,9.600577
2098-11-01,neptune,-28.659699,9.508646
2098-12-01,neptune,-28.689829,9.419583
2099-01-01,neptune,-28.720661,9.327451
2099-02-01,neptune,-28.751186,9.235219
2099-03-01,neptune,-28.778493,9.151828
2099-04-01,neptune,-28.808431,9.05941
2099-05-01,neptune,-28.837111,8.969882
2099-06-01,neptune,-28.866442,8.877277
2099-07-01,neptune,-28.894533,8.78757
2099-08-01,neptune,-28.923255,8.694783
2099-09-01,neptune,-28.951668,8.601905
2099-10-01,neptune,-28.978868,8.511939
2099-11-01,neptune,-29.00667,8.418888
2099-12-01,neptune,-29.033279,8.328757
2100-01-01,neptune,-29.06047,8.235538
2100-02-01,neptune,-29.087349,8.142236
2100-03-01,neptune,-29.11136,8.057893
2100-04-01,neptune,-29.137646,7.964436
2100-05-01,neptune,-29.162789,7.873919
2100-06-01,neptune,-29.188463,7.780308
2100-07-01,neptune,-29.213011,7.689644
2100-08-01,neptune,-29.238072,7.595884
2100-09-01,neptune,-29.262821,7.502051
2100-10-01,neptune,-29.286474,7.411175
2100-11-01,neptune,-29.31061,7.317201
2100-12-01,neptune,-29.333669,7.226192
